timestamp,intersection_id,vehicle_count,traffic_density,queue_length,average_speed,waiting_time,time_of_day,weather,is_peak_hour,optimal_green_time
2026-08-14 14:08:14,Junction C,54,0.27,15,31.2,28.6,14:08,Sunny,0,46
2026-08-14 14:18:14,Junction B,27,0.135,6,28.5,10.6,14:18,Rainy,0,32
2026-08-14 14:28:14,Junction F,49,0.245,10,47.7,20.8,14:28,Sunny,0,39
2026-08-14 14:38:14,Junction C,21,0.105,6,34.3,8.1,14:38,Sunny,0,35
2026-08-14 14:48:14,Junction C,39,0.195,16,33.8,26.3,14:48,Sunny,0,39
2026-08-14 14:58:14,Junction A,31,0.155,11,33.1,19.8,14:58,Sunny,0,37
2026-08-14 15:08:14,Junction B,37,0.185,8,30.6,12.2,15:08,Sunny,0,36
2026-08-14 15:18:14,Junction A,46,0.23,19,30.6,34.9,15:18,Sunny,0,45
2026-08-14 15:28:14,Junction B,22,0.11,8,31.9,13.1,15:28,Sunny,0,34
2026-08-14 15:38:14,Junction A,70,0.35,19,26.8,35.0,15:38,Sunny,0,49
2026-08-14 15:48:14,Junction B,14,0.07,4,36.6,6.3,15:48,Sunny,0,28
2026-08-14 15:58:14,Junction F,56,0.28,18,47.6,30.2,15:58,Sunny,0,45
2026-08-14 16:08:14,Junction D,40,0.2,10,33.7,20.2,16:08,Sunny,0,36
2026-08-14 16:18:14,Junction A,56,0.28,15,25.1,27.3,16:18,Foggy,0,47
2026-08-14 16:28:14,Junction D,32,0.16,10,27.0,19.4,16:28,Rainy,0,37
2026-08-14 16:38:14,Junction C,61,0.305,28,24.2,45.0,16:38,Rainy,0,51
2026-08-14 16:48:14,Junction F,52,0.26,22,42.6,35.4,16:48,Foggy,0,50
2026-08-14 16:58:14,Junction B,30,0.15,7,30.1,15.0,16:58,Foggy,0,35
2026-08-14 17:08:14,Junction F,102,0.51,39,44.3,65.4,17:08,Sunny,1,76
2026-08-14 17:18:14,Junction A,82,0.41,17,24.1,28.8,17:18,Cloudy,1,60
2026-08-14 17:28:14,Junction E,44,0.22,8,32.9,17.5,17:28,Sunny,1,50
2026-08-14 17:38:14,Junction B,72,0.36,25,27.0,42.2,17:38,Sunny,1,61
2026-08-14 17:48:14,Junction A,99,0.495,23,24.3,40.1,17:48,Cloudy,1,66
2026-08-14 17:58:14,Junction D,67,0.335,20,29.0,34.0,17:58,Sunny,1,60
2026-08-14 18:08:14,Junction C,71,0.355,28,25.2,48.0,18:08,Cloudy,1,66
2026-08-14 18:18:14,Junction A,98,0.49,42,23.7,67.5,18:18,Sunny,1,78
2026-08-14 18:28:14,Junction B,46,0.23,20,25.0,34.1,18:28,Rainy,1,55
2026-08-14 18:38:14,Junction A,139,0.695,51,14.7,85.0,18:38,Rainy,1,89
2026-08-14 18:48:14,Junction A,126,0.63,43,16.4,74.6,18:48,Foggy,1,82
2026-08-14 18:58:14,Junction C,114,0.57,26,21.2,45.6,18:58,Sunny,1,70
2026-08-14 19:08:14,Junction A,126,0.63,26,17.7,48.2,19:08,Cloudy,1,77
2026-08-14 19:18:14,Junction F,126,0.63,28,39.6,50.0,19:18,Sunny,1,76
2026-08-14 19:28:14,Junction A,146,0.73,38,17.0,70.9,19:28,Sunny,1,87
2026-08-14 19:38:14,Junction E,52,0.26,13,31.4,23.4,19:38,Sunny,1,54
2026-08-14 19:48:14,Junction B,99,0.495,50,19.8,81.7,19:48,Rainy,1,80
2026-08-14 19:58:14,Junction F,119,0.595,40,32.7,71.4,19:58,Rainy,1,83
2026-08-14 20:08:14,Junction E,18,0.09,8,30.1,13.4,20:08,Rainy,0,33
2026-08-14 20:18:14,Junction F,51,0.255,17,47.4,27.1,20:18,Sunny,0,46
2026-08-14 20:28:14,Junction D,39,0.195,12,30.2,18.8,20:28,Cloudy,0,41
2026-08-14 20:38:14,Junction D,65,0.325,25,28.3,42.5,20:38,Sunny,0,52
2026-08-14 20:48:14,Junction B,12,0.06,3,35.9,5.0,20:48,Sunny,0,29
2026-08-14 20:58:14,Junction F,25,0.125,8,53.4,12.1,20:58,Sunny,0,36
2026-08-14 21:08:14,Junction B,27,0.135,7,35.8,11.7,21:08,Sunny,0,33
2026-08-14 21:18:14,Junction A,70,0.35,20,28.3,37.4,21:18,Sunny,0,48
2026-08-14 21:28:14,Junction B,35,0.175,7,29.9,13.4,21:28,Sunny,0,38
2026-08-14 21:38:14,Junction F,47,0.235,12,44.0,23.2,21:38,Rainy,0,38
2026-08-14 21:48:14,Junction B,20,0.1,8,33.8,15.5,21:48,Sunny,0,31
2026-08-14 21:58:14,Junction A,52,0.26,18,31.1,31.8,21:58,Sunny,0,44
2026-08-14 22:08:14,Junction E,40,0.2,11,32.5,16.8,22:08,Sunny,0,36
2026-08-14 22:18:14,Junction B,26,0.13,13,29.0,23.3,22:18,Rainy,0,39
2026-08-14 22:28:14,Junction C,30,0.15,7,34.0,14.3,22:28,Sunny,0,37
2026-08-14 22:38:14,Junction E,20,0.1,7,35.3,11.0,22:38,Sunny,0,34
2026-08-14 22:48:14,Junction C,64,0.32,20,24.8,34.6,22:48,Rainy,0,51
2026-08-14 22:58:14,Junction D,66,0.33,24,27.1,40.5,22:58,Sunny,0,48
2026-08-14 23:08:14,Junction D,62,0.31,21,24.2,34.2,23:08,Foggy,0,50
2026-08-14 23:18:14,Junction A,83,0.415,21,25.9,40.5,23:18,Cloudy,0,52
2026-08-14 23:28:14,Junction B,32,0.16,13,32.9,24.8,23:28,Cloudy,0,40
2026-08-14 23:38:14,Junction E,50,0.25,14,30.4,26.9,23:38,Sunny,0,45
2026-08-14 23:48:14,Junction B,46,0.23,9,32.7,14.2,23:48,Sunny,0,38
2026-08-14 23:58:14,Junction F,87,0.435,21,43.2,39.4,23:58,Sunny,0,55
2026-08-15 00:08:14,Junction C,29,0.145,12,33.0,17.9,00:08,Sunny,0,37
2026-08-15 00:18:14,Junction E,9,0.045,2,38.0,5.0,00:18,Sunny,0,26
2026-08-15 00:28:14,Junction C,69,0.345,27,22.3,44.1,00:28,Rainy,0,51
2026-08-15 00:38:14,Junction E,43,0.215,18,27.6,28.3,00:38,Rainy,0,43
2026-08-15 00:48:14,Junction E,5,0.025,2,38.0,5.0,00:48,Sunny,0,28
2026-08-15 00:58:14,Junction B,48,0.24,14,32.0,27.3,00:58,Sunny,0,40
2026-08-15 01:08:14,Junction E,22,0.11,8,34.6,14.9,01:08,Cloudy,0,31
2026-08-15 01:18:14,Junction C,26,0.13,11,35.0,19.6,01:18,Sunny,0,36
2026-08-15 01:28:14,Junction A,44,0.22,11,31.0,17.9,01:28,Sunny,0,40
2026-08-15 01:38:14,Junction C,49,0.245,12,27.9,24.1,01:38,Sunny,0,39
2026-08-15 01:48:14,Junction A,72,0.36,16,25.0,32.3,01:48,Sunny,0,52
2026-08-15 01:58:14,Junction C,37,0.185,13,26.7,20.8,01:58,Rainy,0,36
2026-08-15 02:08:14,Junction E,30,0.15,9,31.0,17.4,02:08,Sunny,0,37
2026-08-15 02:18:14,Junction A,45,0.225,19,29.8,34.7,02:18,Cloudy,0,44
2026-08-15 02:28:14,Junction A,29,0.145,10,33.8,20.0,02:28,Cloudy,0,36
2026-08-15 02:38:14,Junction E,44,0.22,20,28.4,34.5,02:38,Rainy,0,46
2026-08-15 02:48:14,Junction C,56,0.28,16,31.5,27.1,02:48,Sunny,0,42
2026-08-15 02:58:14,Junction B,23,0.115,6,35.1,12.8,02:58,Sunny,0,31
2026-08-15 03:08:14,Junction E,17,0.085,5,32.6,10.5,03:08,Sunny,0,29
2026-08-15 03:18:14,Junction D,36,0.18,10,28.5,18.2,03:18,Rainy,0,39
2026-08-15 03:28:14,Junction C,59,0.295,30,24.5,49.0,03:28,Rainy,0,50
2026-08-15 03:38:14,Junction F,40,0.2,11,52.4,20.0,03:38,Sunny,0,38
2026-08-15 03:48:14,Junction D,55,0.275,21,31.5,33.4,03:48,Sunny,0,49
2026-08-15 03:58:14,Junction B,48,0.24,17,29.6,27.1,03:58,Cloudy,0,42
2026-08-15 04:08:14,Junction B,25,0.125,8,32.4,16.0,04:08,Sunny,0,32
2026-08-15 04:18:14,Junction F,58,0.29,14,49.4,27.4,04:18,Sunny,0,44
2026-08-15 04:28:14,Junction E,31,0.155,13,31.0,19.6,04:28,Sunny,0,35
2026-08-15 04:38:14,Junction D,32,0.16,10,34.1,16.5,04:38,Cloudy,0,38
2026-08-15 04:48:14,Junction B,5,0.025,1,35.4,5.0,04:48,Cloudy,0,27
2026-08-15 04:58:14,Junction D,23,0.115,7,33.3,13.9,04:58,Sunny,0,33
2026-08-15 05:08:14,Junction B,27,0.135,7,29.7,9.6,05:08,Rainy,0,34
2026-08-15 05:18:14,Junction B,20,0.1,8,33.8,15.9,05:18,Sunny,0,36
2026-08-15 05:28:14,Junction A,72,0.36,26,28.2,43.0,05:28,Sunny,0,55
2026-08-15 05:38:14,Junction B,44,0.22,12,26.8,23.5,05:38,Rainy,0,43
2026-08-15 05:48:14,Junction C,45,0.225,17,28.2,28.2,05:48,Foggy,0,44
2026-08-15 05:58:14,Junction B,49,0.245,14,29.7,24.0,05:58,Sunny,0,44
2026-08-15 06:08:14,Junction C,47,0.235,13,32.0,22.1,06:08,Cloudy,0,39
2026-08-15 06:18:14,Junction C,65,0.325,26,28.1,42.4,06:18,Sunny,0,53
2026-08-15 06:28:14,Junction A,39,0.195,16,26.2,26.8,06:28,Rainy,0,44
2026-08-15 06:38:14,Junction E,11,0.055,3,35.8,8.1,06:38,Sunny,0,27
2026-08-15 06:48:14,Junction E,44,0.22,13,32.2,22.4,06:48,Sunny,0,39
2026-08-15 06:58:14,Junction A,69,0.345,23,25.2,39.5,06:58,Cloudy,0,51
2026-08-15 07:08:14,Junction A,24,0.12,7,31.8,14.0,07:08,Sunny,0,36
2026-08-15 07:18:14,Junction B,44,0.22,14,32.7,22.9,07:18,Sunny,0,40
2026-08-15 07:28:14,Junction F,67,0.335,15,39.7,27.0,07:28,Rainy,0,50
2026-08-15 07:38:14,Junction C,12,0.06,3,36.2,5.0,07:38,Sunny,0,31
2026-08-15 07:48:14,Junction D,70,0.35,26,27.0,46.6,07:48,Sunny,0,51
2026-08-15 07:58:14,Junction D,42,0.21,12,32.8,20.0,07:58,Cloudy,0,40
2026-08-15 08:08:14,Junction D,88,0.44,31,22.1,51.4,08:08,Cloudy,1,68
2026-08-15 08:18:14,Junction F,105,0.525,32,41.8,53.5,08:18,Sunny,1,73
2026-08-15 08:28:14,Junction A,96,0.48,42,20.6,71.4,08:28,Sunny,1,75
2026-08-15 08:38:14,Junction D,118,0.59,33,17.9,56.1,08:38,Sunny,1,75
2026-08-15 08:48:14,Junction E,87,0.435,32,23.0,55.0,08:48,Sunny,1,67
2026-08-15 08:58:14,Junction C,96,0.48,33,19.5,58.7,08:58,Rainy,1,75
2026-08-15 09:08:14,Junction A,84,0.42,28,20.7,48.9,09:08,Foggy,1,70
2026-08-15 09:18:14,Junction E,73,0.365,18,28.3,34.6,09:18,Cloudy,1,59
2026-08-15 09:28:14,Junction C,65,0.325,14,27.0,25.9,09:28,Cloudy,1,53
2026-08-15 09:38:14,Junction D,114,0.57,29,20.4,52.0,09:38,Sunny,1,75
2026-08-15 09:48:14,Junction A,76,0.38,18,28.0,32.4,09:48,Cloudy,1,62
2026-08-15 09:58:14,Junction C,98,0.49,36,23.1,61.9,09:58,Sunny,1,78
2026-08-15 10:08:14,Junction A,134,0.67,41,18.1,74.1,10:08,Sunny,1,86
2026-08-15 10:18:14,Junction F,117,0.585,51,32.4,85.3,10:18,Rainy,1,84
2026-08-15 10:28:14,Junction B,71,0.355,26,25.9,46.2,10:28,Sunny,1,63
2026-08-15 10:38:14,Junction F,133,0.665,49,36.4,84.0,10:38,Sunny,1,90
2026-08-15 10:48:14,Junction A,124,0.62,52,17.2,88.5,10:48,Sunny,1,89
2026-08-15 10:58:14,Junction D,108,0.54,38,20.4,64.0,10:58,Sunny,1,76
2026-08-15 11:08:14,Junction E,19,0.095,4,32.8,5.3,11:08,Sunny,0,33
2026-08-15 11:18:14,Junction F,38,0.19,16,52.2,28.3,11:18,Sunny,0,39
2026-08-15 11:28:14,Junction C,38,0.19,8,27.7,17.6,11:28,Rainy,0,37
2026-08-15 11:38:14,Junction D,67,0.335,18,23.7,33.1,11:38,Foggy,0,46
2026-08-15 11:48:14,Junction C,52,0.26,17,31.4,29.9,11:48,Sunny,0,45
2026-08-15 11:58:14,Junction A,62,0.31,19,25.3,33.3,11:58,Rainy,0,47
2026-08-15 12:08:14,Junction C,45,0.225,12,33.0,23.5,12:08,Sunny,0,40
2026-08-15 12:18:14,Junction F,44,0.22,8,51.6,13.5,12:18,Cloudy,0,38
2026-08-15 12:28:14,Junction E,30,0.15,12,27.7,20.5,12:28,Rainy,0,39
2026-08-15 12:38:14,Junction A,80,0.4,31,24.4,54.8,12:38,Sunny,0,60
2026-08-15 12:48:14,Junction B,5,0.025,1,35.5,5.0,12:48,Sunny,0,27
2026-08-15 12:58:14,Junction C,28,0.14,9,33.0,13.0,12:58,Cloudy,0,36
2026-08-15 13:08:14,Junction A,60,0.3,15,30.2,27.6,13:08,Sunny,0,47
2026-08-15 13:18:14,Junction B,29,0.145,9,26.2,18.5,13:18,Rainy,0,33
2026-08-15 13:28:14,Junction E,29,0.145,6,33.6,10.1,13:28,Cloudy,0,32
2026-08-15 13:38:14,Junction F,44,0.22,17,51.9,29.8,13:38,Cloudy,0,43
2026-08-15 13:48:14,Junction C,31,0.155,13,34.1,19.4,13:48,Sunny,0,41
2026-08-15 13:58:14,Junction E,31,0.155,13,34.6,19.8,13:58,Sunny,0,37
2026-08-15 14:08:14,Junction E,47,0.235,19,30.7,33.4,14:08,Sunny,0,42
2026-08-15 14:18:14,Junction E,40,0.2,14,28.9,21.4,14:18,Rainy,0,40
2026-08-15 14:28:14,Junction E,7,0.035,2,31.0,5.0,14:28,Rainy,0,24
2026-08-15 14:38:14,Junction A,97,0.485,30,20.8,54.2,14:38,Rainy,0,60
2026-08-15 14:48:14,Junction E,35,0.175,11,31.6,21.1,14:48,Sunny,0,35
2026-08-15 14:58:14,Junction D,60,0.3,14,23.1,23.3,14:58,Rainy,0,46
2026-08-15 15:08:14,Junction A,93,0.465,20,25.7,34.8,15:08,Sunny,0,56
2026-08-15 15:18:14,Junction A,23,0.115,8,32.4,12.4,15:18,Sunny,0,35
2026-08-15 15:28:14,Junction F,69,0.345,14,47.3,26.6,15:28,Sunny,0,44
2026-08-15 15:38:14,Junction F,68,0.34,26,38.3,43.0,15:38,Rainy,0,55
2026-08-15 15:48:14,Junction F,86,0.43,21,46.2,38.5,15:48,Cloudy,0,55
2026-08-15 15:58:14,Junction C,56,0.28,11,30.3,19.1,15:58,Sunny,0,45
2026-08-15 16:08:14,Junction F,65,0.325,21,49.7,35.4,16:08,Sunny,0,53
2026-08-15 16:18:14,Junction D,47,0.235,15,28.3,25.9,16:18,Sunny,0,40
2026-08-15 16:28:14,Junction B,46,0.23,11,32.9,17.5,16:28,Sunny,0,41
2026-08-15 16:38:14,Junction B,36,0.18,8,30.2,15.8,16:38,Sunny,0,35
2026-08-15 16:48:14,Junction C,75,0.375,32,20.2,54.0,16:48,Rainy,0,56
2026-08-15 16:58:14,Junction D,55,0.275,22,29.8,38.0,16:58,Sunny,0,49
2026-08-15 17:08:14,Junction B,90,0.45,39,21.8,63.9,17:08,Sunny,1,75
2026-08-15 17:18:14,Junction E,67,0.335,16,27.4,29.4,17:18,Sunny,1,60
2026-08-15 17:28:14,Junction F,118,0.59,50,40.6,86.8,17:28,Sunny,1,84
2026-08-15 17:38:14,Junction F,101,0.505,29,41.6,48.8,17:38,Cloudy,1,71
2026-08-15 17:48:14,Junction F,92,0.46,22,45.1,40.4,17:48,Sunny,1,68
2026-08-15 17:58:14,Junction A,112,0.56,23,21.5,41.2,17:58,Sunny,1,73
2026-08-15 18:08:14,Junction E,66,0.33,16,28.3,29.7,18:08,Sunny,1,56
2026-08-15 18:18:14,Junction E,47,0.235,9,32.2,17.0,18:18,Sunny,1,52
2026-08-15 18:28:14,Junction F,80,0.4,29,46.1,47.6,18:28,Cloudy,1,68
2026-08-15 18:38:14,Junction C,69,0.345,28,25.9,45.6,18:38,Sunny,1,64
2026-08-15 18:48:14,Junction E,68,0.34,25,25.9,42.7,18:48,Sunny,1,63
2026-08-15 18:58:14,Junction D,97,0.485,29,22.9,53.4,18:58,Sunny,1,71
2026-08-15 19:08:14,Junction E,42,0.21,16,31.9,24.3,19:08,Sunny,1,55
2026-08-15 19:18:14,Junction D,100,0.5,34,20.8,59.9,19:18,Cloudy,1,74
2026-08-15 19:28:14,Junction B,91,0.455,35,24.6,60.3,19:28,Sunny,1,70
2026-08-15 19:38:14,Junction A,143,0.715,39,15.8,69.8,19:38,Sunny,1,88
2026-08-15 19:48:14,Junction A,103,0.515,42,23.0,70.3,19:48,Sunny,1,79
2026-08-15 19:58:14,Junction A,97,0.485,28,20.8,52.1,19:58,Sunny,1,73
2026-08-15 20:08:14,Junction F,50,0.25,20,49.1,34.8,20:08,Sunny,0,43
2026-08-15 20:18:14,Junction B,13,0.065,3,37.6,5.0,20:18,Sunny,0,30
2026-08-15 20:28:14,Junction F,57,0.285,14,47.2,28.1,20:28,Sunny,0,43
2026-08-15 20:38:14,Junction E,47,0.235,18,30.6,28.6,20:38,Cloudy,0,42
2026-08-15 20:48:14,Junction A,72,0.36,17,28.2,32.3,20:48,Sunny,0,49
2026-08-15 20:58:14,Junction A,87,0.435,24,26.4,40.9,20:58,Sunny,0,54
2026-08-15 21:08:14,Junction E,27,0.135,11,31.1,20.8,21:08,Sunny,0,34
2026-08-15 21:18:14,Junction E,15,0.075,6,30.6,7.2,21:18,Rainy,0,32
2026-08-15 21:28:14,Junction D,50,0.25,14,29.4,21.9,21:28,Cloudy,0,42
2026-08-15 21:38:14,Junction B,5,0.025,2,37.0,5.0,21:38,Sunny,0,26
2026-08-15 21:48:14,Junction D,49,0.245,14,25.4,27.1,21:48,Rainy,0,45
2026-08-15 21:58:14,Junction E,5,0.025,1,35.9,5.0,21:58,Sunny,0,27
2026-08-15 22:08:14,Junction F,64,0.32,18,50.3,34.5,22:08,Sunny,0,45
2026-08-15 22:18:14,Junction A,72,0.36,28,24.1,49.2,22:18,Rainy,0,57
2026-08-15 22:28:14,Junction D,23,0.115,6,31.9,11.5,22:28,Sunny,0,30
2026-08-15 22:38:14,Junction E,44,0.22,15,25.5,26.9,22:38,Rainy,0,43
2026-08-15 22:48:14,Junction B,30,0.15,7,31.1,14.7,22:48,Cloudy,0,36
2026-08-15 22:58:14,Junction F,76,0.38,27,47.9,48.2,22:58,Sunny,0,56
2026-08-15 23:08:14,Junction F,86,0.43,21,38.6,36.0,23:08,Rainy,0,53
2026-08-15 23:18:14,Junction E,42,0.21,15,30.4,28.4,23:18,Sunny,0,41
2026-08-15 23:28:14,Junction C,42,0.21,9,29.3,13.7,23:28,Sunny,0,39
2026-08-15 23:38:14,Junction C,25,0.125,11,27.2,20.4,23:38,Foggy,0,36
2026-08-15 23:48:14,Junction A,80,0.4,26,23.7,42.0,23:48,Sunny,0,57
2026-08-15 23:58:14,Junction E,19,0.095,6,36.7,11.8,23:58,Sunny,0,31
2026-08-16 00:08:14,Junction B,29,0.145,8,30.1,14.8,00:08,Foggy,0,32
2026-08-16 00:18:14,Junction A,57,0.285,16,28.8,27.7,00:18,Sunny,0,47
2026-08-16 00:28:14,Junction D,55,0.275,11,28.5,19.2,00:28,Sunny,0,39
2026-08-16 00:38:14,Junction B,24,0.12,9,32.0,15.4,00:38,Sunny,0,37
2026-08-16 00:48:14,Junction F,69,0.345,23,45.6,37.8,00:48,Sunny,0,54
2026-08-16 00:58:14,Junction B,26,0.13,5,36.0,7.0,00:58,Sunny,0,35
2026-08-16 01:08:14,Junction B,29,0.145,9,30.3,15.0,01:08,Rainy,0,37
2026-08-16 01:18:14,Junction C,58,0.29,22,26.4,37.4,01:18,Sunny,0,47
2026-08-16 01:28:14,Junction D,59,0.295,28,22.7,47.9,01:28,Rainy,0,54
2026-08-16 01:38:14,Junction A,51,0.255,24,24.0,41.3,01:38,Rainy,0,51
2026-08-16 01:48:14,Junction B,5,0.025,1,34.6,5.0,01:48,Cloudy,0,24
2026-08-16 01:58:14,Junction D,41,0.205,14,33.5,23.1,01:58,Cloudy,0,42
2026-08-16 02:08:14,Junction B,5,0.025,1,36.0,5.0,02:08,Sunny,0,27
2026-08-16 02:18:14,Junction A,83,0.415,30,24.7,51.2,02:18,Cloudy,0,55
2026-08-16 02:28:14,Junction E,36,0.18,11,30.3,16.8,02:28,Cloudy,0,38
2026-08-16 02:38:14,Junction A,30,0.15,7,26.9,14.0,02:38,Rainy,0,37
2026-08-16 02:48:14,Junction C,14,0.07,4,34.9,6.9,02:48,Sunny,0,27
2026-08-16 02:58:14,Junction A,67,0.335,27,29.3,48.2,02:58,Sunny,0,51
2026-08-16 03:08:14,Junction F,85,0.425,34,44.4,59.6,03:08,Sunny,0,58
2026-08-16 03:18:14,Junction A,64,0.32,13,26.4,22.9,03:18,Sunny,0,48
2026-08-16 03:28:14,Junction B,40,0.2,10,30.3,20.6,03:28,Sunny,0,41
2026-08-16 03:38:14,Junction A,71,0.355,22,22.1,39.7,03:38,Rainy,0,51
2026-08-16 03:48:14,Junction F,58,0.29,25,41.1,41.8,03:48,Rainy,0,49
2026-08-16 03:58:14,Junction B,7,0.035,3,35.6,5.0,03:58,Cloudy,0,27
2026-08-16 04:08:14,Junction D,59,0.295,22,22.4,35.7,04:08,Rainy,0,51
2026-08-16 04:18:14,Junction E,54,0.27,14,30.7,23.8,04:18,Sunny,0,47
2026-08-16 04:28:14,Junction E,8,0.04,2,34.5,5.0,04:28,Sunny,0,25
2026-08-16 04:38:14,Junction E,33,0.165,13,30.3,22.7,04:38,Sunny,0,36
2026-08-16 04:48:14,Junction F,43,0.215,13,51.8,24.2,04:48,Sunny,0,43
2026-08-16 04:58:14,Junction D,32,0.16,10,27.8,16.1,04:58,Foggy,0,34
2026-08-16 05:08:14,Junction F,35,0.175,8,51.1,16.1,05:08,Cloudy,0,37
2026-08-16 05:18:14,Junction A,56,0.28,19,27.1,34.2,05:18,Cloudy,0,46
2026-08-16 05:28:14,Junction E,10,0.05,3,37.8,5.0,05:28,Sunny,0,26
2026-08-16 05:38:14,Junction C,44,0.22,12,24.5,23.9,05:38,Rainy,0,38
2026-08-16 05:48:14,Junction C,36,0.18,7,30.5,15.8,05:48,Sunny,0,34
2026-08-16 05:58:14,Junction D,42,0.21,15,33.3,26.3,05:58,Sunny,0,40
2026-08-16 06:08:14,Junction D,55,0.275,15,27.2,24.7,06:08,Sunny,0,45
2026-08-16 06:18:14,Junction B,10,0.05,4,30.0,9.3,06:18,Rainy,0,29
2026-08-16 06:28:14,Junction F,56,0.28,21,46.7,38.2,06:28,Sunny,0,46
2026-08-16 06:38:14,Junction D,28,0.14,7,31.0,11.6,06:38,Cloudy,0,32
2026-08-16 06:48:14,Junction D,43,0.215,18,26.3,30.1,06:48,Rainy,0,43
2026-08-16 06:58:14,Junction F,47,0.235,10,42.1,16.0,06:58,Rainy,0,39
2026-08-16 07:08:14,Junction A,69,0.345,28,24.0,44.6,07:08,Foggy,0,55
2026-08-16 07:18:14,Junction A,64,0.32,13,29.2,22.3,07:18,Sunny,0,44
2026-08-16 07:28:14,Junction C,59,0.295,14,26.4,25.4,07:28,Sunny,0,47
2026-08-16 07:38:14,Junction D,42,0.21,17,29.6,29.0,07:38,Sunny,0,40
2026-08-16 07:48:14,Junction C,54,0.27,27,25.0,45.9,07:48,Rainy,0,51
2026-08-16 07:58:14,Junction A,76,0.38,31,27.7,54.6,07:58,Sunny,0,60
2026-08-16 08:08:14,Junction D,60,0.3,13,29.5,22.2,08:08,Sunny,1,52
2026-08-16 08:18:14,Junction D,122,0.61,51,18.2,85.5,08:18,Sunny,1,87
2026-08-16 08:28:14,Junction B,69,0.345,22,28.3,39.1,08:28,Sunny,1,59
2026-08-16 08:38:14,Junction B,52,0.26,22,26.4,36.4,08:38,Rainy,1,55
2026-08-16 08:48:14,Junction A,98,0.49,23,24.8,39.2,08:48,Sunny,1,66
2026-08-16 08:58:14,Junction F,106,0.53,45,35.9,74.1,08:58,Rainy,1,83
2026-08-16 09:08:14,Junction F,156,0.78,48,27.7,82.8,09:08,Rainy,1,90
2026-08-16 09:18:14,Junction A,122,0.61,40,20.1,69.8,09:18,Sunny,1,84
2026-08-16 09:28:14,Junction E,88,0.44,20,20.3,37.4,09:28,Rainy,1,62
2026-08-16 09:38:14,Junction E,44,0.22,12,32.5,22.0,09:38,Sunny,1,53
2026-08-16 09:48:14,Junction D,101,0.505,29,21.3,49.8,09:48,Sunny,1,69
2026-08-16 09:58:14,Junction A,141,0.705,50,14.3,82.8,09:58,Cloudy,1,89
2026-08-16 10:08:14,Junction F,129,0.645,39,39.4,70.3,10:08,Cloudy,1,84
2026-08-16 10:18:14,Junction F,159,0.795,50,27.3,86.1,10:18,Foggy,1,90
2026-08-16 10:28:14,Junction D,115,0.575,50,19.2,85.7,10:28,Sunny,1,88
2026-08-16 10:38:14,Junction F,150,0.75,46,29.9,77.8,10:38,Foggy,1,88
2026-08-16 10:48:14,Junction B,55,0.275,14,28.2,28.0,10:48,Sunny,1,52
2026-08-16 10:58:14,Junction B,80,0.4,39,19.6,63.6,10:58,Rainy,1,71
2026-08-16 11:08:14,Junction F,82,0.41,24,45.8,40.7,11:08,Sunny,0,57
2026-08-16 11:18:14,Junction F,83,0.415,28,44.4,47.4,11:18,Sunny,0,60
2026-08-16 11:28:14,Junction D,40,0.2,12,25.0,18.9,11:28,Foggy,0,42
2026-08-16 11:38:14,Junction E,27,0.135,7,31.6,10.4,11:38,Sunny,0,36
2026-08-16 11:48:14,Junction B,20,0.1,4,28.9,8.0,11:48,Rainy,0,32
2026-08-16 11:58:14,Junction C,23,0.115,6,35.6,12.3,11:58,Sunny,0,33
2026-08-16 12:08:14,Junction D,47,0.235,13,32.7,24.8,12:08,Cloudy,0,44
2026-08-16 12:18:14,Junction B,6,0.03,2,36.1,6.1,12:18,Sunny,0,29
2026-08-16 12:28:14,Junction D,42,0.21,10,30.2,20.0,12:28,Sunny,0,37
2026-08-16 12:38:14,Junction A,61,0.305,15,30.8,27.5,12:38,Cloudy,0,43
2026-08-16 12:48:14,Junction B,39,0.195,13,24.9,22.2,12:48,Rainy,0,40
2026-08-16 12:58:14,Junction A,47,0.235,19,30.7,34.2,12:58,Sunny,0,46
2026-08-16 13:08:14,Junction C,28,0.14,11,33.4,17.8,13:08,Sunny,0,34
2026-08-16 13:18:14,Junction E,17,0.085,4,37.3,10.2,13:18,Sunny,0,33
2026-08-16 13:28:14,Junction A,58,0.29,19,30.1,33.9,13:28,Sunny,0,49
2026-08-16 13:38:14,Junction B,35,0.175,14,25.8,20.9,13:38,Foggy,0,40
2026-08-16 13:48:14,Junction D,62,0.31,24,26.3,41.7,13:48,Cloudy,0,51
2026-08-16 13:58:14,Junction F,81,0.405,23,46.8,39.2,13:58,Sunny,0,54
2026-08-16 14:08:14,Junction E,20,0.1,9,30.2,16.6,14:08,Rainy,0,32
2026-08-16 14:18:14,Junction A,55,0.275,12,28.1,19.9,14:18,Cloudy,0,41
2026-08-16 14:28:14,Junction C,42,0.21,15,33.5,22.8,14:28,Sunny,0,44
2026-08-16 14:38:14,Junction C,49,0.245,17,30.7,28.2,14:38,Sunny,0,44
2026-08-16 14:48:14,Junction E,55,0.275,28,26.7,43.4,14:48,Rainy,0,49
2026-08-16 14:58:14,Junction E,46,0.23,13,29.7,23.8,14:58,Sunny,0,39
2026-08-16 15:08:14,Junction C,52,0.26,21,28.9,36.2,15:08,Cloudy,0,46
2026-08-16 15:18:14,Junction C,65,0.325,27,28.6,44.6,15:18,Sunny,0,51
2026-08-16 15:28:14,Junction F,56,0.28,17,49.5,27.5,15:28,Sunny,0,44
2026-08-16 15:38:14,Junction C,55,0.275,22,31.0,34.6,15:38,Sunny,0,48
2026-08-16 15:48:14,Junction A,77,0.385,28,26.8,48.3,15:48,Sunny,0,54
2026-08-16 15:58:14,Junction B,24,0.12,9,35.6,14.9,15:58,Sunny,0,31
2026-08-16 16:08:14,Junction A,48,0.24,15,32.2,28.9,16:08,Cloudy,0,44
2026-08-16 16:18:14,Junction D,49,0.245,14,30.3,24.9,16:18,Cloudy,0,40
2026-08-16 16:28:14,Junction B,5,0.025,1,30.7,5.0,16:28,Rainy,0,24
2026-08-16 16:38:14,Junction D,46,0.23,14,32.7,25.3,16:38,Sunny,0,41
2026-08-16 16:48:14,Junction D,43,0.215,19,25.2,30.5,16:48,Rainy,0,42
2026-08-16 16:58:14,Junction D,47,0.235,14,32.6,25.7,16:58,Sunny,0,43
2026-08-16 17:08:14,Junction D,78,0.39,22,26.4,38.9,17:08,Sunny,1,60
2026-08-16 17:18:14,Junction C,100,0.5,29,22.6,53.0,17:18,Sunny,1,69
2026-08-16 17:28:14,Junction F,148,0.74,62,35.6,103.7,17:28,Sunny,1,90
2026-08-16 17:38:14,Junction D,96,0.48,28,20.2,48.3,17:38,Foggy,1,69
2026-08-16 17:48:14,Junction E,86,0.43,28,19.9,46.0,17:48,Rainy,1,70
2026-08-16 17:58:14,Junction B,80,0.4,19,24.7,34.0,17:58,Sunny,1,63
2026-08-16 18:08:14,Junction A,103,0.515,22,22.4,40.1,18:08,Cloudy,1,70
2026-08-16 18:18:14,Junction D,119,0.595,36,16.9,62.5,18:18,Rainy,1,79
2026-08-16 18:28:14,Junction F,154,0.77,60,32.2,103.0,18:28,Sunny,1,90
2026-08-16 18:38:14,Junction C,75,0.375,32,24.3,53.2,18:38,Sunny,1,70
2026-08-16 18:48:14,Junction D,99,0.495,32,20.5,55.0,18:48,Rainy,1,75
2026-08-16 18:58:14,Junction B,80,0.4,24,27.9,39.9,18:58,Sunny,1,65
2026-08-16 19:08:14,Junction C,109,0.545,38,22.3,65.0,19:08,Sunny,1,78
2026-08-16 19:18:14,Junction E,59,0.295,16,27.8,29.9,19:18,Sunny,1,57
2026-08-16 19:28:14,Junction A,100,0.5,20,23.0,39.5,19:28,Sunny,1,70
2026-08-16 19:38:14,Junction F,138,0.69,36,38.0,63.3,19:38,Sunny,1,83
2026-08-16 19:48:14,Junction B,54,0.27,21,31.2,34.1,19:48,Sunny,1,59
2026-08-16 19:58:14,Junction E,60,0.3,21,29.4,34.0,19:58,Sunny,1,59
2026-08-16 20:08:14,Junction D,55,0.275,21,29.8,37.7,20:08,Sunny,0,50
2026-08-16 20:18:14,Junction F,21,0.105,4,56.0,9.2,20:18,Sunny,0,33
2026-08-16 20:28:14,Junction B,5,0.025,1,37.0,5.0,20:28,Sunny,0,25
2026-08-16 20:38:14,Junction C,43,0.215,15,31.8,25.5,20:38,Sunny,0,40
2026-08-16 20:48:14,Junction C,51,0.255,20,30.5,33.2,20:48,Sunny,0,46
2026-08-16 20:58:14,Junction F,48,0.24,11,50.2,17.6,20:58,Sunny,0,42
2026-08-16 21:08:14,Junction F,55,0.275,19,43.4,34.4,21:08,Rainy,0,46
2026-08-16 21:18:14,Junction C,14,0.07,5,36.5,11.1,21:18,Sunny,0,31
2026-08-16 21:28:14,Junction E,26,0.13,11,34.1,20.4,21:28,Sunny,0,36
2026-08-16 21:38:14,Junction C,26,0.13,8,34.9,11.6,21:38,Cloudy,0,33
2026-08-16 21:48:14,Junction B,18,0.09,3,35.6,5.0,21:48,Sunny,0,32
2026-08-16 21:58:14,Junction A,49,0.245,12,31.9,21.6,21:58,Sunny,0,40
2026-08-16 22:08:14,Junction B,29,0.145,7,30.8,13.0,22:08,Sunny,0,36
2026-08-16 22:18:14,Junction E,47,0.235,16,32.0,27.6,22:18,Sunny,0,46
2026-08-16 22:28:14,Junction C,55,0.275,11,31.1,18.4,22:28,Sunny,0,40
2026-08-16 22:38:14,Junction C,67,0.335,24,29.5,40.0,22:38,Sunny,0,51
2026-08-16 22:48:14,Junction A,37,0.185,14,25.9,24.0,22:48,Rainy,0,41
2026-08-16 22:58:14,Junction C,41,0.205,14,32.6,21.1,22:58,Cloudy,0,41
2026-08-16 23:08:14,Junction D,45,0.225,16,27.1,28.6,23:08,Rainy,0,44
2026-08-16 23:18:14,Junction F,74,0.37,17,44.9,29.8,23:18,Cloudy,0,52
2026-08-16 23:28:14,Junction A,46,0.23,14,33.0,24.4,23:28,Sunny,0,43
2026-08-16 23:38:14,Junction E,13,0.065,6,28.6,9.3,23:38,Rainy,0,32
2026-08-16 23:48:14,Junction C,46,0.23,15,24.3,28.1,23:48,Rainy,0,45
2026-08-16 23:58:14,Junction C,53,0.265,12,31.2,23.9,23:58,Sunny,0,45
2026-08-17 00:08:14,Junction C,56,0.28,19,25.6,30.7,00:08,Rainy,0,46
2026-08-17 00:18:14,Junction E,15,0.075,3,34.3,5.0,00:18,Sunny,0,29
2026-08-17 00:28:14,Junction E,42,0.21,15,28.8,28.1,00:28,Sunny,0,43
2026-08-17 00:38:14,Junction B,50,0.25,16,29.3,29.9,00:38,Sunny,0,47
2026-08-17 00:48:14,Junction F,54,0.27,20,41.9,32.2,00:48,Rainy,0,46
2026-08-17 00:58:14,Junction D,37,0.185,9,33.4,15.4,00:58,Sunny,0,40
2026-08-17 01:08:14,Junction D,18,0.09,7,33.7,9.8,01:08,Sunny,0,30
2026-08-17 01:18:14,Junction D,33,0.165,10,26.8,18.8,01:18,Rainy,0,38
2026-08-17 01:28:14,Junction F,57,0.285,23,47.3,38.8,01:28,Sunny,0,50
2026-08-17 01:38:14,Junction A,70,0.35,23,25.8,37.7,01:38,Cloudy,0,54
2026-08-17 01:48:14,Junction C,16,0.08,3,37.1,5.0,01:48,Sunny,0,30
2026-08-17 01:58:14,Junction E,42,0.21,8,28.8,14.2,01:58,Sunny,0,36
2026-08-17 02:08:14,Junction E,19,0.095,4,32.8,9.3,02:08,Sunny,0,30
2026-08-17 02:18:14,Junction D,51,0.255,19,30.1,29.6,02:18,Sunny,0,46
2026-08-17 02:28:14,Junction F,28,0.14,6,53.9,12.1,02:28,Sunny,0,35
2026-08-17 02:38:14,Junction C,46,0.23,17,24.4,31.2,02:38,Foggy,0,41
2026-08-17 02:48:14,Junction D,30,0.15,8,32.6,14.3,02:48,Sunny,0,34
2026-08-17 02:58:14,Junction B,43,0.215,10,33.2,15.8,02:58,Sunny,0,38
2026-08-17 03:08:14,Junction F,66,0.33,29,49.7,47.6,03:08,Sunny,0,51
2026-08-17 03:18:14,Junction F,80,0.4,27,40.2,45.3,03:18,Rainy,0,56
2026-08-17 03:28:14,Junction F,63,0.315,21,50.3,37.2,03:28,Sunny,0,52
2026-08-17 03:38:14,Junction B,35,0.175,15,29.1,23.1,03:38,Rainy,0,42
2026-08-17 03:48:14,Junction F,88,0.44,36,36.9,60.2,03:48,Rainy,0,64
2026-08-17 03:58:14,Junction B,22,0.11,6,33.6,8.5,03:58,Cloudy,0,31
2026-08-17 04:08:14,Junction F,94,0.47,30,37.1,51.3,04:08,Rainy,0,59
2026-08-17 04:18:14,Junction E,39,0.195,17,31.5,27.0,04:18,Cloudy,0,43
2026-08-17 04:28:14,Junction F,89,0.445,44,35.9,72.1,04:28,Rainy,0,67
2026-08-17 04:38:14,Junction D,43,0.215,17,32.9,26.8,04:38,Cloudy,0,43
2026-08-17 04:48:14,Junction E,41,0.205,12,31.5,23.4,04:48,Sunny,0,38
2026-08-17 04:58:14,Junction C,64,0.32,20,22.0,35.9,04:58,Rainy,0,49
2026-08-17 05:08:14,Junction A,42,0.21,15,25.5,27.4,05:08,Foggy,0,44
2026-08-17 05:18:14,Junction E,21,0.105,7,32.9,15.1,05:18,Sunny,0,33
2026-08-17 05:28:14,Junction D,30,0.15,9,34.3,16.8,05:28,Sunny,0,37
2026-08-17 05:38:14,Junction E,56,0.28,11,27.4,19.9,05:38,Cloudy,0,43
2026-08-17 05:48:14,Junction E,46,0.23,24,27.1,36.7,05:48,Rainy,0,50
2026-08-17 05:58:14,Junction F,62,0.31,18,46.5,32.0,05:58,Sunny,0,48
2026-08-17 06:08:14,Junction D,53,0.265,14,25.6,24.5,06:08,Rainy,0,44
2026-08-17 06:18:14,Junction D,49,0.245,19,28.7,34.2,06:18,Sunny,0,46
2026-08-17 06:28:14,Junction C,64,0.32,22,23.0,38.5,06:28,Rainy,0,47
2026-08-17 06:38:14,Junction C,59,0.295,24,25.8,39.2,06:38,Rainy,0,48
2026-08-17 06:48:14,Junction B,8,0.04,2,36.8,5.0,06:48,Sunny,0,24
2026-08-17 06:58:14,Junction E,40,0.2,8,33.8,15.4,06:58,Cloudy,0,39
2026-08-17 07:08:14,Junction D,37,0.185,15,32.9,23.3,07:08,Sunny,0,37
2026-08-17 07:18:14,Junction C,26,0.13,8,26.7,12.1,07:18,Rainy,0,35
2026-08-17 07:28:14,Junction F,70,0.35,29,49.2,46.7,07:28,Sunny,0,57
2026-08-17 07:38:14,Junction F,34,0.17,15,46.0,23.1,07:38,Foggy,0,41
2026-08-17 07:48:14,Junction B,11,0.055,2,37.5,6.2,07:48,Cloudy,0,31
2026-08-17 07:58:14,Junction C,42,0.21,10,25.4,20.4,07:58,Rainy,0,37
2026-08-17 08:08:14,Junction C,130,0.65,46,14.5,76.8,08:08,Rainy,1,90
2026-08-17 08:18:14,Junction C,82,0.41,19,25.0,32.6,08:18,Sunny,1,61
2026-08-17 08:28:14,Junction B,84,0.42,42,22.2,66.6,08:28,Rainy,1,73
2026-08-17 08:38:14,Junction E,72,0.36,26,27.8,41.7,08:38,Sunny,1,66
2026-08-17 08:48:14,Junction D,92,0.46,32,22.9,55.4,08:48,Sunny,1,73
2026-08-17 08:58:14,Junction D,108,0.54,33,19.5,60.4,08:58,Sunny,1,78
2026-08-17 09:08:14,Junction C,52,0.26,12,31.5,19.8,09:08,Sunny,1,54
2026-08-17 09:18:14,Junction A,119,0.595,30,19.9,53.3,09:18,Sunny,1,74
2026-08-17 09:28:14,Junction F,147,0.735,57,29.6,98.8,09:28,Rainy,1,90
2026-08-17 09:38:14,Junction D,74,0.37,21,21.0,39.5,09:38,Foggy,1,64
2026-08-17 09:48:14,Junction A,110,0.55,45,22.6,75.3,09:48,Sunny,1,83
2026-08-17 09:58:14,Junction F,118,0.59,42,41.7,69.5,09:58,Cloudy,1,83
2026-08-17 10:08:14,Junction A,77,0.385,16,25.2,27.2,10:08,Sunny,1,60
2026-08-17 10:18:14,Junction C,69,0.345,18,28.6,30.9,10:18,Sunny,1,58
2026-08-17 10:28:14,Junction A,120,0.6,47,17.3,78.9,10:28,Cloudy,1,84
2026-08-17 10:38:14,Junction A,158,0.79,46,13.1,79.2,10:38,Cloudy,1,90
2026-08-17 10:48:14,Junction D,89,0.445,27,21.5,45.0,10:48,Rainy,1,69
2026-08-17 10:58:14,Junction B,56,0.28,12,29.7,19.7,10:58,Sunny,1,54
2026-08-17 11:08:14,Junction B,35,0.175,14,32.0,25.1,11:08,Sunny,0,39
2026-08-17 11:18:14,Junction F,72,0.36,16,47.9,31.1,11:18,Sunny,0,51
2026-08-17 11:28:14,Junction E,19,0.095,8,36.3,12.3,11:28,Sunny,0,31
2026-08-17 11:38:14,Junction B,11,0.055,2,29.1,5.0,11:38,Rainy,0,30
2026-08-17 11:48:14,Junction E,39,0.195,14,33.0,23.0,11:48,Sunny,0,42
2026-08-17 11:58:14,Junction E,27,0.135,11,34.8,21.0,11:58,Sunny,0,35
2026-08-17 12:08:14,Junction B,25,0.125,5,32.1,11.6,12:08,Sunny,0,32
2026-08-17 12:18:14,Junction F,67,0.335,17,47.7,31.0,12:18,Sunny,0,46
2026-08-17 12:28:14,Junction F,31,0.155,9,46.0,14.0,12:28,Rainy,0,34
2026-08-17 12:38:14,Junction F,42,0.21,11,51.9,18.2,12:38,Cloudy,0,37
2026-08-17 12:48:14,Junction D,51,0.255,22,31.1,34.3,12:48,Sunny,0,46
2026-08-17 12:58:14,Junction B,41,0.205,9,29.4,13.7,12:58,Sunny,0,37
2026-08-17 13:08:14,Junction A,26,0.13,10,35.5,15.6,13:08,Sunny,0,36
2026-08-17 13:18:14,Junction A,49,0.245,18,30.9,33.4,13:18,Cloudy,0,47
2026-08-17 13:28:14,Junction C,28,0.14,8,33.5,16.6,13:28,Sunny,0,33
2026-08-17 13:38:14,Junction A,64,0.32,25,28.1,44.3,13:38,Sunny,0,52
2026-08-17 13:48:14,Junction D,52,0.26,13,32.2,20.4,13:48,Sunny,0,41
2026-08-17 13:58:14,Junction E,21,0.105,4,35.7,5.2,13:58,Cloudy,0,32
2026-08-17 14:08:14,Junction C,30,0.15,6,35.1,9.6,14:08,Sunny,0,33
2026-08-17 14:18:14,Junction A,36,0.18,18,25.6,30.6,14:18,Rainy,0,44
2026-08-17 14:28:14,Junction C,22,0.11,6,32.6,10.5,14:28,Sunny,0,31
2026-08-17 14:38:14,Junction F,65,0.325,15,46.9,28.7,14:38,Sunny,0,46
2026-08-17 14:48:14,Junction A,84,0.42,26,21.7,44.7,14:48,Rainy,0,57
2026-08-17 14:58:14,Junction B,23,0.115,8,36.2,12.2,14:58,Sunny,0,35
2026-08-17 15:08:14,Junction D,18,0.09,7,34.1,13.2,15:08,Sunny,0,30
2026-08-17 15:18:14,Junction E,45,0.225,21,28.1,36.2,15:18,Rainy,0,45
2026-08-17 15:28:14,Junction D,39,0.195,13,32.2,19.5,15:28,Cloudy,0,42
2026-08-17 15:38:14,Junction F,67,0.335,29,48.3,46.3,15:38,Sunny,0,54
2026-08-17 15:48:14,Junction E,37,0.185,12,31.0,20.9,15:48,Sunny,0,38
2026-08-17 15:58:14,Junction C,30,0.15,10,26.6,19.2,15:58,Rainy,0,34
2026-08-17 16:08:14,Junction A,80,0.4,28,22.3,45.1,16:08,Rainy,0,59
2026-08-17 16:18:14,Junction E,26,0.13,7,34.1,14.0,16:18,Sunny,0,34
2026-08-17 16:28:14,Junction A,44,0.22,9,24.5,17.4,16:28,Foggy,0,37
2026-08-17 16:38:14,Junction A,31,0.155,8,30.6,16.8,16:38,Sunny,0,35
2026-08-17 16:48:14,Junction B,38,0.19,12,32.1,23.3,16:48,Sunny,0,38
2026-08-17 16:58:14,Junction D,45,0.225,10,26.1,19.9,16:58,Rainy,0,37
2026-08-17 17:08:14,Junction D,108,0.54,30,22.0,55.1,17:08,Sunny,1,74
2026-08-17 17:18:14,Junction D,139,0.695,66,13.9,108.4,17:18,Rainy,1,90
2026-08-17 17:28:14,Junction D,115,0.575,36,17.0,60.4,17:28,Rainy,1,79
2026-08-17 17:38:14,Junction A,93,0.465,18,22.0,32.9,17:38,Sunny,1,61
2026-08-17 17:48:14,Junction F,94,0.47,44,35.9,71.0,17:48,Rainy,1,80
2026-08-17 17:58:14,Junction D,55,0.275,20,31.3,34.1,17:58,Sunny,1,58
2026-08-17 18:08:14,Junction C,106,0.53,25,22.3,46.6,18:08,Sunny,1,68
2026-08-17 18:18:14,Junction B,51,0.255,10,30.3,16.0,18:18,Sunny,1,53
2026-08-17 18:28:14,Junction F,101,0.505,27,41.2,45.4,18:28,Sunny,1,71
2026-08-17 18:38:14,Junction C,111,0.555,26,19.1,50.0,18:38,Sunny,1,70
2026-08-17 18:48:14,Junction F,102,0.51,29,40.5,53.6,18:48,Sunny,1,74
2026-08-17 18:58:14,Junction D,105,0.525,23,22.3,42.9,18:58,Sunny,1,70
2026-08-17 19:08:14,Junction B,50,0.25,16,31.4,24.9,19:08,Sunny,1,55
2026-08-17 19:18:14,Junction B,55,0.275,24,24.2,39.7,19:18,Rainy,1,58
2026-08-17 19:28:14,Junction E,45,0.225,9,28.3,19.8,19:28,Sunny,1,48
2026-08-17 19:38:14,Junction E,62,0.31,24,30.2,38.6,19:38,Cloudy,1,59
2026-08-17 19:48:14,Junction C,102,0.51,32,24.1,54.5,19:48,Sunny,1,74
2026-08-17 19:58:14,Junction F,161,0.805,38,34.4,71.1,19:58,Sunny,1,89
2026-08-17 20:08:14,Junction C,34,0.17,9,29.4,13.3,20:08,Rainy,0,34
2026-08-17 20:18:14,Junction A,60,0.3,18,28.6,34.2,20:18,Sunny,0,49
2026-08-17 20:28:14,Junction D,31,0.155,7,34.6,10.7,20:28,Sunny,0,32
2026-08-17 20:38:14,Junction F,79,0.395,37,38.6,59.7,20:38,Rainy,0,61
2026-08-17 20:48:14,Junction C,28,0.14,11,33.6,17.8,20:48,Sunny,0,37
2026-08-17 20:58:14,Junction B,45,0.225,18,31.5,33.3,20:58,Sunny,0,41
2026-08-17 21:08:14,Junction B,41,0.205,21,26.6,31.8,21:08,Rainy,0,45
2026-08-17 21:18:14,Junction B,23,0.115,6,35.2,11.8,21:18,Cloudy,0,32
2026-08-17 21:28:14,Junction F,76,0.38,26,47.0,41.7,21:28,Sunny,0,55
2026-08-17 21:38:14,Junction D,18,0.09,3,36.6,7.8,21:38,Sunny,0,28
2026-08-17 21:48:14,Junction E,26,0.13,9,34.3,14.0,21:48,Sunny,0,33
2026-08-17 21:58:14,Junction C,35,0.175,13,33.8,23.2,21:58,Sunny,0,40
2026-08-17 22:08:14,Junction F,66,0.33,25,47.5,44.7,22:08,Sunny,0,52
2026-08-17 22:18:14,Junction A,58,0.29,13,29.9,26.3,22:18,Sunny,0,41
2026-08-17 22:28:14,Junction F,93,0.465,40,41.2,67.6,22:28,Sunny,0,67
2026-08-17 22:38:14,Junction C,45,0.225,12,29.8,20.4,22:38,Sunny,0,41
2026-08-17 22:48:14,Junction E,26,0.13,8,33.6,11.8,22:48,Sunny,0,34
2026-08-17 22:58:14,Junction E,33,0.165,7,33.7,10.5,22:58,Sunny,0,36
2026-08-17 23:08:14,Junction D,44,0.22,15,24.7,23.0,23:08,Foggy,0,40
2026-08-17 23:18:14,Junction E,24,0.12,8,29.7,13.0,23:18,Rainy,0,34
2026-08-17 23:28:14,Junction D,49,0.245,21,28.2,33.6,23:28,Sunny,0,47
2026-08-17 23:38:14,Junction F,78,0.39,26,44.8,44.3,23:38,Sunny,0,57
2026-08-17 23:48:14,Junction F,40,0.2,12,50.6,23.8,23:48,Sunny,0,39
2026-08-17 23:58:14,Junction A,71,0.355,18,27.7,30.2,23:58,Sunny,0,50
2026-08-18 00:08:14,Junction F,46,0.23,12,49.8,18.7,00:08,Sunny,0,44
2026-08-18 00:18:14,Junction F,42,0.21,17,50.5,26.7,00:18,Sunny,0,41
2026-08-18 00:28:14,Junction F,51,0.255,11,51.9,19.3,00:28,Sunny,0,40
2026-08-18 00:38:14,Junction D,34,0.17,14,33.2,22.9,00:38,Cloudy,0,40
2026-08-18 00:48:14,Junction E,25,0.125,8,32.2,10.9,00:48,Sunny,0,32
2026-08-18 00:58:14,Junction B,40,0.2,13,29.5,24.6,00:58,Sunny,0,40
2026-08-18 01:08:14,Junction A,67,0.335,25,25.9,41.1,01:08,Sunny,0,54
2026-08-18 01:18:14,Junction B,16,0.08,4,36.1,10.0,01:18,Sunny,0,29
2026-08-18 01:28:14,Junction C,57,0.285,22,27.8,39.6,01:28,Sunny,0,49
2026-08-18 01:38:14,Junction D,42,0.21,17,29.0,30.4,01:38,Sunny,0,45
2026-08-18 01:48:14,Junction D,20,0.1,7,34.1,9.9,01:48,Sunny,0,32
2026-08-18 01:58:14,Junction F,99,0.495,38,37.5,63.2,01:58,Rainy,0,63
2026-08-18 02:08:14,Junction D,52,0.26,19,29.5,34.6,02:08,Sunny,0,44
2026-08-18 02:18:14,Junction F,39,0.195,11,52.4,18.6,02:18,Sunny,0,38
2026-08-18 02:28:14,Junction C,37,0.185,7,33.6,11.4,02:28,Sunny,0,35
2026-08-18 02:38:14,Junction B,50,0.25,22,28.3,36.1,02:38,Sunny,0,47
2026-08-18 02:48:14,Junction E,37,0.185,9,30.5,18.7,02:48,Cloudy,0,35
2026-08-18 02:58:14,Junction A,31,0.155,13,32.3,20.5,02:58,Sunny,0,40
2026-08-18 03:08:14,Junction C,58,0.29,22,25.0,39.7,03:08,Foggy,0,50
2026-08-18 03:18:14,Junction D,51,0.255,22,27.4,38.5,03:18,Rainy,0,48
2026-08-18 03:28:14,Junction F,87,0.435,19,43.9,37.9,03:28,Sunny,0,51
2026-08-18 03:38:14,Junction A,66,0.33,29,27.0,47.4,03:38,Sunny,0,54
2026-08-18 03:48:14,Junction A,87,0.435,23,24.0,40.4,03:48,Sunny,0,55
2026-08-18 03:58:14,Junction F,37,0.185,12,50.8,23.2,03:58,Cloudy,0,41
2026-08-18 04:08:14,Junction C,29,0.145,12,33.7,19.8,04:08,Sunny,0,34
2026-08-18 04:18:14,Junction A,43,0.215,8,30.6,15.0,04:18,Sunny,0,40
2026-08-18 04:28:14,Junction D,42,0.21,9,29.5,13.7,04:28,Sunny,0,37
2026-08-18 04:38:14,Junction B,50,0.25,15,28.0,25.5,04:38,Cloudy,0,43
2026-08-18 04:48:14,Junction F,64,0.32,20,40.4,36.2,04:48,Rainy,0,48
2026-08-18 04:58:14,Junction E,45,0.225,16,32.4,28.7,04:58,Sunny,0,40
2026-08-18 05:08:14,Junction C,46,0.23,17,28.5,30.7,05:08,Sunny,0,41
2026-08-18 05:18:14,Junction B,40,0.2,15,28.3,24.5,05:18,Rainy,0,44
2026-08-18 05:28:14,Junction C,60,0.3,19,26.7,32.5,05:28,Sunny,0,49
2026-08-18 05:38:14,Junction B,20,0.1,7,28.3,11.0,05:38,Rainy,0,31
2026-08-18 05:48:14,Junction A,58,0.29,13,27.0,24.3,05:48,Sunny,0,46
2026-08-18 05:58:14,Junction D,59,0.295,14,24.2,26.0,05:58,Rainy,0,48
2026-08-18 06:08:14,Junction A,60,0.3,12,28.1,23.8,06:08,Cloudy,0,44
2026-08-18 06:18:14,Junction D,53,0.265,11,23.6,19.6,06:18,Foggy,0,44
2026-08-18 06:28:14,Junction D,20,0.1,8,28.5,13.0,06:28,Rainy,0,33
2026-08-18 06:38:14,Junction A,42,0.21,8,29.3,13.7,06:38,Sunny,0,40
2026-08-18 06:48:14,Junction C,59,0.295,24,28.4,40.7,06:48,Sunny,0,52
2026-08-18 06:58:14,Junction D,26,0.13,5,34.0,10.4,06:58,Sunny,0,30
2026-08-18 07:08:14,Junction F,52,0.26,12,43.3,24.5,07:08,Foggy,0,42
2026-08-18 07:18:14,Junction B,29,0.145,8,31.1,11.5,07:18,Sunny,0,36
2026-08-18 07:28:14,Junction F,70,0.35,21,40.4,36.6,07:28,Rainy,0,49
2026-08-18 07:38:14,Junction B,21,0.105,5,32.2,8.7,07:38,Cloudy,0,34
2026-08-18 07:48:14,Junction B,33,0.165,12,27.7,21.8,07:48,Rainy,0,40
2026-08-18 07:58:14,Junction D,44,0.22,10,32.7,17.9,07:58,Cloudy,0,38
2026-08-18 08:08:14,Junction B,59,0.295,26,30.7,42.8,08:08,Sunny,1,61
2026-08-18 08:18:14,Junction D,131,0.655,33,16.3,61.2,08:18,Sunny,1,78
2026-08-18 08:28:14,Junction B,58,0.29,25,26.6,43.6,08:28,Sunny,1,63
2026-08-18 08:38:14,Junction B,33,0.165,11,35.0,16.3,08:38,Sunny,1,46
2026-08-18 08:48:14,Junction C,66,0.33,19,25.5,31.4,08:48,Cloudy,1,56
2026-08-18 08:58:14,Junction F,89,0.445,26,42.0,48.3,08:58,Cloudy,1,68
2026-08-18 09:08:14,Junction F,134,0.67,52,31.9,87.1,09:08,Rainy,1,90
2026-08-18 09:18:14,Junction A,95,0.475,40,21.3,70.0,09:18,Sunny,1,78
2026-08-18 09:28:14,Junction A,111,0.555,31,19.4,54.0,09:28,Sunny,1,77
2026-08-18 09:38:14,Junction D,84,0.42,30,26.1,49.9,09:38,Sunny,1,71
2026-08-18 09:48:14,Junction D,57,0.285,16,27.6,26.7,09:48,Sunny,1,54
2026-08-18 09:58:14,Junction C,65,0.325,23,28.6,40.4,09:58,Sunny,1,63
2026-08-18 10:08:14,Junction B,90,0.45,22,20.6,38.1,10:08,Rainy,1,64
2026-08-18 10:18:14,Junction A,110,0.55,40,19.9,65.9,10:18,Rainy,1,81
2026-08-18 10:28:14,Junction C,79,0.395,23,23.3,38.1,10:28,Sunny,1,65
2026-08-18 10:38:14,Junction B,84,0.42,32,26.7,56.7,10:38,Sunny,1,72
2026-08-18 10:48:14,Junction C,124,0.62,31,18.8,56.8,10:48,Sunny,1,77
2026-08-18 10:58:14,Junction A,99,0.495,44,20.7,75.8,10:58,Sunny,1,80
2026-08-18 11:08:14,Junction D,50,0.25,12,29.2,20.5,11:08,Sunny,0,41
2026-08-18 11:18:14,Junction C,29,0.145,9,30.7,14.0,11:18,Sunny,0,37
2026-08-18 11:28:14,Junction D,52,0.26,12,29.2,23.3,11:28,Sunny,0,45
2026-08-18 11:38:14,Junction D,40,0.2,19,25.7,34.2,11:38,Rainy,0,41
2026-08-18 11:48:14,Junction A,64,0.32,21,27.8,35.5,11:48,Cloudy,0,52
2026-08-18 11:58:14,Junction A,48,0.24,13,29.6,22.5,11:58,Sunny,0,43
2026-08-18 12:08:14,Junction F,20,0.1,8,44.7,16.4,12:08,Rainy,0,34
2026-08-18 12:18:14,Junction E,24,0.12,8,32.7,16.3,12:18,Sunny,0,35
2026-08-18 12:28:14,Junction D,41,0.205,13,33.6,23.1,12:28,Sunny,0,37
2026-08-18 12:38:14,Junction C,32,0.16,10,34.5,19.1,12:38,Sunny,0,34
2026-08-18 12:48:14,Junction D,68,0.34,26,29.7,44.0,12:48,Sunny,0,52
2026-08-18 12:58:14,Junction B,27,0.135,6,34.7,11.7,12:58,Sunny,0,35
2026-08-18 13:08:14,Junction F,39,0.195,10,51.0,20.0,13:08,Sunny,0,38
2026-08-18 13:18:14,Junction D,37,0.185,12,27.9,23.1,13:18,Foggy,0,37
2026-08-18 13:28:14,Junction A,64,0.32,19,22.2,35.3,13:28,Rainy,0,47
2026-08-18 13:38:14,Junction D,71,0.355,33,23.9,52.8,13:38,Rainy,0,59
2026-08-18 13:48:14,Junction C,28,0.14,10,35.5,15.0,13:48,Sunny,0,38
2026-08-18 13:58:14,Junction C,38,0.19,8,30.9,15.8,13:58,Sunny,0,37
2026-08-18 14:08:14,Junction D,45,0.225,12,25.4,22.2,14:08,Rainy,0,41
2026-08-18 14:18:14,Junction E,30,0.15,11,35.0,21.5,14:18,Sunny,0,37
2026-08-18 14:28:14,Junction A,100,0.5,34,18.8,61.3,14:28,Rainy,0,67
2026-08-18 14:38:14,Junction F,62,0.31,14,41.9,23.8,14:38,Foggy,0,48
2026-08-18 14:48:14,Junction C,40,0.2,17,30.8,25.9,14:48,Sunny,0,41
2026-08-18 14:58:14,Junction D,52,0.26,15,26.3,25.9,14:58,Rainy,0,44
2026-08-18 15:08:14,Junction B,33,0.165,7,32.4,10.6,15:08,Sunny,0,33
2026-08-18 15:18:14,Junction D,59,0.295,23,27.7,39.7,15:18,Sunny,0,47
2026-08-18 15:28:14,Junction B,7,0.035,2,34.8,6.5,15:28,Cloudy,0,25
2026-08-18 15:38:14,Junction E,20,0.1,6,34.5,8.6,15:38,Sunny,0,34
2026-08-18 15:48:14,Junction C,51,0.255,18,26.4,31.1,15:48,Rainy,0,45
2026-08-18 15:58:14,Junction E,31,0.155,8,31.4,17.0,15:58,Sunny,0,33
2026-08-18 16:08:14,Junction D,42,0.21,13,33.7,21.0,16:08,Sunny,0,42
2026-08-18 16:18:14,Junction C,71,0.355,18,27.1,33.0,16:18,Sunny,0,49
2026-08-18 16:28:14,Junction E,21,0.105,6,34.9,10.8,16:28,Sunny,0,30
2026-08-18 16:38:14,Junction B,11,0.055,3,34.1,8.1,16:38,Sunny,0,27
2026-08-18 16:48:14,Junction D,38,0.19,9,32.9,13.5,16:48,Sunny,0,35
2026-08-18 16:58:14,Junction D,54,0.27,21,24.9,38.0,16:58,Foggy,0,47
2026-08-18 17:08:14,Junction E,67,0.335,13,26.9,26.5,17:08,Sunny,1,55
2026-08-18 17:18:14,Junction E,76,0.38,33,24.8,52.8,17:18,Sunny,1,65
2026-08-18 17:28:14,Junction B,66,0.33,13,27.2,23.1,17:28,Sunny,1,57
2026-08-18 17:38:14,Junction D,65,0.325,31,23.0,53.1,17:38,Rainy,1,66
2026-08-18 17:48:14,Junction A,90,0.45,27,24.4,49.5,17:48,Cloudy,1,67
2026-08-18 17:58:14,Junction C,89,0.445,36,25.3,61.3,17:58,Sunny,1,70
2026-08-18 18:08:14,Junction F,103,0.515,31,37.1,56.3,18:08,Rainy,1,70
2026-08-18 18:18:14,Junction C,103,0.515,27,24.3,46.5,18:18,Cloudy,1,71
2026-08-18 18:28:14,Junction C,75,0.375,39,23.5,65.4,18:28,Rainy,1,69
2026-08-18 18:38:14,Junction A,101,0.505,22,23.0,40.0,18:38,Sunny,1,68
2026-08-18 18:48:14,Junction B,72,0.36,27,28.1,47.0,18:48,Sunny,1,67
2026-08-18 18:58:14,Junction D,111,0.555,43,22.3,73.8,18:58,Cloudy,1,80
2026-08-18 19:08:14,Junction E,83,0.415,32,25.8,55.7,19:08,Cloudy,1,67
2026-08-18 19:18:14,Junction D,77,0.385,21,24.2,34.5,19:18,Sunny,1,62
2026-08-18 19:28:14,Junction A,104,0.52,34,22.1,57.6,19:28,Sunny,1,74
2026-08-18 19:38:14,Junction D,82,0.41,17,24.8,33.9,19:38,Sunny,1,60
2026-08-18 19:48:14,Junction A,97,0.485,21,21.8,35.9,19:48,Sunny,1,69
2026-08-18 19:58:14,Junction B,64,0.32,25,23.9,41.7,19:58,Foggy,1,59
2026-08-18 20:08:14,Junction C,18,0.09,3,35.9,6.9,20:08,Sunny,0,33
2026-08-18 20:18:14,Junction C,39,0.195,16,30.2,25.9,20:18,Sunny,0,44
2026-08-18 20:28:14,Junction F,47,0.235,11,49.2,17.4,20:28,Sunny,0,42
2026-08-18 20:38:14,Junction E,6,0.03,1,39.0,5.0,20:38,Sunny,0,29
2026-08-18 20:48:14,Junction D,70,0.35,27,22.5,43.5,20:48,Rainy,0,54
2026-08-18 20:58:14,Junction B,8,0.04,1,36.7,5.0,20:58,Sunny,0,30
2026-08-18 21:08:14,Junction F,70,0.35,33,38.8,54.4,21:08,Rainy,0,55
2026-08-18 21:18:14,Junction A,59,0.295,20,26.3,31.9,21:18,Rainy,0,51
2026-08-18 21:28:14,Junction A,40,0.2,14,34.0,25.0,21:28,Sunny,0,38
2026-08-18 21:38:14,Junction A,50,0.25,19,28.5,32.2,21:38,Sunny,0,46
2026-08-18 21:48:14,Junction C,46,0.23,19,29.7,29.3,21:48,Sunny,0,47
2026-08-18 21:58:14,Junction F,50,0.25,15,41.7,26.0,21:58,Rainy,0,42
2026-08-18 22:08:14,Junction E,5,0.025,1,30.1,5.0,22:08,Rainy,0,24
2026-08-18 22:18:14,Junction F,63,0.315,17,48.8,33.1,22:18,Cloudy,0,48
2026-08-18 22:28:14,Junction E,9,0.045,2,34.9,5.0,22:28,Sunny,0,30
2026-08-18 22:38:14,Junction E,35,0.175,11,30.9,20.3,22:38,Sunny,0,36
2026-08-18 22:48:14,Junction F,34,0.17,8,54.5,12.5,22:48,Sunny,0,38
2026-08-18 22:58:14,Junction C,46,0.23,19,30.5,31.1,22:58,Sunny,0,42
2026-08-18 23:08:14,Junction F,80,0.4,22,44.9,39.9,23:08,Sunny,0,54
2026-08-18 23:18:14,Junction B,22,0.11,7,32.7,11.5,23:18,Sunny,0,34
2026-08-18 23:28:14,Junction D,30,0.15,10,33.4,15.7,23:28,Cloudy,0,39
2026-08-18 23:38:14,Junction D,54,0.27,13,27.7,25.3,23:38,Sunny,0,41
2026-08-18 23:48:14,Junction F,77,0.385,28,41.1,46.8,23:48,Rainy,0,53
2026-08-18 23:58:14,Junction E,7,0.035,3,37.7,5.0,23:58,Sunny,0,29
2026-08-19 00:08:14,Junction D,54,0.27,19,28.8,33.0,00:08,Sunny,0,45
2026-08-19 00:18:14,Junction E,31,0.155,9,34.7,13.7,00:18,Sunny,0,36
2026-08-19 00:28:14,Junction F,32,0.16,6,52.6,9.1,00:28,Sunny,0,36
2026-08-19 00:38:14,Junction E,7,0.035,2,35.2,5.0,00:38,Sunny,0,30
2026-08-19 00:48:14,Junction F,69,0.345,29,49.5,45.8,00:48,Sunny,0,53
2026-08-19 00:58:14,Junction E,18,0.09,3,34.8,5.0,00:58,Sunny,0,29
2026-08-19 01:08:14,Junction B,59,0.295,21,22.5,35.8,01:08,Rainy,0,49
2026-08-19 01:18:14,Junction F,20,0.1,6,54.6,8.2,01:18,Cloudy,0,32
2026-08-19 01:28:14,Junction A,71,0.355,34,22.2,55.1,01:28,Rainy,0,58
2026-08-19 01:38:14,Junction B,42,0.21,9,32.0,14.8,01:38,Sunny,0,39
2026-08-19 01:48:14,Junction E,5,0.025,1,37.4,5.0,01:48,Sunny,0,24
2026-08-19 01:58:14,Junction B,28,0.14,9,28.0,18.1,01:58,Foggy,0,35
2026-08-19 02:08:14,Junction E,27,0.135,13,29.2,20.6,02:08,Rainy,0,39
2026-08-19 02:18:14,Junction F,47,0.235,18,49.1,33.0,02:18,Cloudy,0,42
2026-08-19 02:28:14,Junction C,19,0.095,4,35.7,8.2,02:28,Sunny,0,33
2026-08-19 02:38:14,Junction B,21,0.105,6,27.1,7.6,02:38,Rainy,0,33
2026-08-19 02:48:14,Junction E,35,0.175,13,32.4,24.9,02:48,Sunny,0,40
2026-08-19 02:58:14,Junction C,49,0.245,20,25.8,32.7,02:58,Rainy,0,45
2026-08-19 03:08:14,Junction E,45,0.225,9,33.1,17.4,03:08,Sunny,0,37
2026-08-19 03:18:14,Junction A,58,0.29,18,29.4,31.5,03:18,Sunny,0,44
2026-08-19 03:28:14,Junction F,53,0.265,20,47.7,33.3,03:28,Sunny,0,46
2026-08-19 03:38:14,Junction B,5,0.025,2,31.6,5.0,03:38,Rainy,0,30
2026-08-19 03:48:14,Junction F,59,0.295,24,42.0,41.0,03:48,Rainy,0,49
2026-08-19 03:58:14,Junction B,40,0.2,20,25.2,32.8,03:58,Rainy,0,45
2026-08-19 04:08:14,Junction F,62,0.31,15,46.6,26.1,04:08,Sunny,0,47
2026-08-19 04:18:14,Junction F,41,0.205,12,49.5,19.0,04:18,Sunny,0,41
2026-08-19 04:28:14,Junction F,84,0.42,30,37.6,48.3,04:28,Rainy,0,56
2026-08-19 04:38:14,Junction B,10,0.05,3,32.6,7.1,04:38,Rainy,0,26
2026-08-19 04:48:14,Junction D,20,0.1,4,29.7,6.6,04:48,Rainy,0,29
2026-08-19 04:58:14,Junction E,13,0.065,4,37.0,7.5,04:58,Sunny,0,31
2026-08-19 05:08:14,Junction A,33,0.165,9,31.7,17.5,05:08,Sunny,0,36
2026-08-19 05:18:14,Junction C,28,0.14,10,28.4,14.1,05:18,Rainy,0,35
2026-08-19 05:28:14,Junction C,34,0.17,12,30.7,20.7,05:28,Sunny,0,38
2026-08-19 05:38:14,Junction D,53,0.265,19,30.3,30.4,05:38,Sunny,0,48
2026-08-19 05:48:14,Junction D,59,0.295,16,29.9,28.0,05:48,Cloudy,0,45
2026-08-19 05:58:14,Junction D,33,0.165,12,33.3,21.3,05:58,Sunny,0,40
2026-08-19 06:08:14,Junction C,44,0.22,14,29.0,22.3,06:08,Sunny,0,42
2026-08-19 06:18:14,Junction D,52,0.26,13,28.4,25.4,06:18,Sunny,0,45
2026-08-19 06:28:14,Junction E,30,0.15,7,35.4,14.6,06:28,Sunny,0,37
2026-08-19 06:38:14,Junction C,30,0.15,12,29.1,18.7,06:38,Rainy,0,35
2026-08-19 06:48:14,Junction A,49,0.245,15,28.8,26.4,06:48,Cloudy,0,42
2026-08-19 06:58:14,Junction F,53,0.265,20,41.8,33.9,06:58,Rainy,0,46
2026-08-19 07:08:14,Junction C,43,0.215,9,27.0,17.5,07:08,Foggy,0,39
2026-08-19 07:18:14,Junction F,56,0.28,22,50.9,37.4,07:18,Sunny,0,49
2026-08-19 07:28:14,Junction F,63,0.315,21,46.2,38.1,07:28,Sunny,0,47
2026-08-19 07:38:14,Junction D,42,0.21,10,30.3,16.2,07:38,Sunny,0,38
2026-08-19 07:48:14,Junction A,67,0.335,17,27.3,31.2,07:48,Sunny,0,45
2026-08-19 07:58:14,Junction B,11,0.055,2,31.8,6.4,07:58,Rainy,0,30
2026-08-19 08:08:14,Junction E,64,0.32,15,30.3,25.9,08:08,Sunny,1,55
2026-08-19 08:18:14,Junction F,92,0.46,24,46.1,43.8,08:18,Sunny,1,69
2026-08-19 08:28:14,Junction D,106,0.53,33,19.0,55.0,08:28,Rainy,1,77
2026-08-19 08:38:14,Junction F,136,0.68,57,35.6,93.8,08:38,Sunny,1,90
2026-08-19 08:48:14,Junction B,87,0.435,31,19.2,52.2,08:48,Rainy,1,72
2026-08-19 08:58:14,Junction F,130,0.65,54,40.0,91.2,08:58,Sunny,1,90
2026-08-19 09:08:14,Junction E,36,0.18,15,33.8,22.7,09:08,Sunny,1,48
2026-08-19 09:18:14,Junction E,46,0.23,13,25.8,25.4,09:18,Foggy,1,53
2026-08-19 09:28:14,Junction D,85,0.425,19,27.2,35.5,09:28,Sunny,1,60
2026-08-19 09:38:14,Junction E,64,0.32,22,26.5,38.0,09:38,Cloudy,1,60
2026-08-19 09:48:14,Junction D,91,0.455,38,24.5,61.3,09:48,Sunny,1,73
2026-08-19 09:58:14,Junction A,130,0.65,42,16.7,71.4,09:58,Sunny,1,87
2026-08-19 10:08:14,Junction F,131,0.655,36,36.3,61.0,10:08,Sunny,1,83
2026-08-19 10:18:14,Junction A,114,0.57,44,21.1,73.7,10:18,Cloudy,1,81
2026-08-19 10:28:14,Junction C,132,0.66,51,18.8,88.3,10:28,Sunny,1,90
2026-08-19 10:38:14,Junction A,115,0.575,40,20.7,71.4,10:38,Cloudy,1,78
2026-08-19 10:48:14,Junction D,108,0.54,39,19.2,66.9,10:48,Sunny,1,80
2026-08-19 10:58:14,Junction C,60,0.3,16,27.2,29.2,10:58,Sunny,1,58
2026-08-19 11:08:14,Junction F,36,0.18,7,51.6,13.0,11:08,Sunny,0,38
2026-08-19 11:18:14,Junction C,38,0.19,10,30.7,18.1,11:18,Sunny,0,37
2026-08-19 11:28:14,Junction F,43,0.215,17,50.1,31.3,11:28,Sunny,0,43
2026-08-19 11:38:14,Junction B,44,0.22,10,30.8,17.2,11:38,Cloudy,0,37
2026-08-19 11:48:14,Junction C,64,0.32,16,21.8,30.4,11:48,Foggy,0,45
2026-08-19 11:58:14,Junction D,45,0.225,15,30.5,26.5,11:58,Sunny,0,44
2026-08-19 12:08:14,Junction A,86,0.43,20,25.9,39.1,12:08,Sunny,0,53
2026-08-19 12:18:14,Junction D,33,0.165,10,33.9,15.7,12:18,Sunny,0,34
2026-08-19 12:28:14,Junction C,69,0.345,24,23.6,40.6,12:28,Rainy,0,54
2026-08-19 12:38:14,Junction D,17,0.085,7,36.2,9.5,12:38,Sunny,0,33
2026-08-19 12:48:14,Junction F,53,0.265,22,41.0,37.7,12:48,Rainy,0,50
2026-08-19 12:58:14,Junction B,40,0.2,16,31.8,29.4,12:58,Cloudy,0,41
2026-08-19 13:08:14,Junction E,13,0.065,3,36.2,5.5,13:08,Cloudy,0,31
2026-08-19 13:18:14,Junction D,54,0.27,20,31.5,36.3,13:18,Sunny,0,48
2026-08-19 13:28:14,Junction A,77,0.385,15,25.1,28.5,13:28,Sunny,0,52
2026-08-19 13:38:14,Junction B,25,0.125,9,27.4,12.7,13:38,Rainy,0,36
2026-08-19 13:48:14,Junction C,57,0.285,16,25.7,29.7,13:48,Rainy,0,48
2026-08-19 13:58:14,Junction B,33,0.165,14,32.1,22.4,13:58,Sunny,0,39
2026-08-19 14:08:14,Junction E,17,0.085,4,32.7,9.1,14:08,Sunny,0,30
2026-08-19 14:18:14,Junction D,23,0.115,6,32.0,8.9,14:18,Sunny,0,32
2026-08-19 14:28:14,Junction C,55,0.275,18,24.7,30.8,14:28,Rainy,0,45
2026-08-19 14:38:14,Junction E,37,0.185,10,26.9,16.1,14:38,Rainy,0,35
2026-08-19 14:48:14,Junction E,52,0.26,20,28.2,34.1,14:48,Sunny,0,44
2026-08-19 14:58:14,Junction A,45,0.225,14,29.1,22.8,14:58,Cloudy,0,43
2026-08-19 15:08:14,Junction E,33,0.165,10,32.8,17.1,15:08,Sunny,0,35
2026-08-19 15:18:14,Junction B,13,0.065,3,34.7,7.2,15:18,Sunny,0,32
2026-08-19 15:28:14,Junction A,70,0.35,19,29.0,36.6,15:28,Sunny,0,50
2026-08-19 15:38:14,Junction E,19,0.095,3,35.1,5.0,15:38,Sunny,0,32
2026-08-19 15:48:14,Junction F,59,0.295,17,49.1,31.2,15:48,Sunny,0,44
2026-08-19 15:58:14,Junction F,75,0.375,31,45.4,53.2,15:58,Cloudy,0,54
2026-08-19 16:08:14,Junction B,27,0.135,5,34.2,6.8,16:08,Cloudy,0,31
2026-08-19 16:18:14,Junction C,22,0.11,9,32.5,13.1,16:18,Sunny,0,37
2026-08-19 16:28:14,Junction D,55,0.275,19,28.8,29.8,16:28,Sunny,0,47
2026-08-19 16:38:14,Junction F,24,0.12,7,55.1,9.8,16:38,Sunny,0,36
2026-08-19 16:48:14,Junction A,75,0.375,30,26.4,51.2,16:48,Sunny,0,59
2026-08-19 16:58:14,Junction A,46,0.23,9,29.0,19.6,16:58,Sunny,0,37
2026-08-19 17:08:14,Junction B,62,0.31,30,24.5,47.8,17:08,Rainy,1,63
2026-08-19 17:18:14,Junction B,75,0.375,30,26.8,49.1,17:18,Sunny,1,64
2026-08-19 17:28:14,Junction B,42,0.21,17,30.7,28.3,17:28,Sunny,1,52
2026-08-19 17:38:14,Junction B,68,0.34,16,22.5,31.8,17:38,Rainy,1,56
2026-08-19 17:48:14,Junction B,96,0.48,35,20.6,57.3,17:48,Sunny,1,76
2026-08-19 17:58:14,Junction C,136,0.68,43,12.9,76.9,17:58,Rainy,1,88
2026-08-19 18:08:14,Junction E,53,0.265,12,30.7,20.1,18:08,Sunny,1,55
2026-08-19 18:18:14,Junction F,128,0.64,66,33.7,106.1,18:18,Rainy,1,90
2026-08-19 18:28:14,Junction A,154,0.77,57,14.4,96.2,18:28,Sunny,1,90
2026-08-19 18:38:14,Junction A,99,0.495,27,23.2,46.7,18:38,Sunny,1,71
2026-08-19 18:48:14,Junction C,79,0.395,22,26.0,39.0,18:48,Sunny,1,61
2026-08-19 18:58:14,Junction E,82,0.41,31,26.1,51.1,18:58,Sunny,1,66
2026-08-19 19:08:14,Junction D,94,0.47,24,18.2,43.0,19:08,Rainy,1,70
2026-08-19 19:18:14,Junction C,80,0.4,18,24.3,30.2,19:18,Sunny,1,63
2026-08-19 19:28:14,Junction C,96,0.48,25,23.3,42.5,19:28,Sunny,1,70
2026-08-19 19:38:14,Junction F,101,0.505,44,42.5,76.5,19:38,Sunny,1,82
2026-08-19 19:48:14,Junction A,161,0.805,49,12.8,87.3,19:48,Rainy,1,90
2026-08-19 19:58:14,Junction D,81,0.405,36,23.4,58.3,19:58,Rainy,1,70
2026-08-19 20:08:14,Junction E,52,0.26,18,30.5,29.2,20:08,Sunny,0,47
2026-08-19 20:18:14,Junction A,72,0.36,32,26.1,51.0,20:18,Cloudy,0,59
2026-08-19 20:28:14,Junction A,66,0.33,25,28.6,41.4,20:28,Sunny,0,50
2026-08-19 20:38:14,Junction F,38,0.19,13,45.9,20.0,20:38,Rainy,0,40
2026-08-19 20:48:14,Junction A,37,0.185,13,31.2,23.4,20:48,Sunny,0,37
2026-08-19 20:58:14,Junction C,66,0.33,19,24.4,34.7,20:58,Rainy,0,49
2026-08-19 21:08:14,Junction E,33,0.165,13,32.3,19.6,21:08,Sunny,0,40
2026-08-19 21:18:14,Junction E,33,0.165,7,32.8,11.5,21:18,Cloudy,0,33
2026-08-19 21:28:14,Junction B,24,0.12,7,27.6,11.1,21:28,Rainy,0,34
2026-08-19 21:38:14,Junction D,45,0.225,14,31.8,23.0,21:38,Sunny,0,43
2026-08-19 21:48:14,Junction E,34,0.17,10,30.0,15.6,21:48,Sunny,0,34
2026-08-19 21:58:14,Junction E,37,0.185,13,30.7,21.6,21:58,Sunny,0,37
2026-08-19 22:08:14,Junction B,47,0.235,14,32.2,23.6,22:08,Sunny,0,44
2026-08-19 22:18:14,Junction F,64,0.32,14,46.4,28.1,22:18,Sunny,0,45
2026-08-19 22:28:14,Junction F,73,0.365,23,47.5,40.3,22:28,Sunny,0,51
2026-08-19 22:38:14,Junction E,5,0.025,1,29.8,5.0,22:38,Rainy,0,25
2026-08-19 22:48:14,Junction E,21,0.105,7,34.8,12.1,22:48,Sunny,0,31
2026-08-19 22:58:14,Junction F,64,0.32,19,50.2,32.9,22:58,Sunny,0,46
2026-08-19 23:08:14,Junction C,73,0.365,18,21.1,32.9,23:08,Rainy,0,52
2026-08-19 23:18:14,Junction F,66,0.33,28,40.0,47.1,23:18,Rainy,0,53
2026-08-19 23:28:14,Junction E,12,0.06,4,31.8,9.4,23:28,Rainy,0,28
2026-08-19 23:38:14,Junction B,26,0.13,6,28.5,9.0,23:38,Rainy,0,32
2026-08-19 23:48:14,Junction D,16,0.08,6,35.9,12.1,23:48,Sunny,0,31
2026-08-19 23:58:14,Junction E,16,0.08,3,29.9,8.1,23:58,Rainy,0,31
2026-08-20 00:08:14,Junction F,41,0.205,16,53.3,28.9,00:08,Sunny,0,42
2026-08-20 00:18:14,Junction D,39,0.195,9,30.8,14.1,00:18,Sunny,0,36
2026-08-20 00:28:14,Junction D,55,0.275,14,27.0,27.5,00:28,Sunny,0,44
2026-08-20 00:38:14,Junction C,67,0.335,27,29.0,46.9,00:38,Cloudy,0,51
2026-08-20 00:48:14,Junction B,41,0.205,12,30.6,22.3,00:48,Sunny,0,37
2026-08-20 00:58:14,Junction B,21,0.105,7,33.6,11.0,00:58,Sunny,0,35
2026-08-20 01:08:14,Junction D,49,0.245,15,32.5,26.8,01:08,Cloudy,0,44
2026-08-20 01:18:14,Junction A,39,0.195,12,30.5,19.8,01:18,Cloudy,0,41
2026-08-20 01:28:14,Junction A,71,0.355,28,24.9,46.5,01:28,Sunny,0,57
2026-08-20 01:38:14,Junction A,84,0.42,30,20.6,53.5,01:38,Rainy,0,55
2026-08-20 01:48:14,Junction F,76,0.38,26,46.1,42.5,01:48,Sunny,0,52
2026-08-20 01:58:14,Junction E,28,0.14,8,31.3,12.9,01:58,Sunny,0,35
2026-08-20 02:08:14,Junction C,61,0.305,25,22.6,43.2,02:08,Rainy,0,52
2026-08-20 02:18:14,Junction F,82,0.41,30,44.2,48.6,02:18,Sunny,0,58
2026-08-20 02:28:14,Junction D,47,0.235,17,28.4,31.0,02:28,Sunny,0,44
2026-08-20 02:38:14,Junction C,70,0.35,31,23.9,50.9,02:38,Rainy,0,58
2026-08-20 02:48:14,Junction B,52,0.26,21,26.3,35.3,02:48,Rainy,0,45
2026-08-20 02:58:14,Junction C,45,0.225,18,25.1,33.2,02:58,Foggy,0,46
2026-08-20 03:08:14,Junction D,42,0.21,18,29.9,31.5,03:08,Sunny,0,43
2026-08-20 03:18:14,Junction C,43,0.215,17,28.8,29.7,03:18,Cloudy,0,40
2026-08-20 03:28:14,Junction B,37,0.185,13,30.2,21.1,03:28,Cloudy,0,42
2026-08-20 03:38:14,Junction D,63,0.315,18,27.1,32.0,03:38,Sunny,0,46
2026-08-20 03:48:14,Junction C,64,0.32,14,27.7,25.7,03:48,Sunny,0,49
2026-08-20 03:58:14,Junction C,14,0.07,3,36.1,6.5,03:58,Sunny,0,28
2026-08-20 04:08:14,Junction B,39,0.195,12,30.5,18.0,04:08,Sunny,0,39
2026-08-20 04:18:14,Junction B,9,0.045,2,29.4,5.0,04:18,Rainy,0,26
2026-08-20 04:28:14,Junction D,73,0.365,24,22.0,40.4,04:28,Rainy,0,56
2026-08-20 04:38:14,Junction E,5,0.025,1,36.7,5.0,04:38,Sunny,0,27
2026-08-20 04:48:14,Junction C,19,0.095,8,36.6,11.9,04:48,Sunny,0,34
2026-08-20 04:58:14,Junction C,32,0.16,6,33.0,11.4,04:58,Sunny,0,37
2026-08-20 05:08:14,Junction D,50,0.25,15,28.5,24.3,05:08,Sunny,0,41
2026-08-20 05:18:14,Junction E,18,0.09,7,32.4,11.3,05:18,Sunny,0,30
2026-08-20 05:28:14,Junction A,63,0.315,21,27.8,36.1,05:28,Sunny,0,49
2026-08-20 05:38:14,Junction D,50,0.25,19,30.7,30.6,05:38,Sunny,0,43
2026-08-20 05:48:14,Junction B,27,0.135,10,31.8,15.0,05:48,Sunny,0,36
2026-08-20 05:58:14,Junction E,34,0.17,14,34.0,22.1,05:58,Sunny,0,41
2026-08-20 06:08:14,Junction E,45,0.225,18,27.3,31.3,06:08,Rainy,0,46
2026-08-20 06:18:14,Junction D,63,0.315,20,30.3,36.6,06:18,Sunny,0,50
2026-08-20 06:28:14,Junction F,89,0.445,17,43.7,29.7,06:28,Sunny,0,56
2026-08-20 06:38:14,Junction D,47,0.235,9,29.1,14.9,06:38,Sunny,0,40
2026-08-20 06:48:14,Junction D,36,0.18,10,34.3,15.8,06:48,Cloudy,0,40
2026-08-20 06:58:14,Junction D,44,0.22,9,30.6,17.0,06:58,Cloudy,0,39
2026-08-20 07:08:14,Junction A,27,0.135,7,27.3,10.1,07:08,Rainy,0,32
2026-08-20 07:18:14,Junction E,14,0.07,3,36.8,5.6,07:18,Sunny,0,28
2026-08-20 07:28:14,Junction D,46,0.23,19,33.1,30.6,07:28,Cloudy,0,42
2026-08-20 07:38:14,Junction E,18,0.09,7,36.5,12.2,07:38,Sunny,0,33
2026-08-20 07:48:14,Junction F,51,0.255,19,50.5,30.2,07:48,Sunny,0,43
2026-08-20 07:58:14,Junction E,25,0.125,10,33.8,19.7,07:58,Sunny,0,33
2026-08-20 08:08:14,Junction F,123,0.615,30,31.6,54.6,08:08,Rainy,1,79
2026-08-20 08:18:14,Junction B,59,0.295,22,26.5,37.6,08:18,Cloudy,1,61
2026-08-20 08:28:14,Junction F,161,0.805,52,34.9,87.2,08:28,Sunny,1,90
2026-08-20 08:38:14,Junction F,113,0.565,42,39.4,71.1,08:38,Sunny,1,83
2026-08-20 08:48:14,Junction D,48,0.24,12,31.1,21.6,08:48,Sunny,1,54
2026-08-20 08:58:14,Junction B,50,0.25,10,29.8,17.1,08:58,Sunny,1,54
2026-08-20 09:08:14,Junction C,130,0.65,31,20.4,58.0,09:08,Sunny,1,81
2026-08-20 09:18:14,Junction C,108,0.54,31,20.3,52.2,09:18,Sunny,1,74
2026-08-20 09:28:14,Junction E,63,0.315,22,27.8,35.6,09:28,Sunny,1,59
2026-08-20 09:38:14,Junction F,91,0.455,19,41.5,37.1,09:38,Sunny,1,63
2026-08-20 09:48:14,Junction C,100,0.5,38,21.2,62.5,09:48,Sunny,1,75
2026-08-20 09:58:14,Junction C,85,0.425,32,23.0,52.3,09:58,Sunny,1,71
2026-08-20 10:08:14,Junction C,88,0.44,37,22.8,61.6,10:08,Sunny,1,75
2026-08-20 10:18:14,Junction D,85,0.425,27,26.2,46.9,10:18,Cloudy,1,66
2026-08-20 10:28:14,Junction F,102,0.51,24,43.7,46.0,10:28,Sunny,1,69
2026-08-20 10:38:14,Junction B,69,0.345,31,21.2,53.1,10:38,Rainy,1,66
2026-08-20 10:48:14,Junction C,117,0.585,62,15.4,101.0,10:48,Rainy,1,90
2026-08-20 10:58:14,Junction F,89,0.445,33,43.5,54.5,10:58,Sunny,1,74
2026-08-20 11:08:14,Junction A,52,0.26,13,27.6,21.2,11:08,Cloudy,0,42
2026-08-20 11:18:14,Junction A,36,0.18,7,29.1,10.7,11:18,Foggy,0,37
2026-08-20 11:28:14,Junction B,18,0.09,4,32.3,10.0,11:28,Cloudy,0,31
2026-08-20 11:38:14,Junction B,61,0.305,25,25.9,44.1,11:38,Rainy,0,53
2026-08-20 11:48:14,Junction B,43,0.215,15,29.0,28.0,11:48,Sunny,0,40
2026-08-20 11:58:14,Junction E,43,0.215,22,28.3,35.5,11:58,Rainy,0,48
2026-08-20 12:08:14,Junction F,51,0.255,12,51.1,21.6,12:08,Sunny,0,41
2026-08-20 12:18:14,Junction A,57,0.285,18,27.6,31.1,12:18,Sunny,0,49
2026-08-20 12:28:14,Junction B,47,0.235,9,29.6,15.1,12:28,Sunny,0,37
2026-08-20 12:38:14,Junction E,41,0.205,12,31.5,20.6,12:38,Sunny,0,39
2026-08-20 12:48:14,Junction A,85,0.425,20,20.9,34.7,12:48,Rainy,0,52
2026-08-20 12:58:14,Junction B,21,0.105,9,35.1,15.0,12:58,Cloudy,0,35
2026-08-20 13:08:14,Junction D,21,0.105,8,33.1,14.7,13:08,Cloudy,0,33
2026-08-20 13:18:14,Junction C,70,0.35,30,26.0,49.3,13:18,Cloudy,0,54
2026-08-20 13:28:14,Junction E,34,0.17,14,30.5,23.5,13:28,Sunny,0,42
2026-08-20 13:38:14,Junction A,51,0.255,22,28.2,39.6,13:38,Sunny,0,45
2026-08-20 13:48:14,Junction B,31,0.155,8,26.2,11.6,13:48,Foggy,0,38
2026-08-20 13:58:14,Junction A,38,0.19,9,29.9,16.1,13:58,Sunny,0,38
2026-08-20 14:08:14,Junction F,71,0.355,16,40.4,29.7,14:08,Rainy,0,48
2026-08-20 14:18:14,Junction E,42,0.21,11,24.9,20.3,14:18,Foggy,0,36
2026-08-20 14:28:14,Junction E,17,0.085,4,28.6,7.2,14:28,Rainy,0,27
2026-08-20 14:38:14,Junction C,39,0.195,14,31.1,21.0,14:38,Sunny,0,43
2026-08-20 14:48:14,Junction D,29,0.145,10,28.6,18.4,14:48,Rainy,0,36
2026-08-20 14:58:14,Junction B,6,0.03,1,30.4,5.0,14:58,Rainy,0,23
2026-08-20 15:08:14,Junction C,39,0.195,19,26.8,29.3,15:08,Rainy,0,45
2026-08-20 15:18:14,Junction E,35,0.175,11,33.6,21.2,15:18,Sunny,0,41
2026-08-20 15:28:14,Junction A,56,0.28,19,28.0,32.8,15:28,Sunny,0,44
2026-08-20 15:38:14,Junction C,43,0.215,12,24.8,21.6,15:38,Rainy,0,39
2026-08-20 15:48:14,Junction F,45,0.225,16,48.8,24.8,15:48,Sunny,0,43
2026-08-20 15:58:14,Junction F,36,0.18,12,42.9,20.7,15:58,Foggy,0,37
2026-08-20 16:08:14,Junction E,37,0.185,16,34.2,24.8,16:08,Sunny,0,43
2026-08-20 16:18:14,Junction C,50,0.25,19,26.7,30.2,16:18,Rainy,0,48
2026-08-20 16:28:14,Junction D,38,0.19,11,30.7,21.7,16:28,Sunny,0,39
2026-08-20 16:38:14,Junction D,40,0.2,15,31.0,23.4,16:38,Sunny,0,39
2026-08-20 16:48:14,Junction F,31,0.155,10,54.4,18.7,16:48,Sunny,0,35
2026-08-20 16:58:14,Junction C,56,0.28,27,24.9,45.0,16:58,Rainy,0,49
2026-08-20 17:08:14,Junction C,78,0.39,32,24.6,51.7,17:08,Sunny,1,66
2026-08-20 17:18:14,Junction F,142,0.71,50,29.1,85.2,17:18,Rainy,1,90
2026-08-20 17:28:14,Junction B,95,0.475,23,25.4,41.8,17:28,Cloudy,1,68
2026-08-20 17:38:14,Junction D,97,0.485,28,22.8,52.0,17:38,Sunny,1,68
2026-08-20 17:48:14,Junction C,70,0.35,18,23.1,30.4,17:48,Rainy,1,61
2026-08-20 17:58:14,Junction C,70,0.35,29,27.9,49.9,17:58,Sunny,1,64
2026-08-20 18:08:14,Junction D,74,0.37,17,28.5,30.0,18:08,Cloudy,1,61
2026-08-20 18:18:14,Junction E,82,0.41,25,19.5,45.8,18:18,Foggy,1,66
2026-08-20 18:28:14,Junction A,138,0.69,34,12.6,61.6,18:28,Rainy,1,81
2026-08-20 18:38:14,Junction E,28,0.14,6,32.2,13.0,18:38,Sunny,1,47
2026-08-20 18:48:14,Junction D,98,0.49,27,22.0,46.5,18:48,Cloudy,1,71
2026-08-20 18:58:14,Junction D,129,0.645,68,15.5,109.0,18:58,Rainy,1,90
2026-08-20 19:08:14,Junction B,89,0.445,34,23.3,57.6,19:08,Sunny,1,72
2026-08-20 19:18:14,Junction B,66,0.33,20,25.0,34.0,19:18,Rainy,1,61
2026-08-20 19:28:14,Junction F,120,0.6,27,37.2,48.7,19:28,Sunny,1,72
2026-08-20 19:38:14,Junction A,142,0.71,31,14.5,59.3,19:38,Sunny,1,84
2026-08-20 19:48:14,Junction F,99,0.495,29,43.2,51.9,19:48,Sunny,1,72
2026-08-20 19:58:14,Junction E,35,0.175,16,26.5,24.8,19:58,Rainy,1,50
2026-08-20 20:08:14,Junction A,71,0.355,31,25.2,52.9,20:08,Sunny,0,57
2026-08-20 20:18:14,Junction A,69,0.345,28,26.1,48.4,20:18,Sunny,0,54
2026-08-20 20:28:14,Junction D,35,0.175,10,31.3,19.1,20:28,Sunny,0,39
2026-08-20 20:38:14,Junction A,45,0.225,9,25.4,19.7,20:38,Foggy,0,41
2026-08-20 20:48:14,Junction B,32,0.16,12,26.9,21.8,20:48,Rainy,0,36
2026-08-20 20:58:14,Junction D,23,0.115,7,29.1,13.8,20:58,Rainy,0,32
2026-08-20 21:08:14,Junction C,39,0.195,10,25.1,18.0,21:08,Rainy,0,40
2026-08-20 21:18:14,Junction C,19,0.095,7,27.8,10.6,21:18,Rainy,0,35
2026-08-20 21:28:14,Junction A,75,0.375,24,26.8,39.6,21:28,Sunny,0,53
2026-08-20 21:38:14,Junction B,5,0.025,1,35.8,5.0,21:38,Cloudy,0,28
2026-08-20 21:48:14,Junction E,34,0.17,9,32.0,19.0,21:48,Sunny,0,35
2026-08-20 21:58:14,Junction C,58,0.29,28,24.8,44.9,21:58,Rainy,0,52
2026-08-20 22:08:14,Junction D,17,0.085,7,32.8,11.6,22:08,Sunny,0,31
2026-08-20 22:18:14,Junction A,64,0.32,15,25.8,26.0,22:18,Sunny,0,46
2026-08-20 22:28:14,Junction A,46,0.23,14,24.2,24.6,22:28,Rainy,0,43
2026-08-20 22:38:14,Junction E,20,0.1,7,31.2,10.5,22:38,Rainy,0,33
2026-08-20 22:48:14,Junction B,22,0.11,8,33.3,13.3,22:48,Sunny,0,35
2026-08-20 22:58:14,Junction C,52,0.26,12,28.0,23.4,22:58,Sunny,0,43
2026-08-20 23:08:14,Junction B,36,0.18,14,32.8,23.0,23:08,Cloudy,0,42
2026-08-20 23:18:14,Junction B,11,0.055,2,37.0,5.0,23:18,Cloudy,0,30
2026-08-20 23:28:14,Junction F,41,0.205,9,53.6,16.9,23:28,Sunny,0,38
2026-08-20 23:38:14,Junction C,36,0.18,7,31.0,13.1,23:38,Sunny,0,36
2026-08-20 23:48:14,Junction B,22,0.11,9,31.8,13.8,23:48,Cloudy,0,33
2026-08-20 23:58:14,Junction C,33,0.165,13,31.8,23.9,23:58,Sunny,0,36
2026-08-21 00:08:14,Junction D,28,0.14,13,28.8,21.6,00:08,Rainy,0,35
2026-08-21 00:18:14,Junction C,60,0.3,12,24.0,25.0,00:18,Foggy,0,47
2026-08-21 00:28:14,Junction B,35,0.175,12,31.0,22.3,00:28,Sunny,0,41
2026-08-21 00:38:14,Junction D,24,0.12,4,29.9,5.0,00:38,Foggy,0,33
2026-08-21 00:48:14,Junction E,22,0.11,6,28.9,8.4,00:48,Rainy,0,31
2026-08-21 00:58:14,Junction E,35,0.175,10,33.3,14.7,00:58,Sunny,0,39
2026-08-21 01:08:14,Junction D,39,0.195,7,29.3,14.0,01:08,Cloudy,0,34
2026-08-21 01:18:14,Junction D,47,0.235,14,24.0,22.2,01:18,Foggy,0,40
2026-08-21 01:28:14,Junction C,33,0.165,11,34.4,21.3,01:28,Sunny,0,35
2026-08-21 01:38:14,Junction F,48,0.24,16,48.6,26.6,01:38,Sunny,0,45
2026-08-21 01:48:14,Junction B,40,0.2,10,26.5,18.6,01:48,Rainy,0,39
2026-08-21 01:58:14,Junction E,36,0.18,14,31.9,24.7,01:58,Sunny,0,40
2026-08-21 02:08:14,Junction D,50,0.25,18,28.3,30.3,02:08,Cloudy,0,48
2026-08-21 02:18:14,Junction B,22,0.11,9,33.4,12.8,02:18,Sunny,0,34
2026-08-21 02:28:14,Junction E,29,0.145,12,33.0,21.8,02:28,Sunny,0,36
2026-08-21 02:38:14,Junction E,31,0.155,12,33.4,18.3,02:38,Cloudy,0,37
2026-08-21 02:48:14,Junction F,43,0.215,13,52.3,22.1,02:48,Sunny,0,43
2026-08-21 02:58:14,Junction E,32,0.16,14,30.9,24.1,02:58,Sunny,0,41
2026-08-21 03:08:14,Junction E,34,0.17,9,31.0,17.5,03:08,Sunny,0,36
2026-08-21 03:18:14,Junction D,34,0.17,10,26.9,19.0,03:18,Rainy,0,38
2026-08-21 03:28:14,Junction D,36,0.18,15,29.9,24.8,03:28,Sunny,0,39
2026-08-21 03:38:14,Junction D,44,0.22,17,31.5,30.1,03:38,Sunny,0,40
2026-08-21 03:48:14,Junction E,33,0.165,8,27.6,16.1,03:48,Rainy,0,36
2026-08-21 03:58:14,Junction D,34,0.17,9,31.5,18.7,03:58,Sunny,0,38
2026-08-21 04:08:14,Junction B,10,0.05,4,31.0,5.7,04:08,Foggy,0,27
2026-08-21 04:18:14,Junction E,17,0.085,3,33.8,7.3,04:18,Sunny,0,31
2026-08-21 04:28:14,Junction E,19,0.095,6,36.3,12.3,04:28,Sunny,0,30
2026-08-21 04:38:14,Junction F,66,0.33,24,47.0,38.3,04:38,Sunny,0,50
2026-08-21 04:48:14,Junction E,10,0.05,2,37.9,5.0,04:48,Cloudy,0,30
2026-08-21 04:58:14,Junction E,25,0.125,6,33.3,8.8,04:58,Sunny,0,30
2026-08-21 05:08:14,Junction B,27,0.135,11,34.6,17.0,05:08,Cloudy,0,37
2026-08-21 05:18:14,Junction D,24,0.12,6,35.3,8.2,05:18,Sunny,0,31
2026-08-21 05:28:14,Junction D,31,0.155,12,34.5,17.9,05:28,Sunny,0,35
2026-08-21 05:38:14,Junction B,43,0.215,19,27.8,30.0,05:38,Rainy,0,41
2026-08-21 05:48:14,Junction F,57,0.285,20,51.3,35.1,05:48,Cloudy,0,48
2026-08-21 05:58:14,Junction D,70,0.35,25,26.2,41.9,05:58,Sunny,0,54
2026-08-21 06:08:14,Junction F,75,0.375,31,46.8,52.9,06:08,Cloudy,0,55
2026-08-21 06:18:14,Junction C,14,0.07,5,37.7,8.4,06:18,Sunny,0,33
2026-08-21 06:28:14,Junction E,43,0.215,19,26.6,33.7,06:28,Rainy,0,43
2026-08-21 06:38:14,Junction C,41,0.205,14,33.0,22.2,06:38,Cloudy,0,43
2026-08-21 06:48:14,Junction F,35,0.175,7,52.5,14.2,06:48,Sunny,0,35
2026-08-21 06:58:14,Junction B,29,0.145,13,28.8,21.9,06:58,Rainy,0,37
2026-08-21 07:08:14,Junction A,29,0.145,12,30.8,19.1,07:08,Sunny,0,34
2026-08-21 07:18:14,Junction F,61,0.305,12,47.9,19.8,07:18,Sunny,0,46
2026-08-21 07:28:14,Junction B,29,0.145,11,34.4,17.2,07:28,Sunny,0,38
2026-08-21 07:38:14,Junction E,19,0.095,6,36.9,9.0,07:38,Sunny,0,32
2026-08-21 07:48:14,Junction D,15,0.075,5,35.9,10.7,07:48,Cloudy,0,31
2026-08-21 07:58:14,Junction D,30,0.15,7,33.5,14.6,07:58,Sunny,0,35
2026-08-21 08:08:14,Junction A,121,0.605,44,19.3,76.5,08:08,Sunny,1,85
2026-08-21 08:18:14,Junction C,98,0.49,20,24.8,38.2,08:18,Sunny,1,65
2026-08-21 08:28:14,Junction C,107,0.535,35,19.0,58.1,08:28,Sunny,1,74
2026-08-21 08:38:14,Junction B,76,0.38,31,24.0,50.0,08:38,Rainy,1,68
2026-08-21 08:48:14,Junction C,53,0.265,16,30.9,28.4,08:48,Sunny,1,56
2026-08-21 08:58:14,Junction A,80,0.4,26,26.5,43.2,08:58,Cloudy,1,68
2026-08-21 09:08:14,Junction F,165,0.825,81,27.6,132.2,09:08,Rainy,1,90
2026-08-21 09:18:14,Junction C,80,0.4,23,20.8,41.8,09:18,Foggy,1,65
2026-08-21 09:28:14,Junction F,106,0.53,26,42.1,44.0,09:28,Cloudy,1,69
2026-08-21 09:38:14,Junction B,44,0.22,14,33.2,23.2,09:38,Sunny,1,54
2026-08-21 09:48:14,Junction D,56,0.28,21,27.6,34.6,09:48,Cloudy,1,55
2026-08-21 09:58:14,Junction F,67,0.335,24,49.9,40.6,09:58,Sunny,1,59
2026-08-21 10:08:14,Junction A,106,0.53,45,21.3,78.2,10:08,Sunny,1,81
2026-08-21 10:18:14,Junction C,106,0.53,42,21.8,71.8,10:18,Cloudy,1,80
2026-08-21 10:28:14,Junction C,86,0.43,17,25.7,29.6,10:28,Sunny,1,60
2026-08-21 10:38:14,Junction B,63,0.315,17,29.3,29.4,10:38,Sunny,1,56
2026-08-21 10:48:14,Junction F,164,0.82,49,26.7,85.8,10:48,Rainy,1,90
2026-08-21 10:58:14,Junction D,100,0.5,23,23.6,40.9,10:58,Sunny,1,71
2026-08-21 11:08:14,Junction E,47,0.235,17,30.7,31.5,11:08,Cloudy,0,44
2026-08-21 11:18:14,Junction E,39,0.195,15,31.8,27.6,11:18,Sunny,0,43
2026-08-21 11:28:14,Junction D,39,0.195,9,30.8,16.0,11:28,Sunny,0,39
2026-08-21 11:38:14,Junction C,31,0.155,8,32.8,12.2,11:38,Sunny,0,34
2026-08-21 11:48:14,Junction D,56,0.28,19,27.3,35.0,11:48,Sunny,0,46
2026-08-21 11:58:14,Junction F,51,0.255,18,51.1,30.8,11:58,Sunny,0,47
2026-08-21 12:08:14,Junction A,66,0.33,25,29.8,42.2,12:08,Sunny,0,53
2026-08-21 12:18:14,Junction B,36,0.18,7,31.7,12.3,12:18,Sunny,0,35
2026-08-21 12:28:14,Junction A,60,0.3,20,26.1,36.7,12:28,Cloudy,0,48
2026-08-21 12:38:14,Junction B,33,0.165,10,33.3,19.1,12:38,Sunny,0,37
2026-08-21 12:48:14,Junction A,60,0.3,24,30.4,38.1,12:48,Sunny,0,48
2026-08-21 12:58:14,Junction F,67,0.335,22,48.7,37.3,12:58,Sunny,0,48
2026-08-21 13:08:14,Junction E,5,0.025,1,38.0,5.0,13:08,Sunny,0,24
2026-08-21 13:18:14,Junction E,46,0.23,14,29.2,27.1,13:18,Sunny,0,39
2026-08-21 13:28:14,Junction F,43,0.215,15,43.5,23.6,13:28,Rainy,0,43
2026-08-21 13:38:14,Junction F,43,0.215,9,51.3,18.1,13:38,Sunny,0,42
2026-08-21 13:48:14,Junction F,71,0.355,19,45.7,35.7,13:48,Sunny,0,52
2026-08-21 13:58:14,Junction A,64,0.32,12,27.0,22.5,13:58,Sunny,0,48
2026-08-21 14:08:14,Junction E,27,0.135,9,35.3,13.1,14:08,Cloudy,0,33
2026-08-21 14:18:14,Junction B,20,0.1,6,27.6,11.9,14:18,Rainy,0,30
2026-08-21 14:28:14,Junction F,45,0.225,12,52.4,22.9,14:28,Cloudy,0,41
2026-08-21 14:38:14,Junction F,50,0.25,15,51.8,27.1,14:38,Cloudy,0,46
2026-08-21 14:48:14,Junction A,72,0.36,26,28.3,42.1,14:48,Sunny,0,54
2026-08-21 14:58:14,Junction C,32,0.16,13,30.8,22.1,14:58,Sunny,0,41
2026-08-21 15:08:14,Junction C,50,0.25,15,27.8,23.6,15:08,Sunny,0,41
2026-08-21 15:18:14,Junction A,87,0.435,38,25.3,65.4,15:18,Sunny,0,66
2026-08-21 15:28:14,Junction E,15,0.075,4,35.7,8.6,15:28,Sunny,0,29
2026-08-21 15:38:14,Junction F,44,0.22,19,49.5,30.0,15:38,Sunny,0,46
2026-08-21 15:48:14,Junction A,56,0.28,18,28.6,32.8,15:48,Cloudy,0,47
2026-08-21 15:58:14,Junction B,32,0.16,13,33.5,20.5,15:58,Sunny,0,39
2026-08-21 16:08:14,Junction A,36,0.18,13,34.1,24.3,16:08,Sunny,0,41
2026-08-21 16:18:14,Junction E,28,0.14,11,34.1,16.8,16:18,Sunny,0,38
2026-08-21 16:28:14,Junction A,37,0.185,11,32.1,16.9,16:28,Sunny,0,39
2026-08-21 16:38:14,Junction B,47,0.235,17,28.5,29.7,16:38,Sunny,0,46
2026-08-21 16:48:14,Junction F,65,0.325,18,48.1,30.7,16:48,Sunny,0,47
2026-08-21 16:58:14,Junction D,44,0.22,9,30.6,17.6,16:58,Sunny,0,37
2026-08-21 17:08:14,Junction E,33,0.165,11,31.9,19.2,17:08,Sunny,1,46
2026-08-21 17:18:14,Junction F,144,0.72,42,35.5,73.1,17:18,Sunny,1,90
2026-08-21 17:28:14,Junction C,99,0.495,42,23.3,71.1,17:28,Sunny,1,81
2026-08-21 17:38:14,Junction E,47,0.235,15,32.5,27.7,17:38,Cloudy,1,52
2026-08-21 17:48:14,Junction A,120,0.6,51,18.4,86.6,17:48,Cloudy,1,85
2026-08-21 17:58:14,Junction E,93,0.465,39,19.4,62.8,17:58,Rainy,1,75
2026-08-21 18:08:14,Junction A,112,0.56,37,18.0,63.6,18:08,Foggy,1,76
2026-08-21 18:18:14,Junction B,63,0.315,17,29.8,30.7,18:18,Sunny,1,59
2026-08-21 18:28:14,Junction F,111,0.555,39,40.3,68.1,18:28,Cloudy,1,81
2026-08-21 18:38:14,Junction C,128,0.64,39,17.6,66.2,18:38,Rainy,1,81
2026-08-21 18:48:14,Junction D,130,0.65,40,16.3,69.2,18:48,Foggy,1,85
2026-08-21 18:58:14,Junction E,71,0.355,26,28.4,42.6,18:58,Sunny,1,65
2026-08-21 19:08:14,Junction F,108,0.54,31,43.5,52.2,19:08,Sunny,1,72
2026-08-21 19:18:14,Junction C,78,0.39,30,23.5,48.2,19:18,Sunny,1,70
2026-08-21 19:28:14,Junction C,56,0.28,23,27.7,39.6,19:28,Cloudy,1,56
2026-08-21 19:38:14,Junction A,147,0.735,65,15.2,107.5,19:38,Sunny,1,90
2026-08-21 19:48:14,Junction D,115,0.575,34,18.4,62.0,19:48,Rainy,1,76
2026-08-21 19:58:14,Junction E,58,0.29,11,29.6,19.9,19:58,Sunny,1,55
2026-08-21 20:08:14,Junction B,22,0.11,9,28.3,12.9,20:08,Rainy,0,37
2026-08-21 20:18:14,Junction B,53,0.265,21,29.5,34.8,20:18,Sunny,0,47
2026-08-21 20:28:14,Junction F,55,0.275,23,51.5,38.5,20:28,Sunny,0,48
2026-08-21 20:38:14,Junction C,44,0.22,15,30.8,26.3,20:38,Sunny,0,40
2026-08-21 20:48:14,Junction F,48,0.24,14,50.9,22.6,20:48,Sunny,0,43
2026-08-21 20:58:14,Junction B,32,0.16,15,25.7,27.0,20:58,Rainy,0,37
2026-08-21 21:08:14,Junction D,49,0.245,22,24.4,35.1,21:08,Rainy,0,49
2026-08-21 21:18:14,Junction E,5,0.025,1,37.7,5.0,21:18,Sunny,0,25
2026-08-21 21:28:14,Junction D,52,0.26,19,29.4,33.3,21:28,Sunny,0,48
2026-08-21 21:38:14,Junction E,25,0.125,6,32.2,8.5,21:38,Cloudy,0,36
2026-08-21 21:48:14,Junction E,22,0.11,4,33.5,5.1,21:48,Sunny,0,31
2026-08-21 21:58:14,Junction D,52,0.26,20,31.5,31.1,21:58,Sunny,0,45
2026-08-21 22:08:14,Junction D,17,0.085,7,36.2,14.3,22:08,Sunny,0,31
2026-08-21 22:18:14,Junction B,40,0.2,13,32.7,24.8,22:18,Sunny,0,39
2026-08-21 22:28:14,Junction B,13,0.065,5,28.6,8.6,22:28,Foggy,0,32
2026-08-21 22:38:14,Junction B,52,0.26,18,28.6,29.1,22:38,Sunny,0,43
2026-08-21 22:48:14,Junction B,16,0.08,6,31.0,11.2,22:48,Rainy,0,30
2026-08-21 22:58:14,Junction B,29,0.145,12,34.2,17.7,22:58,Sunny,0,38
2026-08-21 23:08:14,Junction B,21,0.105,7,35.4,12.1,23:08,Sunny,0,32
2026-08-21 23:18:14,Junction B,7,0.035,2,37.3,5.0,23:18,Sunny,0,30
2026-08-21 23:28:14,Junction A,82,0.41,27,27.2,45.8,23:28,Cloudy,0,56
2026-08-21 23:38:14,Junction B,5,0.025,1,38.7,5.0,23:38,Sunny,0,24
2026-08-21 23:48:14,Junction A,80,0.4,16,23.9,28.1,23:48,Sunny,0,51
2026-08-21 23:58:14,Junction D,44,0.22,11,31.2,21.2,23:58,Sunny,0,40
2026-08-22 00:08:14,Junction D,63,0.315,20,26.5,32.9,00:08,Sunny,0,51
2026-08-22 00:18:14,Junction C,25,0.125,8,33.4,15.2,00:18,Sunny,0,36
2026-08-22 00:28:14,Junction C,73,0.365,30,24.3,47.6,00:28,Sunny,0,59
2026-08-22 00:38:14,Junction F,43,0.215,18,50.3,28.3,00:38,Sunny,0,44
2026-08-22 00:48:14,Junction C,45,0.225,19,31.6,34.6,00:48,Sunny,0,45
2026-08-22 00:58:14,Junction C,40,0.2,9,30.9,15.4,00:58,Cloudy,0,35
2026-08-22 01:08:14,Junction C,48,0.24,15,31.6,27.0,01:08,Cloudy,0,44
2026-08-22 01:18:14,Junction B,38,0.19,9,29.3,18.7,01:18,Sunny,0,36
2026-08-22 01:28:14,Junction C,39,0.195,8,32.9,15.0,01:28,Sunny,0,36
2026-08-22 01:38:14,Junction C,37,0.185,10,30.7,17.6,01:38,Sunny,0,39
2026-08-22 01:48:14,Junction A,62,0.31,25,29.6,40.4,01:48,Sunny,0,53
2026-08-22 01:58:14,Junction F,25,0.125,7,52.8,13.7,01:58,Sunny,0,31
2026-08-22 02:08:14,Junction D,38,0.19,16,31.1,28.9,02:08,Sunny,0,38
2026-08-22 02:18:14,Junction F,66,0.33,27,47.4,42.9,02:18,Sunny,0,53
2026-08-22 02:28:14,Junction E,39,0.195,19,27.9,33.4,02:28,Rainy,0,43
2026-08-22 02:38:14,Junction A,69,0.345,20,27.8,34.1,02:38,Cloudy,0,51
2026-08-22 02:48:14,Junction C,47,0.235,10,32.2,18.0,02:48,Sunny,0,40
2026-08-22 02:58:14,Junction F,56,0.28,22,41.1,39.7,02:58,Foggy,0,48
2026-08-22 03:08:14,Junction B,31,0.155,9,34.9,15.1,03:08,Sunny,0,35
2026-08-22 03:18:14,Junction E,34,0.17,7,32.3,12.9,03:18,Sunny,0,38
2026-08-22 03:28:14,Junction E,36,0.18,16,26.0,26.6,03:28,Rainy,0,41
2026-08-22 03:38:14,Junction E,46,0.23,16,23.9,29.8,03:38,Foggy,0,44
2026-08-22 03:48:14,Junction D,34,0.17,11,33.7,22.0,03:48,Sunny,0,40
2026-08-22 03:58:14,Junction D,46,0.23,17,33.1,28.5,03:58,Sunny,0,43
2026-08-22 04:08:14,Junction D,55,0.275,24,29.5,37.5,04:08,Sunny,0,50
2026-08-22 04:18:14,Junction D,50,0.25,20,28.7,33.4,04:18,Sunny,0,48
2026-08-22 04:28:14,Junction C,29,0.145,7,33.6,11.0,04:28,Sunny,0,33
2026-08-22 04:38:14,Junction D,46,0.23,12,28.3,18.6,04:38,Sunny,0,39
2026-08-22 04:48:14,Junction A,34,0.17,11,30.0,19.8,04:48,Sunny,0,38
2026-08-22 04:58:14,Junction A,65,0.325,20,29.1,36.3,04:58,Sunny,0,51
2026-08-22 05:08:14,Junction E,26,0.13,10,32.1,17.7,05:08,Sunny,0,36
2026-08-22 05:18:14,Junction F,62,0.31,23,47.7,36.3,05:18,Cloudy,0,49
2026-08-22 05:28:14,Junction F,48,0.24,12,48.0,18.7,05:28,Sunny,0,39
2026-08-22 05:38:14,Junction C,48,0.24,22,25.5,39.4,05:38,Rainy,0,48
2026-08-22 05:48:14,Junction C,31,0.155,13,30.7,24.6,05:48,Sunny,0,41
2026-08-22 05:58:14,Junction D,59,0.295,27,25.9,46.5,05:58,Rainy,0,52
2026-08-22 06:08:14,Junction F,81,0.405,30,44.9,53.1,06:08,Cloudy,0,59
2026-08-22 06:18:14,Junction F,61,0.305,23,50.3,40.1,06:18,Sunny,0,52
2026-08-22 06:28:14,Junction B,31,0.155,8,28.9,13.1,06:28,Rainy,0,35
2026-08-22 06:38:14,Junction E,34,0.17,7,34.4,11.8,06:38,Sunny,0,36
2026-08-22 06:48:14,Junction B,43,0.215,21,28.4,34.6,06:48,Rainy,0,43
2026-08-22 06:58:14,Junction F,75,0.375,28,44.9,45.6,06:58,Sunny,0,53
2026-08-22 07:08:14,Junction F,91,0.455,39,38.9,67.6,07:08,Rainy,0,63
2026-08-22 07:18:14,Junction C,26,0.13,6,34.8,10.1,07:18,Cloudy,0,36
2026-08-22 07:28:14,Junction E,30,0.15,10,32.3,16.0,07:28,Sunny,0,39
2026-08-22 07:38:14,Junction E,23,0.115,9,28.7,18.0,07:38,Foggy,0,36
2026-08-22 07:48:14,Junction F,62,0.31,19,39.7,35.0,07:48,Rainy,0,46
2026-08-22 07:58:14,Junction A,40,0.2,16,29.6,25.5,07:58,Sunny,0,42
2026-08-22 08:08:14,Junction B,92,0.46,27,18.7,48.7,08:08,Foggy,1,66
2026-08-22 08:18:14,Junction D,114,0.57,27,20.4,48.9,08:18,Sunny,1,76
2026-08-22 08:28:14,Junction E,67,0.335,15,27.1,24.8,08:28,Sunny,1,58
2026-08-22 08:38:14,Junction E,96,0.48,26,18.0,48.9,08:38,Rainy,1,71
2026-08-22 08:48:14,Junction C,98,0.49,23,21.6,39.1,08:48,Sunny,1,65
2026-08-22 08:58:14,Junction A,72,0.36,15,27.9,30.7,08:58,Sunny,1,60
2026-08-22 09:08:14,Junction D,85,0.425,36,23.7,61.1,09:08,Sunny,1,72
2026-08-22 09:18:14,Junction F,88,0.44,19,43.4,35.5,09:18,Sunny,1,64
2026-08-22 09:28:14,Junction C,75,0.375,27,28.2,47.7,09:28,Cloudy,1,63
2026-08-22 09:38:14,Junction D,82,0.41,39,22.6,63.5,09:38,Rainy,1,74
2026-08-22 09:48:14,Junction E,60,0.3,18,25.4,33.0,09:48,Rainy,1,55
2026-08-22 09:58:14,Junction C,102,0.51,36,22.7,64.5,09:58,Sunny,1,73
2026-08-22 10:08:14,Junction D,128,0.64,29,19.3,52.7,10:08,Sunny,1,75
2026-08-22 10:18:14,Junction C,115,0.575,49,19.2,80.1,10:18,Sunny,1,88
2026-08-22 10:28:14,Junction E,53,0.265,21,30.2,37.6,10:28,Sunny,1,54
2026-08-22 10:38:14,Junction C,67,0.335,16,29.8,27.8,10:38,Sunny,1,56
2026-08-22 10:48:14,Junction F,84,0.42,21,46.2,37.5,10:48,Cloudy,1,61
2026-08-22 10:58:14,Junction B,84,0.42,20,25.2,37.0,10:58,Sunny,1,65
2026-08-22 11:08:14,Junction D,64,0.32,15,26.2,25.3,11:08,Sunny,0,49
2026-08-22 11:18:14,Junction F,27,0.135,8,43.6,12.0,11:18,Rainy,0,36
2026-08-22 11:28:14,Junction C,32,0.16,11,27.9,16.2,11:28,Foggy,0,38
2026-08-22 11:38:14,Junction A,87,0.435,26,23.3,46.8,11:38,Sunny,0,58
2026-08-22 11:48:14,Junction A,48,0.24,17,31.1,29.5,11:48,Sunny,0,42
2026-08-22 11:58:14,Junction C,58,0.29,13,30.1,23.7,11:58,Sunny,0,41
2026-08-22 12:08:14,Junction F,37,0.185,8,50.0,17.5,12:08,Sunny,0,40
2026-08-22 12:18:14,Junction B,57,0.285,16,31.0,31.0,12:18,Sunny,0,44
2026-08-22 12:28:14,Junction C,27,0.135,10,28.4,17.7,12:28,Rainy,0,38
2026-08-22 12:38:14,Junction D,39,0.195,13,31.2,22.8,12:38,Cloudy,0,37
2026-08-22 12:48:14,Junction A,75,0.375,32,27.4,54.3,12:48,Cloudy,0,57
2026-08-22 12:58:14,Junction D,38,0.19,12,31.2,22.8,12:58,Sunny,0,41
2026-08-22 13:08:14,Junction A,82,0.41,20,27.5,39.1,13:08,Sunny,0,53
2026-08-22 13:18:14,Junction F,56,0.28,15,47.6,28.4,13:18,Sunny,0,44
2026-08-22 13:28:14,Junction D,36,0.18,7,33.3,15.9,13:28,Sunny,0,38
2026-08-22 13:38:14,Junction B,9,0.045,3,32.1,5.0,13:38,Rainy,0,28
2026-08-22 13:48:14,Junction C,50,0.25,19,27.6,32.1,13:48,Rainy,0,44
2026-08-22 13:58:14,Junction C,41,0.205,10,29.5,20.8,13:58,Sunny,0,41
2026-08-22 14:08:14,Junction F,53,0.265,12,47.3,19.5,14:08,Sunny,0,40
2026-08-22 14:18:14,Junction E,31,0.155,8,35.2,14.7,14:18,Sunny,0,33
2026-08-22 14:28:14,Junction C,42,0.21,12,30.7,19.7,14:28,Sunny,0,42
2026-08-22 14:38:14,Junction E,48,0.24,13,26.6,24.5,14:38,Rainy,0,41
2026-08-22 14:48:14,Junction A,66,0.33,17,28.6,31.4,14:48,Sunny,0,50
2026-08-22 14:58:14,Junction C,16,0.08,3,34.3,5.0,14:58,Sunny,0,28
2026-08-22 15:08:14,Junction C,46,0.23,20,30.5,31.7,15:08,Sunny,0,47
2026-08-22 15:18:14,Junction A,37,0.185,8,33.5,16.9,15:18,Sunny,0,39
2026-08-22 15:28:14,Junction B,37,0.185,13,34.3,21.3,15:28,Sunny,0,38
2026-08-22 15:38:14,Junction F,62,0.31,30,41.7,49.7,15:38,Rainy,0,53
2026-08-22 15:48:14,Junction F,50,0.25,13,51.7,20.5,15:48,Sunny,0,40
2026-08-22 15:58:14,Junction A,37,0.185,8,31.7,12.3,15:58,Sunny,0,35
2026-08-22 16:08:14,Junction B,44,0.22,16,31.5,28.4,16:08,Sunny,0,42
2026-08-22 16:18:14,Junction E,5,0.025,1,32.8,5.0,16:18,Rainy,0,24
2026-08-22 16:28:14,Junction A,65,0.325,22,29.5,38.3,16:28,Sunny,0,49
2026-08-22 16:38:14,Junction B,5,0.025,1,35.6,5.0,16:38,Cloudy,0,29
2026-08-22 16:48:14,Junction A,40,0.2,17,32.9,30.9,16:48,Sunny,0,41
2026-08-22 16:58:14,Junction D,45,0.225,17,32.2,31.6,16:58,Sunny,0,43
2026-08-22 17:08:14,Junction D,97,0.485,37,22.4,64.4,17:08,Sunny,1,77
2026-08-22 17:18:14,Junction C,109,0.545,57,16.2,90.9,17:18,Rainy,1,89
2026-08-22 17:28:14,Junction A,106,0.53,40,17.2,67.4,17:28,Rainy,1,81
2026-08-22 17:38:14,Junction F,116,0.58,36,40.9,62.0,17:38,Cloudy,1,79
2026-08-22 17:48:14,Junction F,74,0.37,25,45.5,44.7,17:48,Sunny,1,63
2026-08-22 17:58:14,Junction D,98,0.49,21,23.3,40.3,17:58,Sunny,1,69
2026-08-22 18:08:14,Junction F,101,0.505,41,43.6,66.6,18:08,Cloudy,1,79
2026-08-22 18:18:14,Junction A,102,0.51,26,21.9,46.0,18:18,Sunny,1,68
2026-08-22 18:28:14,Junction D,79,0.395,34,27.2,57.4,18:28,Cloudy,1,72
2026-08-22 18:38:14,Junction B,53,0.265,22,29.4,38.8,18:38,Sunny,1,56
2026-08-22 18:48:14,Junction A,120,0.6,36,18.9,65.3,18:48,Sunny,1,81
2026-08-22 18:58:14,Junction E,50,0.25,11,29.2,21.5,18:58,Sunny,1,50
2026-08-22 19:08:14,Junction D,72,0.36,17,25.5,30.4,19:08,Sunny,1,57
2026-08-22 19:18:14,Junction D,100,0.5,44,19.0,71.5,19:18,Rainy,1,77
2026-08-22 19:28:14,Junction C,75,0.375,19,27.1,35.5,19:28,Sunny,1,59
2026-08-22 19:38:14,Junction C,91,0.455,29,21.6,50.8,19:38,Cloudy,1,68
2026-08-22 19:48:14,Junction E,60,0.3,16,23.4,27.6,19:48,Rainy,1,53
2026-08-22 19:58:14,Junction B,75,0.375,22,23.9,40.3,19:58,Sunny,1,60
2026-08-22 20:08:14,Junction E,37,0.185,9,27.0,13.7,20:08,Foggy,0,39
2026-08-22 20:18:14,Junction E,20,0.1,9,30.0,12.7,20:18,Rainy,0,31
2026-08-22 20:28:14,Junction C,37,0.185,11,33.7,20.2,20:28,Sunny,0,37
2026-08-22 20:38:14,Junction B,24,0.12,7,32.1,12.2,20:38,Sunny,0,31
2026-08-22 20:48:14,Junction F,61,0.305,13,47.0,22.1,20:48,Sunny,0,45
2026-08-22 20:58:14,Junction A,23,0.115,6,32.2,12.1,20:58,Sunny,0,35
2026-08-22 21:08:14,Junction F,104,0.52,48,37.0,80.4,21:08,Rainy,0,70
2026-08-22 21:18:14,Junction A,41,0.205,13,32.5,23.5,21:18,Sunny,0,39
2026-08-22 21:28:14,Junction F,24,0.12,8,54.5,11.7,21:28,Cloudy,0,31
2026-08-22 21:38:14,Junction D,32,0.16,13,27.5,20.0,21:38,Rainy,0,36
2026-08-22 21:48:14,Junction D,47,0.235,11,31.9,17.1,21:48,Sunny,0,38
2026-08-22 21:58:14,Junction E,20,0.1,6,30.6,7.7,21:58,Rainy,0,34
2026-08-22 22:08:14,Junction C,10,0.05,3,36.8,5.0,22:08,Sunny,0,28
2026-08-22 22:18:14,Junction C,35,0.175,13,27.4,21.6,22:18,Rainy,0,40
2026-08-22 22:28:14,Junction F,63,0.315,15,48.2,29.8,22:28,Sunny,0,44
2026-08-22 22:38:14,Junction A,50,0.25,17,31.0,31.8,22:38,Sunny,0,44
2026-08-22 22:48:14,Junction E,30,0.15,13,29.0,19.8,22:48,Rainy,0,39
2026-08-22 22:58:14,Junction C,43,0.215,9,30.6,16.4,22:58,Cloudy,0,42
2026-08-22 23:08:14,Junction B,42,0.21,9,30.0,18.8,23:08,Sunny,0,39
2026-08-22 23:18:14,Junction C,49,0.245,13,30.7,22.1,23:18,Sunny,0,43
2026-08-22 23:28:14,Junction D,35,0.175,14,25.4,25.3,23:28,Foggy,0,39
2026-08-22 23:38:14,Junction C,54,0.27,18,27.0,29.9,23:38,Sunny,0,48
2026-08-22 23:48:14,Junction D,45,0.225,17,28.6,26.7,23:48,Sunny,0,46
2026-08-22 23:58:14,Junction F,54,0.27,12,51.2,21.8,23:58,Sunny,0,44
2026-08-23 00:08:14,Junction C,40,0.2,8,32.6,12.5,00:08,Sunny,0,38
2026-08-23 00:18:14,Junction C,43,0.215,19,24.5,31.1,00:18,Rainy,0,42
2026-08-23 00:28:14,Junction F,44,0.22,10,52.9,19.5,00:28,Cloudy,0,39
2026-08-23 00:38:14,Junction B,35,0.175,10,31.8,17.8,00:38,Sunny,0,39
2026-08-23 00:48:14,Junction C,32,0.16,9,28.7,18.8,00:48,Rainy,0,33
2026-08-23 00:58:14,Junction A,39,0.195,10,31.0,20.2,00:58,Sunny,0,41
2026-08-23 01:08:14,Junction D,42,0.21,11,30.5,16.9,01:08,Sunny,0,39
2026-08-23 01:18:14,Junction C,19,0.095,9,29.2,17.3,01:18,Rainy,0,32
2026-08-23 01:28:14,Junction C,50,0.25,19,28.6,34.4,01:28,Sunny,0,44
2026-08-23 01:38:14,Junction D,50,0.25,18,29.0,32.1,01:38,Sunny,0,43
2026-08-23 01:48:14,Junction D,45,0.225,16,31.1,29.0,01:48,Cloudy,0,42
2026-08-23 01:58:14,Junction F,53,0.265,23,51.9,38.1,01:58,Sunny,0,48
2026-08-23 02:08:14,Junction F,87,0.435,21,39.2,37.7,02:08,Rainy,0,57
2026-08-23 02:18:14,Junction B,26,0.13,11,34.2,17.7,02:18,Sunny,0,36
2026-08-23 02:28:14,Junction A,57,0.285,11,26.6,18.0,02:28,Foggy,0,46
2026-08-23 02:38:14,Junction A,87,0.435,30,20.7,52.1,02:38,Rainy,0,61
2026-08-23 02:48:14,Junction F,63,0.315,16,41.7,28.6,02:48,Rainy,0,49
2026-08-23 02:58:14,Junction E,42,0.21,11,29.9,18.0,02:58,Sunny,0,42
2026-08-23 03:08:14,Junction F,91,0.455,35,43.8,60.4,03:08,Sunny,0,61
2026-08-23 03:18:14,Junction E,14,0.07,4,28.1,8.4,03:18,Foggy,0,30
2026-08-23 03:28:14,Junction B,19,0.095,7,35.1,11.0,03:28,Sunny,0,33
2026-08-23 03:38:14,Junction F,36,0.18,13,50.6,20.8,03:38,Sunny,0,38
2026-08-23 03:48:14,Junction C,48,0.24,15,28.6,25.9,03:48,Sunny,0,42
2026-08-23 03:58:14,Junction B,38,0.19,12,30.1,21.1,03:58,Cloudy,0,37
2026-08-23 04:08:14,Junction E,16,0.08,6,33.2,11.5,04:08,Sunny,0,31
2026-08-23 04:18:14,Junction B,9,0.045,2,37.3,5.8,04:18,Sunny,0,30
2026-08-23 04:28:14,Junction D,50,0.25,18,31.4,29.4,04:28,Sunny,0,42
2026-08-23 04:38:14,Junction D,41,0.205,10,32.5,15.7,04:38,Sunny,0,39
2026-08-23 04:48:14,Junction A,39,0.195,16,33.2,28.9,04:48,Sunny,0,41
2026-08-23 04:58:14,Junction A,68,0.34,19,29.0,31.5,04:58,Sunny,0,49
2026-08-23 05:08:14,Junction E,66,0.33,25,25.2,44.2,05:08,Rainy,0,52
2026-08-23 05:18:14,Junction C,35,0.175,12,33.5,20.0,05:18,Sunny,0,39
2026-08-23 05:28:14,Junction E,44,0.22,12,27.9,19.1,05:28,Rainy,0,39
2026-08-23 05:38:14,Junction A,36,0.18,8,29.0,15.1,05:38,Rainy,0,38
2026-08-23 05:48:14,Junction A,27,0.135,9,34.4,16.9,05:48,Cloudy,0,36
2026-08-23 05:58:14,Junction A,78,0.39,23,27.1,42.4,05:58,Sunny,0,54
2026-08-23 06:08:14,Junction B,12,0.06,3,33.9,5.0,06:08,Sunny,0,29
2026-08-23 06:18:14,Junction A,77,0.385,15,24.6,28.4,06:18,Sunny,0,48
2026-08-23 06:28:14,Junction B,10,0.05,2,36.9,5.0,06:28,Sunny,0,29
2026-08-23 06:38:14,Junction D,33,0.165,9,29.2,14.4,06:38,Rainy,0,37
2026-08-23 06:48:14,Junction B,38,0.19,7,30.1,14.2,06:48,Sunny,0,37
2026-08-23 06:58:14,Junction C,48,0.24,13,31.9,24.5,06:58,Sunny,0,42
2026-08-23 07:08:14,Junction D,44,0.22,11,30.0,18.1,07:08,Sunny,0,37
2026-08-23 07:18:14,Junction F,38,0.19,16,53.6,25.2,07:18,Sunny,0,39
2026-08-23 07:28:14,Junction F,28,0.14,10,51.9,16.0,07:28,Sunny,0,34
2026-08-23 07:38:14,Junction E,13,0.065,3,36.7,5.3,07:38,Sunny,0,32
2026-08-23 07:48:14,Junction C,39,0.195,8,32.0,17.1,07:48,Sunny,0,37
2026-08-23 07:58:14,Junction A,43,0.215,16,27.7,30.1,07:58,Rainy,0,39
2026-08-23 08:08:14,Junction E,103,0.515,40,16.8,66.7,08:08,Rainy,1,77
2026-08-23 08:18:14,Junction E,90,0.45,30,25.9,52.5,08:18,Sunny,1,69
2026-08-23 08:28:14,Junction C,134,0.67,52,15.8,90.1,08:28,Rainy,1,89
2026-08-23 08:38:14,Junction F,122,0.61,33,39.4,60.7,08:38,Cloudy,1,81
2026-08-23 08:48:14,Junction A,132,0.66,33,17.5,58.9,08:48,Sunny,1,82
2026-08-23 08:58:14,Junction F,123,0.615,32,39.3,57.0,08:58,Sunny,1,76
2026-08-23 09:08:14,Junction C,110,0.55,34,18.8,57.7,09:08,Sunny,1,76
2026-08-23 09:18:14,Junction D,102,0.51,38,20.5,62.9,09:18,Sunny,1,74
2026-08-23 09:28:14,Junction D,60,0.3,21,25.6,35.4,09:28,Rainy,1,60
2026-08-23 09:38:14,Junction F,113,0.565,48,40.2,80.1,09:38,Sunny,1,82
2026-08-23 09:48:14,Junction F,126,0.63,38,39.8,65.6,09:48,Sunny,1,85
2026-08-23 09:58:14,Junction D,82,0.41,29,20.0,52.4,09:58,Foggy,1,67
2026-08-23 10:08:14,Junction F,118,0.59,24,40.1,45.5,10:08,Cloudy,1,75
2026-08-23 10:18:14,Junction D,116,0.58,36,17.0,63.8,10:18,Rainy,1,76
2026-08-23 10:28:14,Junction C,104,0.52,36,21.3,60.9,10:28,Sunny,1,77
2026-08-23 10:38:14,Junction E,51,0.255,22,28.7,39.5,10:38,Sunny,1,59
2026-08-23 10:48:14,Junction E,64,0.32,20,30.2,36.7,10:48,Sunny,1,56
2026-08-23 10:58:14,Junction A,101,0.505,36,24.2,63.7,10:58,Sunny,1,76
2026-08-23 11:08:14,Junction E,35,0.175,13,30.3,22.7,11:08,Cloudy,0,38
2026-08-23 11:18:14,Junction F,46,0.23,13,50.0,22.1,11:18,Sunny,0,41
2026-08-23 11:28:14,Junction E,40,0.2,8,31.7,14.0,11:28,Sunny,0,37
2026-08-23 11:38:14,Junction A,49,0.245,12,28.5,23.7,11:38,Sunny,0,43
2026-08-23 11:48:14,Junction C,47,0.235,12,32.7,19.9,11:48,Sunny,0,42
2026-08-23 11:58:14,Junction D,35,0.175,10,27.7,20.4,11:58,Foggy,0,36
2026-08-23 12:08:14,Junction C,52,0.26,20,23.1,32.0,12:08,Foggy,0,49
2026-08-23 12:18:14,Junction F,31,0.155,7,51.8,14.6,12:18,Cloudy,0,36
2026-08-23 12:28:14,Junction E,45,0.225,9,24.6,16.7,12:28,Foggy,0,37
2026-08-23 12:38:14,Junction C,38,0.19,9,32.1,17.7,12:38,Sunny,0,40
2026-08-23 12:48:14,Junction E,17,0.085,7,36.9,14.5,12:48,Sunny,0,32
2026-08-23 12:58:14,Junction D,42,0.21,15,30.8,23.3,12:58,Sunny,0,42
2026-08-23 13:08:14,Junction D,50,0.25,16,29.7,28.9,13:08,Sunny,0,41
2026-08-23 13:18:14,Junction E,44,0.22,10,31.9,16.3,13:18,Sunny,0,41
2026-08-23 13:28:14,Junction D,45,0.225,12,31.0,22.5,13:28,Sunny,0,40
2026-08-23 13:38:14,Junction B,37,0.185,15,31.7,25.7,13:38,Cloudy,0,40
2026-08-23 13:48:14,Junction F,26,0.13,5,54.8,9.4,13:48,Sunny,0,32
2026-08-23 13:58:14,Junction B,46,0.23,21,27.2,32.0,13:58,Rainy,0,43
2026-08-23 14:08:14,Junction F,42,0.21,15,52.5,27.8,14:08,Sunny,0,39
2026-08-23 14:18:14,Junction F,69,0.345,25,47.5,43.0,14:18,Cloudy,0,55
2026-08-23 14:28:14,Junction D,24,0.12,6,34.4,11.0,14:28,Sunny,0,31
2026-08-23 14:38:14,Junction D,53,0.265,17,25.4,26.8,14:38,Foggy,0,42
2026-08-23 14:48:14,Junction E,13,0.065,3,33.9,7.7,14:48,Sunny,0,31
2026-08-23 14:58:14,Junction F,45,0.225,12,49.7,21.1,14:58,Sunny,0,39
2026-08-23 15:08:14,Junction D,27,0.135,8,33.1,13.5,15:08,Cloudy,0,34
2026-08-23 15:18:14,Junction C,33,0.165,9,32.9,15.1,15:18,Sunny,0,38
2026-08-23 15:28:14,Junction D,40,0.2,11,30.8,17.4,15:28,Sunny,0,42
2026-08-23 15:38:14,Junction F,63,0.315,19,48.7,30.7,15:38,Sunny,0,45
2026-08-23 15:48:14,Junction B,27,0.135,6,32.7,13.0,15:48,Sunny,0,35
2026-08-23 15:58:14,Junction E,38,0.19,9,34.3,18.1,15:58,Sunny,0,38
2026-08-23 16:08:14,Junction F,51,0.255,24,41.1,37.2,16:08,Rainy,0,48
2026-08-23 16:18:14,Junction C,31,0.155,6,29.4,8.8,16:18,Foggy,0,36
2026-08-23 16:28:14,Junction F,53,0.265,14,50.1,24.9,16:28,Sunny,0,41
2026-08-23 16:38:14,Junction A,79,0.395,31,25.1,49.9,16:38,Sunny,0,58
2026-08-23 16:48:14,Junction A,45,0.225,9,33.0,17.0,16:48,Sunny,0,39
2026-08-23 16:58:14,Junction C,31,0.155,8,30.4,13.8,16:58,Sunny,0,32
2026-08-23 17:08:14,Junction E,31,0.155,13,31.9,19.2,17:08,Sunny,1,50
2026-08-23 17:18:14,Junction A,120,0.6,30,20.7,56.1,17:18,Sunny,1,74
2026-08-23 17:28:14,Junction A,132,0.66,32,18.0,58.1,17:28,Sunny,1,82
2026-08-23 17:38:14,Junction A,103,0.515,24,20.0,43.1,17:38,Cloudy,1,71
2026-08-23 17:48:14,Junction D,128,0.64,39,15.8,67.4,17:48,Foggy,1,83
2026-08-23 17:58:14,Junction C,94,0.47,40,22.5,69.2,17:58,Sunny,1,77
2026-08-23 18:08:14,Junction B,87,0.435,37,22.3,61.3,18:08,Sunny,1,72
2026-08-23 18:18:14,Junction E,65,0.325,18,27.7,31.7,18:18,Cloudy,1,56
2026-08-23 18:28:14,Junction A,157,0.785,61,13.5,103.8,18:28,Cloudy,1,90
2026-08-23 18:38:14,Junction A,119,0.595,51,21.2,88.0,18:38,Cloudy,1,87
2026-08-23 18:48:14,Junction B,82,0.41,42,21.0,69.9,18:48,Rainy,1,76
2026-08-23 18:58:14,Junction B,68,0.34,20,28.4,37.5,18:58,Cloudy,1,59
2026-08-23 19:08:14,Junction A,102,0.51,42,20.6,69.2,19:08,Rainy,1,77
2026-08-23 19:18:14,Junction C,70,0.35,31,27.5,51.3,19:18,Cloudy,1,67
2026-08-23 19:28:14,Junction E,42,0.21,13,28.7,22.4,19:28,Sunny,1,48
2026-08-23 19:38:14,Junction D,88,0.44,37,24.5,62.9,19:38,Sunny,1,73
2026-08-23 19:48:14,Junction C,66,0.33,28,29.6,44.7,19:48,Sunny,1,60
2026-08-23 19:58:14,Junction A,109,0.545,41,18.9,68.9,19:58,Sunny,1,77
2026-08-23 20:08:14,Junction A,57,0.285,25,23.1,40.1,20:08,Rainy,0,50
2026-08-23 20:18:14,Junction E,32,0.16,10,33.4,14.6,20:18,Cloudy,0,38
2026-08-23 20:28:14,Junction A,51,0.255,13,31.3,25.7,20:28,Sunny,0,40
2026-08-23 20:38:14,Junction A,63,0.315,32,25.3,54.7,20:38,Rainy,0,53
2026-08-23 20:48:14,Junction C,24,0.12,6,35.7,12.8,20:48,Cloudy,0,34
2026-08-23 20:58:14,Junction E,22,0.11,9,33.3,13.6,20:58,Sunny,0,37
2026-08-23 21:08:14,Junction B,18,0.09,4,33.2,9.8,21:08,Sunny,0,33
2026-08-23 21:18:14,Junction C,48,0.24,20,25.7,35.7,21:18,Rainy,0,44
2026-08-23 21:28:14,Junction D,39,0.195,12,33.0,20.9,21:28,Sunny,0,41
2026-08-23 21:38:14,Junction B,25,0.125,9,35.3,12.4,21:38,Cloudy,0,37
2026-08-23 21:48:14,Junction F,80,0.4,26,45.0,47.9,21:48,Sunny,0,56
2026-08-23 21:58:14,Junction B,8,0.04,2,35.6,5.0,21:58,Sunny,0,30
2026-08-23 22:08:14,Junction F,68,0.34,26,49.7,42.8,22:08,Sunny,0,53
2026-08-23 22:18:14,Junction E,22,0.11,7,36.3,12.3,22:18,Sunny,0,31
2026-08-23 22:28:14,Junction A,42,0.21,19,25.3,28.7,22:28,Rainy,0,42
2026-08-23 22:38:14,Junction D,36,0.18,8,33.9,12.4,22:38,Sunny,0,35
2026-08-23 22:48:14,Junction E,22,0.11,5,35.4,8.2,22:48,Cloudy,0,30
2026-08-23 22:58:14,Junction D,56,0.28,19,26.6,31.0,22:58,Cloudy,0,49
2026-08-23 23:08:14,Junction A,48,0.24,18,30.2,30.4,23:08,Sunny,0,42
2026-08-23 23:18:14,Junction A,36,0.18,14,34.2,23.1,23:18,Sunny,0,38
2026-08-23 23:28:14,Junction E,42,0.21,15,30.4,27.7,23:28,Sunny,0,41
2026-08-23 23:38:14,Junction E,35,0.175,12,30.2,19.1,23:38,Sunny,0,38
2026-08-23 23:48:14,Junction B,6,0.03,1,36.9,5.0,23:48,Cloudy,0,24
2026-08-23 23:58:14,Junction A,26,0.13,7,35.6,10.4,23:58,Cloudy,0,33
2026-08-24 00:08:14,Junction C,68,0.34,26,24.8,44.2,00:08,Sunny,0,50
2026-08-24 00:18:14,Junction D,57,0.285,14,27.3,27.9,00:18,Sunny,0,44
2026-08-24 00:28:14,Junction C,39,0.195,15,31.3,23.8,00:28,Sunny,0,39
2026-08-24 00:38:14,Junction F,60,0.3,21,47.0,38.8,00:38,Cloudy,0,46
2026-08-24 00:48:14,Junction F,48,0.24,13,44.7,20.9,00:48,Rainy,0,40
2026-08-24 00:58:14,Junction A,55,0.275,15,24.3,28.5,00:58,Rainy,0,44
2026-08-24 01:08:14,Junction A,61,0.305,17,27.1,29.5,01:08,Sunny,0,48
2026-08-24 01:18:14,Junction F,74,0.37,29,38.4,47.6,01:18,Foggy,0,54
2026-08-24 01:28:14,Junction A,42,0.21,8,31.9,12.9,01:28,Sunny,0,35
2026-08-24 01:38:14,Junction C,47,0.235,15,32.3,23.8,01:38,Sunny,0,43
2026-08-24 01:48:14,Junction A,69,0.345,18,26.2,30.9,01:48,Sunny,0,48
2026-08-24 01:58:14,Junction E,24,0.12,8,36.2,14.9,01:58,Sunny,0,36
2026-08-24 02:08:14,Junction B,51,0.255,11,28.7,22.1,02:08,Cloudy,0,42
2026-08-24 02:18:14,Junction E,34,0.17,8,33.9,16.5,02:18,Sunny,0,34
2026-08-24 02:28:14,Junction D,46,0.23,13,30.1,25.8,02:28,Sunny,0,43
2026-08-24 02:38:14,Junction B,32,0.16,14,28.4,23.2,02:38,Rainy,0,38
2026-08-24 02:48:14,Junction D,50,0.25,18,23.4,32.5,02:48,Rainy,0,44
2026-08-24 02:58:14,Junction D,55,0.275,20,25.3,34.7,02:58,Foggy,0,48
2026-08-24 03:08:14,Junction E,32,0.16,10,28.8,19.4,03:08,Rainy,0,34
2026-08-24 03:18:14,Junction B,31,0.155,7,32.0,11.4,03:18,Sunny,0,37
2026-08-24 03:28:14,Junction A,35,0.175,15,28.5,22.9,03:28,Rainy,0,42
2026-08-24 03:38:14,Junction D,49,0.245,14,30.4,26.6,03:38,Sunny,0,44
2026-08-24 03:48:14,Junction A,86,0.43,22,24.1,40.9,03:48,Sunny,0,57
2026-08-24 03:58:14,Junction B,29,0.145,11,26.7,18.5,03:58,Foggy,0,38
2026-08-24 04:08:14,Junction A,42,0.21,17,31.5,27.3,04:08,Cloudy,0,45
2026-08-24 04:18:14,Junction A,65,0.325,17,25.5,28.2,04:18,Sunny,0,49
2026-08-24 04:28:14,Junction D,25,0.125,9,35.2,17.1,04:28,Sunny,0,35
2026-08-24 04:38:14,Junction D,40,0.2,16,33.4,29.4,04:38,Cloudy,0,39
2026-08-24 04:48:14,Junction A,32,0.16,9,30.3,13.9,04:48,Sunny,0,33
2026-08-24 04:58:14,Junction B,14,0.07,5,35.1,10.3,04:58,Sunny,0,29
2026-08-24 05:08:14,Junction F,42,0.21,8,53.1,17.7,05:08,Sunny,0,40
2026-08-24 05:18:14,Junction F,69,0.345,34,39.3,56.9,05:18,Rainy,0,58
2026-08-24 05:28:14,Junction C,39,0.195,15,29.9,23.0,05:28,Sunny,0,43
2026-08-24 05:38:14,Junction D,25,0.125,8,31.8,16.9,05:38,Sunny,0,35
2026-08-24 05:48:14,Junction A,64,0.32,26,28.1,42.4,05:48,Cloudy,0,53
2026-08-24 05:58:14,Junction E,10,0.05,2,33.9,5.0,05:58,Sunny,0,28
2026-08-24 06:08:14,Junction D,58,0.29,25,30.2,39.5,06:08,Cloudy,0,53
2026-08-24 06:18:14,Junction A,42,0.21,16,28.9,29.4,06:18,Sunny,0,45
2026-08-24 06:28:14,Junction C,35,0.175,13,29.5,24.1,06:28,Rainy,0,37
2026-08-24 06:38:14,Junction C,54,0.27,22,28.7,36.1,06:38,Sunny,0,48
2026-08-24 06:48:14,Junction F,76,0.38,28,45.3,48.2,06:48,Sunny,0,58
2026-08-24 06:58:14,Junction A,79,0.395,30,23.4,52.2,06:58,Sunny,0,58
2026-08-24 07:08:14,Junction E,30,0.15,6,34.5,9.5,07:08,Sunny,0,32
2026-08-24 07:18:14,Junction D,31,0.155,8,27.2,14.6,07:18,Rainy,0,37
2026-08-24 07:28:14,Junction F,44,0.22,16,43.3,25.3,07:28,Rainy,0,42
2026-08-24 07:38:14,Junction B,50,0.25,11,32.2,20.8,07:38,Sunny,0,39
2026-08-24 07:48:14,Junction E,51,0.255,21,28.8,35.3,07:48,Sunny,0,45
2026-08-24 07:58:14,Junction A,57,0.285,18,26.8,32.8,07:58,Sunny,0,46
2026-08-24 08:08:14,Junction B,36,0.18,14,30.2,22.8,08:08,Sunny,1,49
2026-08-24 08:18:14,Junction E,82,0.41,22,26.7,41.8,08:18,Sunny,1,64
2026-08-24 08:28:14,Junction B,86,0.43,29,22.2,47.4,08:28,Sunny,1,70
2026-08-24 08:38:14,Junction B,57,0.285,13,27.6,25.6,08:38,Cloudy,1,52
2026-08-24 08:48:14,Junction B,62,0.31,17,30.3,29.9,08:48,Sunny,1,57
2026-08-24 08:58:14,Junction C,75,0.375,16,28.1,30.5,08:58,Sunny,1,59
2026-08-24 09:08:14,Junction D,129,0.645,39,16.1,67.0,09:08,Rainy,1,83
2026-08-24 09:18:14,Junction F,178,0.89,85,27.3,143.3,09:18,Rainy,1,90
2026-08-24 09:28:14,Junction D,93,0.465,28,22.0,47.9,09:28,Cloudy,1,67
2026-08-24 09:38:14,Junction F,124,0.62,39,40.4,68.0,09:38,Sunny,1,83
2026-08-24 09:48:14,Junction E,70,0.35,14,27.6,23.6,09:48,Sunny,1,60
2026-08-24 09:58:14,Junction D,100,0.5,37,23.6,60.6,09:58,Sunny,1,78
2026-08-24 10:08:14,Junction E,79,0.395,20,25.5,33.0,10:08,Sunny,1,62
2026-08-24 10:18:14,Junction E,90,0.45,30,20.5,49.9,10:18,Rainy,1,70
2026-08-24 10:28:14,Junction D,98,0.49,29,23.0,52.6,10:28,Sunny,1,70
2026-08-24 10:38:14,Junction F,142,0.71,52,31.4,87.3,10:38,Rainy,1,90
2026-08-24 10:48:14,Junction E,49,0.245,19,28.2,33.9,10:48,Cloudy,1,57
2026-08-24 10:58:14,Junction F,148,0.74,45,37.2,79.5,10:58,Sunny,1,90
2026-08-24 11:08:14,Junction B,5,0.025,1,32.6,5.0,11:08,Rainy,0,23
2026-08-24 11:18:14,Junction D,31,0.155,7,27.5,11.5,11:18,Rainy,0,32
2026-08-24 11:28:14,Junction C,63,0.315,23,26.1,39.7,11:28,Sunny,0,48
2026-08-24 11:38:14,Junction B,10,0.05,3,29.7,5.0,11:38,Foggy,0,26
2026-08-24 11:48:14,Junction D,64,0.32,12,26.0,20.7,11:48,Sunny,0,45
2026-08-24 11:58:14,Junction D,27,0.135,12,29.7,19.1,11:58,Rainy,0,38
2026-08-24 12:08:14,Junction D,38,0.19,16,29.4,29.6,12:08,Sunny,0,42
2026-08-24 12:18:14,Junction E,46,0.23,20,29.2,31.1,12:18,Sunny,0,43
2026-08-24 12:28:14,Junction A,57,0.285,19,24.9,30.5,12:28,Rainy,0,46
2026-08-24 12:38:14,Junction E,22,0.11,8,31.9,12.7,12:38,Sunny,0,35
2026-08-24 12:48:14,Junction D,27,0.135,8,33.4,14.2,12:48,Sunny,0,35
2026-08-24 12:58:14,Junction C,24,0.12,5,31.7,11.6,12:58,Cloudy,0,34
2026-08-24 13:08:14,Junction D,74,0.37,26,23.8,47.3,13:08,Rainy,0,57
2026-08-24 13:18:14,Junction E,50,0.25,13,24.1,24.4,13:18,Rainy,0,43
2026-08-24 13:28:14,Junction D,49,0.245,22,24.8,39.6,13:28,Rainy,0,46
2026-08-24 13:38:14,Junction D,50,0.25,19,32.0,29.7,13:38,Sunny,0,47
2026-08-24 13:48:14,Junction D,38,0.19,10,33.8,15.0,13:48,Sunny,0,37
2026-08-24 13:58:14,Junction A,35,0.175,10,25.6,18.3,13:58,Rainy,0,40
2026-08-24 14:08:14,Junction C,45,0.225,17,32.5,28.3,14:08,Sunny,0,44
2026-08-24 14:18:14,Junction F,27,0.135,10,55.0,17.4,14:18,Sunny,0,35
2026-08-24 14:28:14,Junction F,36,0.18,10,54.4,19.2,14:28,Sunny,0,40
2026-08-24 14:38:14,Junction A,39,0.195,19,27.1,34.1,14:38,Rainy,0,42
2026-08-24 14:48:14,Junction F,82,0.41,22,47.3,41.9,14:48,Cloudy,0,57
2026-08-24 14:58:14,Junction A,38,0.19,15,31.9,24.2,14:58,Sunny,0,42
2026-08-24 15:08:14,Junction F,53,0.265,18,48.9,29.6,15:08,Cloudy,0,46
2026-08-24 15:18:14,Junction C,27,0.135,9,31.7,17.2,15:18,Sunny,0,35
2026-08-24 15:28:14,Junction E,27,0.135,11,35.0,16.7,15:28,Sunny,0,38
2026-08-24 15:38:14,Junction E,24,0.12,6,31.9,11.8,15:38,Cloudy,0,35
2026-08-24 15:48:14,Junction C,35,0.175,13,32.7,24.5,15:48,Sunny,0,40
2026-08-24 15:58:14,Junction C,43,0.215,10,28.0,18.1,15:58,Rainy,0,39
2026-08-24 16:08:14,Junction A,55,0.275,22,23.4,37.5,16:08,Rainy,0,49
2026-08-24 16:18:14,Junction D,43,0.215,13,32.6,21.0,16:18,Sunny,0,38
2026-08-24 16:28:14,Junction C,43,0.215,18,25.4,27.9,16:28,Rainy,0,43
2026-08-24 16:38:14,Junction E,12,0.06,2,35.1,5.0,16:38,Cloudy,0,27
2026-08-24 16:48:14,Junction C,40,0.2,16,32.9,27.1,16:48,Sunny,0,43
2026-08-24 16:58:14,Junction C,44,0.22,13,32.5,21.6,16:58,Sunny,0,41
2026-08-24 17:08:14,Junction F,83,0.415,34,43.6,54.2,17:08,Sunny,1,68
2026-08-24 17:18:14,Junction B,51,0.255,12,25.8,23.8,17:18,Rainy,1,51
2026-08-24 17:28:14,Junction D,112,0.56,50,18.5,82.2,17:28,Sunny,1,87
2026-08-24 17:38:14,Junction B,45,0.225,13,31.3,21.2,17:38,Sunny,1,51
2026-08-24 17:48:14,Junction F,106,0.53,43,35.3,72.8,17:48,Rainy,1,82
2026-08-24 17:58:14,Junction D,60,0.3,24,30.4,39.7,17:58,Sunny,1,62
2026-08-24 18:08:14,Junction B,68,0.34,16,23.0,30.3,18:08,Rainy,1,58
2026-08-24 18:18:14,Junction B,38,0.19,13,30.4,21.2,18:18,Sunny,1,47
2026-08-24 18:28:14,Junction D,128,0.64,44,17.7,73.3,18:28,Sunny,1,86
2026-08-24 18:38:14,Junction F,87,0.435,23,46.2,42.8,18:38,Sunny,1,64
2026-08-24 18:48:14,Junction F,142,0.71,49,35.9,81.6,18:48,Sunny,1,90
2026-08-24 18:58:14,Junction C,114,0.57,47,18.3,76.9,18:58,Sunny,1,85
2026-08-24 19:08:14,Junction A,160,0.8,42,13.6,76.4,19:08,Rainy,1,90
2026-08-24 19:18:14,Junction C,96,0.48,40,21.3,70.2,19:18,Sunny,1,74
2026-08-24 19:28:14,Junction D,89,0.445,32,24.3,56.7,19:28,Sunny,1,72
2026-08-24 19:38:14,Junction E,49,0.245,21,30.2,36.6,19:38,Sunny,1,54
2026-08-24 19:48:14,Junction A,146,0.73,43,15.8,78.4,19:48,Cloudy,1,89
2026-08-24 19:58:14,Junction A,129,0.645,41,17.6,72.7,19:58,Sunny,1,85
2026-08-24 20:08:14,Junction A,48,0.24,13,31.5,25.2,20:08,Sunny,0,42
2026-08-24 20:18:14,Junction F,70,0.35,28,48.2,48.8,20:18,Cloudy,0,55
2026-08-24 20:28:14,Junction C,56,0.28,19,22.8,35.6,20:28,Foggy,0,47
2026-08-24 20:38:14,Junction E,51,0.255,13,26.4,22.7,20:38,Rainy,0,43
2026-08-24 20:48:14,Junction A,53,0.265,11,27.2,21.3,20:48,Sunny,0,45
2026-08-24 20:58:14,Junction F,56,0.28,17,41.1,28.9,20:58,Foggy,0,46
2026-08-24 21:08:14,Junction D,51,0.255,22,24.4,37.5,21:08,Rainy,0,46
2026-08-24 21:18:14,Junction F,81,0.405,25,43.8,40.9,21:18,Sunny,0,57
2026-08-24 21:28:14,Junction A,88,0.44,31,25.6,54.5,21:28,Sunny,0,59
2026-08-24 21:38:14,Junction B,54,0.27,22,28.9,35.3,21:38,Sunny,0,45
2026-08-24 21:48:14,Junction A,31,0.155,8,35.2,15.1,21:48,Sunny,0,38
2026-08-24 21:58:14,Junction C,62,0.31,13,26.2,24.9,21:58,Sunny,0,44
2026-08-24 22:08:14,Junction F,57,0.285,19,39.8,35.2,22:08,Foggy,0,48
2026-08-24 22:18:14,Junction A,30,0.15,10,34.4,17.6,22:18,Sunny,0,35
2026-08-24 22:28:14,Junction A,49,0.245,11,31.4,21.7,22:28,Sunny,0,42
2026-08-24 22:38:14,Junction E,47,0.235,17,30.8,29.0,22:38,Cloudy,0,45
2026-08-24 22:48:14,Junction D,52,0.26,13,27.3,21.5,22:48,Sunny,0,40
2026-08-24 22:58:14,Junction B,47,0.235,19,26.7,31.0,22:58,Rainy,0,44
2026-08-24 23:08:14,Junction F,82,0.41,23,44.5,39.9,23:08,Sunny,0,55
2026-08-24 23:18:14,Junction C,50,0.25,19,24.0,32.7,23:18,Rainy,0,46
2026-08-24 23:28:14,Junction C,45,0.225,9,30.5,16.3,23:28,Sunny,0,37
2026-08-24 23:38:14,Junction F,56,0.28,26,42.0,46.2,23:38,Rainy,0,47
2026-08-24 23:48:14,Junction F,25,0.125,10,51.5,16.6,23:48,Sunny,0,36
2026-08-24 23:58:14,Junction C,54,0.27,19,30.9,32.7,23:58,Cloudy,0,46
2026-08-25 00:08:14,Junction C,16,0.08,5,36.7,7.6,00:08,Sunny,0,29
2026-08-25 00:18:14,Junction E,10,0.05,4,34.0,9.5,00:18,Sunny,0,31
2026-08-25 00:28:14,Junction A,38,0.19,9,27.3,18.0,00:28,Foggy,0,39
2026-08-25 00:38:14,Junction E,24,0.12,8,35.2,12.6,00:38,Sunny,0,34
2026-08-25 00:48:14,Junction D,67,0.335,34,25.2,58.6,00:48,Rainy,0,55
2026-08-25 00:58:14,Junction D,56,0.28,15,23.3,25.0,00:58,Rainy,0,44
2026-08-25 01:08:14,Junction E,51,0.255,22,31.6,37.1,01:08,Cloudy,0,45
2026-08-25 01:18:14,Junction F,47,0.235,11,49.7,17.2,01:18,Sunny,0,40
2026-08-25 01:28:14,Junction C,70,0.35,30,27.3,51.6,01:28,Sunny,0,58
2026-08-25 01:38:14,Junction F,48,0.24,19,49.0,31.3,01:38,Cloudy,0,42
2026-08-25 01:48:14,Junction D,64,0.32,22,21.6,35.6,01:48,Foggy,0,50
2026-08-25 01:58:14,Junction F,36,0.18,7,54.3,12.0,01:58,Cloudy,0,36
2026-08-25 02:08:14,Junction F,82,0.41,34,43.3,56.9,02:08,Sunny,0,59
2026-08-25 02:18:14,Junction B,26,0.13,11,33.5,17.7,02:18,Sunny,0,33
2026-08-25 02:28:14,Junction B,31,0.155,13,34.3,20.7,02:28,Sunny,0,39
2026-08-25 02:38:14,Junction C,57,0.285,16,29.3,31.1,02:38,Cloudy,0,46
2026-08-25 02:48:14,Junction C,62,0.31,32,26.0,49.9,02:48,Rainy,0,56
2026-08-25 02:58:14,Junction C,59,0.295,15,26.3,24.4,02:58,Sunny,0,45
2026-08-25 03:08:14,Junction B,23,0.115,6,33.4,11.1,03:08,Cloudy,0,33
2026-08-25 03:18:14,Junction C,70,0.35,14,25.6,25.7,03:18,Sunny,0,50
2026-08-25 03:28:14,Junction D,23,0.115,5,35.5,7.2,03:28,Sunny,0,32
2026-08-25 03:38:14,Junction F,52,0.26,18,49.1,31.1,03:38,Sunny,0,44
2026-08-25 03:48:14,Junction E,20,0.1,6,30.8,9.8,03:48,Foggy,0,32
2026-08-25 03:58:14,Junction A,76,0.38,28,24.3,48.1,03:58,Sunny,0,58
2026-08-25 04:08:14,Junction E,25,0.125,11,35.2,17.1,04:08,Sunny,0,37
2026-08-25 04:18:14,Junction C,59,0.295,17,24.4,32.9,04:18,Foggy,0,44
2026-08-25 04:28:14,Junction B,24,0.12,6,28.0,11.3,04:28,Foggy,0,36
2026-08-25 04:38:14,Junction D,20,0.1,7,32.2,13.1,04:38,Cloudy,0,35
2026-08-25 04:48:14,Junction F,32,0.16,8,52.8,11.7,04:48,Sunny,0,38
2026-08-25 04:58:14,Junction E,38,0.19,9,31.3,19.2,04:58,Cloudy,0,40
2026-08-25 05:08:14,Junction A,86,0.43,25,24.1,42.4,05:08,Sunny,0,56
2026-08-25 05:18:14,Junction A,52,0.26,16,30.5,25.9,05:18,Sunny,0,42
2026-08-25 05:28:14,Junction E,28,0.14,8,29.2,16.1,05:28,Foggy,0,36
2026-08-25 05:38:14,Junction F,64,0.32,27,50.4,47.9,05:38,Sunny,0,51
2026-08-25 05:48:14,Junction E,10,0.05,3,31.0,7.9,05:48,Rainy,0,28
2026-08-25 05:58:14,Junction B,18,0.09,7,35.7,10.3,05:58,Sunny,0,35
2026-08-25 06:08:14,Junction C,34,0.17,7,33.7,10.1,06:08,Sunny,0,35
2026-08-25 06:18:14,Junction F,59,0.295,15,50.2,25.6,06:18,Cloudy,0,47
2026-08-25 06:28:14,Junction F,87,0.435,37,38.5,64.2,06:28,Rainy,0,64
2026-08-25 06:38:14,Junction E,31,0.155,6,35.0,9.1,06:38,Sunny,0,36
2026-08-25 06:48:14,Junction B,65,0.325,21,24.4,39.0,06:48,Rainy,0,51
2026-08-25 06:58:14,Junction B,36,0.18,12,34.0,17.8,06:58,Sunny,0,40
2026-08-25 07:08:14,Junction B,44,0.22,21,26.1,34.2,07:08,Rainy,0,43
2026-08-25 07:18:14,Junction B,41,0.205,13,33.0,21.3,07:18,Sunny,0,43
2026-08-25 07:28:14,Junction A,53,0.265,23,28.4,37.7,07:28,Sunny,0,51
2026-08-25 07:38:14,Junction A,68,0.34,29,24.9,50.2,07:38,Cloudy,0,55
2026-08-25 07:48:14,Junction B,30,0.15,6,28.4,12.2,07:48,Foggy,0,35
2026-08-25 07:58:14,Junction B,15,0.075,6,34.6,11.9,07:58,Sunny,0,31
2026-08-25 08:08:14,Junction B,60,0.3,22,25.9,38.4,08:08,Rainy,1,60
2026-08-25 08:18:14,Junction E,64,0.32,20,29.6,35.0,08:18,Sunny,1,60
2026-08-25 08:28:14,Junction E,54,0.27,17,29.8,29.8,08:28,Sunny,1,54
2026-08-25 08:38:14,Junction A,84,0.42,19,23.3,33.6,08:38,Sunny,1,63
2026-08-25 08:48:14,Junction C,99,0.495,40,22.8,65.3,08:48,Sunny,1,74
2026-08-25 08:58:14,Junction C,47,0.235,20,29.1,34.8,08:58,Cloudy,1,55
2026-08-25 09:08:14,Junction A,97,0.485,34,21.2,61.3,09:08,Sunny,1,74
2026-08-25 09:18:14,Junction B,78,0.39,20,23.2,34.8,09:18,Rainy,1,65
2026-08-25 09:28:14,Junction D,100,0.5,25,21.3,47.7,09:28,Sunny,1,70
2026-08-25 09:38:14,Junction D,84,0.42,20,25.2,38.3,09:38,Cloudy,1,65
2026-08-25 09:48:14,Junction D,95,0.475,29,23.1,48.7,09:48,Sunny,1,69
2026-08-25 09:58:14,Junction F,88,0.44,38,46.7,62.6,09:58,Sunny,1,76
2026-08-25 10:08:14,Junction D,101,0.505,39,18.3,65.9,10:08,Rainy,1,79
2026-08-25 10:18:14,Junction D,75,0.375,19,27.5,33.2,10:18,Sunny,1,58
2026-08-25 10:28:14,Junction C,105,0.525,43,20.7,73.9,10:28,Sunny,1,81
2026-08-25 10:38:14,Junction D,61,0.305,15,23.9,26.2,10:38,Rainy,1,56
2026-08-25 10:48:14,Junction B,72,0.36,23,25.0,37.9,10:48,Sunny,1,64
2026-08-25 10:58:14,Junction C,126,0.63,61,14.9,99.8,10:58,Rainy,1,90
2026-08-25 11:08:14,Junction C,62,0.31,20,25.7,36.8,11:08,Rainy,0,48
2026-08-25 11:18:14,Junction C,33,0.165,12,33.5,23.3,11:18,Cloudy,0,37
2026-08-25 11:28:14,Junction A,59,0.295,17,29.2,28.4,11:28,Sunny,0,46
2026-08-25 11:38:14,Junction A,37,0.185,9,26.0,15.0,11:38,Foggy,0,39
2026-08-25 11:48:14,Junction C,45,0.225,17,32.3,31.4,11:48,Sunny,0,43
2026-08-25 11:58:14,Junction D,65,0.325,17,27.4,28.7,11:58,Sunny,0,50
2026-08-25 12:08:14,Junction F,74,0.37,26,39.3,46.8,12:08,Rainy,0,57
2026-08-25 12:18:14,Junction B,26,0.13,6,33.7,12.6,12:18,Cloudy,0,32
2026-08-25 12:28:14,Junction E,5,0.025,1,37.8,5.0,12:28,Sunny,0,25
2026-08-25 12:38:14,Junction E,56,0.28,12,27.4,19.5,12:38,Sunny,0,45
2026-08-25 12:48:14,Junction C,41,0.205,14,31.7,24.6,12:48,Sunny,0,43
2026-08-25 12:58:14,Junction C,35,0.175,8,30.0,16.5,12:58,Sunny,0,34
2026-08-25 13:08:14,Junction B,14,0.07,3,36.2,5.2,13:08,Cloudy,0,29
2026-08-25 13:18:14,Junction F,35,0.175,14,54.5,26.1,13:18,Sunny,0,38
2026-08-25 13:28:14,Junction D,36,0.18,10,34.1,20.0,13:28,Cloudy,0,40
2026-08-25 13:38:14,Junction C,31,0.155,7,35.2,15.5,13:38,Sunny,0,32
2026-08-25 13:48:14,Junction F,59,0.295,19,49.5,31.0,13:48,Sunny,0,48
2026-08-25 13:58:14,Junction A,47,0.235,14,32.7,24.8,13:58,Cloudy,0,40
2026-08-25 14:08:14,Junction D,15,0.075,4,34.1,6.0,14:08,Sunny,0,33
2026-08-25 14:18:14,Junction D,33,0.165,7,33.1,15.0,14:18,Cloudy,0,33
2026-08-25 14:28:14,Junction C,30,0.15,6,34.6,13.1,14:28,Cloudy,0,33
2026-08-25 14:38:14,Junction B,33,0.165,13,32.4,21.9,14:38,Sunny,0,39
2026-08-25 14:48:14,Junction C,40,0.2,17,29.6,31.2,14:48,Sunny,0,40
2026-08-25 14:58:14,Junction F,36,0.18,9,52.3,14.8,14:58,Cloudy,0,40
2026-08-25 15:08:14,Junction D,40,0.2,16,31.9,27.3,15:08,Cloudy,0,40
2026-08-25 15:18:14,Junction F,56,0.28,20,48.7,36.7,15:18,Cloudy,0,46
2026-08-25 15:28:14,Junction D,44,0.22,15,28.9,23.1,15:28,Cloudy,0,41
2026-08-25 15:38:14,Junction E,35,0.175,15,31.5,25.8,15:38,Sunny,0,42
2026-08-25 15:48:14,Junction C,39,0.195,15,30.6,28.2,15:48,Sunny,0,41
2026-08-25 15:58:14,Junction E,5,0.025,2,35.2,5.5,15:58,Sunny,0,26
2026-08-25 16:08:14,Junction C,58,0.29,24,29.1,43.1,16:08,Sunny,0,51
2026-08-25 16:18:14,Junction A,45,0.225,18,32.2,28.6,16:18,Cloudy,0,45
2026-08-25 16:28:14,Junction D,69,0.345,25,28.3,44.2,16:28,Cloudy,0,52
2026-08-25 16:38:14,Junction E,20,0.1,4,34.6,7.7,16:38,Cloudy,0,29
2026-08-25 16:48:14,Junction A,70,0.35,20,25.4,34.7,16:48,Cloudy,0,53
2026-08-25 16:58:14,Junction F,104,0.52,39,36.7,65.1,16:58,Rainy,0,65
2026-08-25 17:08:14,Junction F,105,0.525,25,41.5,45.3,17:08,Sunny,1,69
2026-08-25 17:18:14,Junction E,64,0.32,24,29.4,41.4,17:18,Cloudy,1,61
2026-08-25 17:28:14,Junction B,63,0.315,19,28.7,31.0,17:28,Cloudy,1,55
2026-08-25 17:38:14,Junction D,99,0.495,30,23.2,50.3,17:38,Sunny,1,71
2026-08-25 17:48:14,Junction D,116,0.58,51,15.1,82.4,17:48,Rainy,1,88
2026-08-25 17:58:14,Junction E,47,0.235,19,28.2,35.0,17:58,Sunny,1,52
2026-08-25 18:08:14,Junction A,96,0.48,21,23.2,41.4,18:08,Sunny,1,68
2026-08-25 18:18:14,Junction C,113,0.565,41,22.5,68.0,18:18,Cloudy,1,80
2026-08-25 18:28:14,Junction B,50,0.25,11,30.8,20.2,18:28,Cloudy,1,54
2026-08-25 18:38:14,Junction A,120,0.6,31,17.3,54.2,18:38,Sunny,1,78
2026-08-25 18:48:14,Junction D,56,0.28,16,29.8,28.2,18:48,Sunny,1,54
2026-08-25 18:58:14,Junction C,127,0.635,38,19.5,69.4,18:58,Cloudy,1,81
2026-08-25 19:08:14,Junction A,119,0.595,25,17.3,46.7,19:08,Sunny,1,71
2026-08-25 19:18:14,Junction D,85,0.425,30,22.7,48.6,19:18,Rainy,1,71
2026-08-25 19:28:14,Junction D,106,0.53,45,21.9,78.0,19:28,Sunny,1,84
2026-08-25 19:38:14,Junction C,113,0.565,34,20.0,58.2,19:38,Sunny,1,77
2026-08-25 19:48:14,Junction E,49,0.245,18,27.0,30.5,19:48,Rainy,1,53
2026-08-25 19:58:14,Junction F,86,0.43,18,45.3,34.9,19:58,Sunny,1,61
2026-08-25 20:08:14,Junction B,32,0.16,6,34.0,10.0,20:08,Sunny,0,34
2026-08-25 20:18:14,Junction E,29,0.145,6,34.5,12.6,20:18,Cloudy,0,37
2026-08-25 20:28:14,Junction F,59,0.295,24,39.7,38.2,20:28,Rainy,0,53
2026-08-25 20:38:14,Junction A,41,0.205,8,31.3,16.6,20:38,Sunny,0,40
2026-08-25 20:48:14,Junction C,38,0.19,7,32.5,12.2,20:48,Cloudy,0,38
2026-08-25 20:58:14,Junction A,88,0.44,44,20.3,73.0,20:58,Rainy,0,64
2026-08-25 21:08:14,Junction E,37,0.185,12,29.8,23.2,21:08,Cloudy,0,39
2026-08-25 21:18:14,Junction E,36,0.18,18,26.5,27.7,21:18,Rainy,0,40
2026-08-25 21:28:14,Junction D,44,0.22,16,30.3,26.0,21:28,Cloudy,0,44
2026-08-25 21:38:14,Junction A,44,0.22,13,29.4,23.3,21:38,Sunny,0,39
2026-08-25 21:48:14,Junction C,65,0.325,14,30.0,25.6,21:48,Sunny,0,46
2026-08-25 21:58:14,Junction C,25,0.125,9,34.7,15.6,21:58,Sunny,0,36
2026-08-25 22:08:14,Junction B,33,0.165,9,28.7,13.8,22:08,Rainy,0,34
2026-08-25 22:18:14,Junction D,60,0.3,26,25.7,40.8,22:18,Rainy,0,54
2026-08-25 22:28:14,Junction B,38,0.19,14,26.8,21.9,22:28,Rainy,0,42
2026-08-25 22:38:14,Junction D,34,0.17,11,29.9,19.5,22:38,Sunny,0,35
2026-08-25 22:48:14,Junction A,79,0.395,30,27.3,53.3,22:48,Cloudy,0,57
2026-08-25 22:58:14,Junction D,59,0.295,12,27.2,21.8,22:58,Sunny,0,47
2026-08-25 23:08:14,Junction B,26,0.13,7,32.6,15.0,23:08,Sunny,0,36
2026-08-25 23:18:14,Junction B,32,0.16,12,31.3,22.7,23:18,Sunny,0,39
2026-08-25 23:28:14,Junction C,27,0.135,6,29.4,12.8,23:28,Rainy,0,36
2026-08-25 23:38:14,Junction F,92,0.46,40,35.7,65.8,23:38,Rainy,0,66
2026-08-25 23:48:14,Junction F,29,0.145,6,51.4,14.0,23:48,Sunny,0,32
2026-08-25 23:58:14,Junction A,52,0.26,14,25.6,23.9,23:58,Foggy,0,41
2026-08-26 00:08:14,Junction C,37,0.185,15,29.7,24.5,00:08,Sunny,0,40
2026-08-26 00:18:14,Junction E,28,0.14,9,31.9,15.6,00:18,Sunny,0,36
2026-08-26 00:28:14,Junction D,65,0.325,28,25.9,49.3,00:28,Sunny,0,52
2026-08-26 00:38:14,Junction E,5,0.025,1,31.4,5.0,00:38,Rainy,0,24
2026-08-26 00:48:14,Junction A,78,0.39,37,23.2,62.2,00:48,Rainy,0,59
2026-08-26 00:58:14,Junction B,32,0.16,9,27.9,15.4,00:58,Foggy,0,37
2026-08-26 01:08:14,Junction E,24,0.12,10,36.0,15.3,01:08,Cloudy,0,37
2026-08-26 01:18:14,Junction C,36,0.18,8,34.4,12.8,01:18,Sunny,0,38
2026-08-26 01:28:14,Junction F,30,0.15,9,46.9,14.9,01:28,Rainy,0,37
2026-08-26 01:38:14,Junction A,47,0.235,12,31.3,21.2,01:38,Sunny,0,39
2026-08-26 01:48:14,Junction D,59,0.295,22,27.9,35.2,01:48,Sunny,0,49
2026-08-26 01:58:14,Junction B,35,0.175,9,28.8,13.4,01:58,Rainy,0,37
2026-08-26 02:08:14,Junction D,41,0.205,12,24.6,20.8,02:08,Rainy,0,40
2026-08-26 02:18:14,Junction A,43,0.215,10,31.7,17.9,02:18,Sunny,0,42
2026-08-26 02:28:14,Junction A,35,0.175,11,32.2,19.6,02:28,Sunny,0,39
2026-08-26 02:38:14,Junction A,75,0.375,19,25.9,37.0,02:38,Sunny,0,49
2026-08-26 02:48:14,Junction C,28,0.14,6,33.5,12.0,02:48,Sunny,0,35
2026-08-26 02:58:14,Junction E,47,0.235,11,31.8,18.0,02:58,Cloudy,0,42
2026-08-26 03:08:14,Junction A,91,0.455,22,25.3,38.1,03:08,Sunny,0,57
2026-08-26 03:18:14,Junction A,58,0.29,19,26.6,32.4,03:18,Rainy,0,49
2026-08-26 03:28:14,Junction F,38,0.19,15,51.3,22.4,03:28,Sunny,0,40
2026-08-26 03:38:14,Junction A,91,0.455,36,23.4,63.0,03:38,Sunny,0,65
2026-08-26 03:48:14,Junction B,17,0.085,7,28.9,14.4,03:48,Foggy,0,29
2026-08-26 03:58:14,Junction A,41,0.205,13,33.1,23.2,03:58,Sunny,0,43
2026-08-26 04:08:14,Junction B,43,0.215,11,29.0,19.6,04:08,Sunny,0,43
2026-08-26 04:18:14,Junction C,41,0.205,9,33.4,19.2,04:18,Sunny,0,39
2026-08-26 04:28:14,Junction B,24,0.12,9,34.5,13.5,04:28,Sunny,0,37
2026-08-26 04:38:14,Junction C,43,0.215,11,33.2,18.2,04:38,Cloudy,0,40
2026-08-26 04:48:14,Junction A,74,0.37,20,26.7,36.0,04:48,Sunny,0,52
2026-08-26 04:58:14,Junction E,31,0.155,9,29.9,15.8,04:58,Rainy,0,36
2026-08-26 05:08:14,Junction F,95,0.475,23,43.6,42.4,05:08,Sunny,0,58
2026-08-26 05:18:14,Junction A,37,0.185,7,32.8,15.2,05:18,Cloudy,0,36
2026-08-26 05:28:14,Junction C,44,0.22,14,26.3,24.1,05:28,Rainy,0,38
2026-08-26 05:38:14,Junction A,34,0.17,13,29.6,19.1,05:38,Foggy,0,40
2026-08-26 05:48:14,Junction C,44,0.22,13,27.0,25.3,05:48,Rainy,0,43
2026-08-26 05:58:14,Junction F,71,0.355,23,45.7,38.6,05:58,Sunny,0,53
2026-08-26 06:08:14,Junction D,50,0.25,20,28.8,36.4,06:08,Sunny,0,45
2026-08-26 06:18:14,Junction A,35,0.175,15,25.5,25.6,06:18,Rainy,0,38
2026-08-26 06:28:14,Junction A,66,0.33,23,25.3,39.1,06:28,Sunny,0,53
2026-08-26 06:38:14,Junction F,31,0.155,9,43.2,17.9,06:38,Rainy,0,36
2026-08-26 06:48:14,Junction C,18,0.09,6,28.9,10.2,06:48,Rainy,0,29
2026-08-26 06:58:14,Junction A,63,0.315,24,24.7,38.8,06:58,Rainy,0,50
2026-08-26 07:08:14,Junction B,16,0.08,6,30.0,9.5,07:08,Rainy,0,30
2026-08-26 07:18:14,Junction D,48,0.24,21,32.0,37.1,07:18,Sunny,0,43
2026-08-26 07:28:14,Junction F,81,0.405,25,46.5,44.2,07:28,Sunny,0,53
2026-08-26 07:38:14,Junction E,29,0.145,10,31.2,15.0,07:38,Sunny,0,37
2026-08-26 07:48:14,Junction B,32,0.16,7,34.3,10.7,07:48,Sunny,0,37
2026-08-26 07:58:14,Junction C,27,0.135,10,33.1,15.0,07:58,Sunny,0,38
2026-08-26 08:08:14,Junction E,75,0.375,15,25.3,29.0,08:08,Sunny,1,58
2026-08-26 08:18:14,Junction C,105,0.525,36,19.1,64.6,08:18,Rainy,1,77
2026-08-26 08:28:14,Junction D,137,0.685,54,12.5,90.8,08:28,Rainy,1,90
2026-08-26 08:38:14,Junction E,30,0.15,6,33.9,11.9,08:38,Cloudy,1,42
2026-08-26 08:48:14,Junction D,104,0.52,23,21.2,42.2,08:48,Sunny,1,71
2026-08-26 08:58:14,Junction B,41,0.205,10,32.5,18.7,08:58,Cloudy,1,48
2026-08-26 09:08:14,Junction E,43,0.215,17,30.9,26.5,09:08,Sunny,1,53
2026-08-26 09:18:14,Junction D,65,0.325,23,26.3,39.9,09:18,Sunny,1,58
2026-08-26 09:28:14,Junction B,71,0.355,21,29.1,37.1,09:28,Cloudy,1,58
2026-08-26 09:38:14,Junction D,133,0.665,40,13.8,72.1,09:38,Foggy,1,82
2026-08-26 09:48:14,Junction C,99,0.495,21,22.7,40.4,09:48,Cloudy,1,67
2026-08-26 09:58:14,Junction C,96,0.48,48,21.0,78.6,09:58,Rainy,1,77
2026-08-26 10:08:14,Junction F,139,0.695,30,34.3,55.0,10:08,Sunny,1,81
2026-08-26 10:18:14,Junction C,139,0.695,63,13.3,107.3,10:18,Rainy,1,90
2026-08-26 10:28:14,Junction C,90,0.45,28,21.6,49.2,10:28,Cloudy,1,70
2026-08-26 10:38:14,Junction F,96,0.48,38,41.4,66.9,10:38,Sunny,1,77
2026-08-26 10:48:14,Junction F,99,0.495,35,42.5,59.1,10:48,Sunny,1,72
2026-08-26 10:58:14,Junction A,72,0.36,28,28.9,48.9,10:58,Sunny,1,65
2026-08-26 11:08:14,Junction F,89,0.445,28,45.0,50.4,11:08,Sunny,0,61
2026-08-26 11:18:14,Junction B,32,0.16,13,34.3,24.8,11:18,Sunny,0,40
2026-08-26 11:28:14,Junction C,35,0.175,14,34.5,21.0,11:28,Sunny,0,42
2026-08-26 11:38:14,Junction F,38,0.19,9,53.4,15.9,11:38,Cloudy,0,37
2026-08-26 11:48:14,Junction E,28,0.14,8,35.4,12.1,11:48,Cloudy,0,33
2026-08-26 11:58:14,Junction E,42,0.21,16,33.0,24.9,11:58,Sunny,0,40
2026-08-26 12:08:14,Junction A,65,0.325,28,25.6,45.8,12:08,Foggy,0,53
2026-08-26 12:18:14,Junction B,14,0.07,4,32.9,5.0,12:18,Cloudy,0,27
2026-08-26 12:28:14,Junction E,20,0.1,7,29.0,13.2,12:28,Rainy,0,32
2026-08-26 12:38:14,Junction F,63,0.315,20,46.4,34.4,12:38,Sunny,0,50
2026-08-26 12:48:14,Junction E,20,0.1,4,33.2,8.4,12:48,Cloudy,0,33
2026-08-26 12:58:14,Junction A,52,0.26,24,25.1,42.7,12:58,Rainy,0,49
2026-08-26 13:08:14,Junction F,40,0.2,11,52.4,17.2,13:08,Sunny,0,40
2026-08-26 13:18:14,Junction E,34,0.17,15,34.0,23.5,13:18,Sunny,0,39
2026-08-26 13:28:14,Junction C,25,0.125,7,33.2,11.4,13:28,Cloudy,0,36
2026-08-26 13:38:14,Junction A,83,0.415,29,22.7,49.0,13:38,Sunny,0,57
2026-08-26 13:48:14,Junction E,30,0.15,10,31.6,15.5,13:48,Cloudy,0,39
2026-08-26 13:58:14,Junction B,39,0.195,10,25.1,15.0,13:58,Foggy,0,36
2026-08-26 14:08:14,Junction F,69,0.345,23,47.0,41.4,14:08,Sunny,0,55
2026-08-26 14:18:14,Junction B,44,0.22,12,26.2,22.8,14:18,Rainy,0,43
2026-08-26 14:28:14,Junction C,53,0.265,16,27.2,30.3,14:28,Rainy,0,44
2026-08-26 14:38:14,Junction F,53,0.265,13,40.6,23.5,14:38,Rainy,0,44
2026-08-26 14:48:14,Junction F,54,0.27,15,51.4,27.9,14:48,Sunny,0,46
2026-08-26 14:58:14,Junction D,43,0.215,14,32.5,26.8,14:58,Sunny,0,40
2026-08-26 15:08:14,Junction F,61,0.305,20,46.6,35.5,15:08,Cloudy,0,46
2026-08-26 15:18:14,Junction B,30,0.15,6,32.2,10.0,15:18,Sunny,0,33
2026-08-26 15:28:14,Junction A,60,0.3,22,28.9,38.1,15:28,Sunny,0,47
2026-08-26 15:38:14,Junction A,48,0.24,11,28.4,20.4,15:38,Sunny,0,41
2026-08-26 15:48:14,Junction E,25,0.125,6,31.8,13.2,15:48,Sunny,0,35
2026-08-26 15:58:14,Junction B,39,0.195,18,28.7,31.1,15:58,Rainy,0,45
2026-08-26 16:08:14,Junction F,41,0.205,13,41.9,20.9,16:08,Rainy,0,39
2026-08-26 16:18:14,Junction E,37,0.185,14,33.0,21.4,16:18,Cloudy,0,41
2026-08-26 16:28:14,Junction C,22,0.11,7,28.0,13.6,16:28,Rainy,0,32
2026-08-26 16:38:14,Junction E,26,0.13,6,35.6,12.3,16:38,Cloudy,0,36
2026-08-26 16:48:14,Junction E,12,0.06,5,35.7,7.9,16:48,Sunny,0,30
2026-08-26 16:58:14,Junction B,27,0.135,6,26.3,9.4,16:58,Rainy,0,36
2026-08-26 17:08:14,Junction B,72,0.36,22,23.9,35.9,17:08,Foggy,1,62
2026-08-26 17:18:14,Junction C,79,0.395,28,25.1,45.9,17:18,Sunny,1,63
2026-08-26 17:28:14,Junction C,83,0.415,19,25.8,33.9,17:28,Sunny,1,65
2026-08-26 17:38:14,Junction F,134,0.67,39,38.9,69.1,17:38,Sunny,1,85
2026-08-26 17:48:14,Junction C,67,0.335,14,28.6,25.7,17:48,Cloudy,1,58
2026-08-26 17:58:14,Junction A,98,0.49,33,24.7,56.3,17:58,Sunny,1,75
2026-08-26 18:08:14,Junction C,98,0.49,42,17.9,71.9,18:08,Rainy,1,78
2026-08-26 18:18:14,Junction D,107,0.535,29,20.5,52.0,18:18,Cloudy,1,73
2026-08-26 18:28:14,Junction A,82,0.41,33,27.4,57.6,18:28,Sunny,1,68
2026-08-26 18:38:14,Junction F,76,0.38,22,48.5,41.5,18:38,Sunny,1,60
2026-08-26 18:48:14,Junction D,73,0.365,24,28.3,43.8,18:48,Sunny,1,60
2026-08-26 18:58:14,Junction E,81,0.405,38,21.5,64.3,18:58,Rainy,1,73
2026-08-26 19:08:14,Junction D,51,0.255,22,29.7,39.8,19:08,Sunny,1,55
2026-08-26 19:18:14,Junction B,102,0.51,42,17.7,72.3,19:18,Rainy,1,78
2026-08-26 19:28:14,Junction D,98,0.49,37,17.7,64.9,19:28,Rainy,1,74
2026-08-26 19:38:14,Junction B,65,0.325,19,25.7,35.3,19:38,Foggy,1,58
2026-08-26 19:48:14,Junction A,103,0.515,39,23.6,64.0,19:48,Sunny,1,76
2026-08-26 19:58:14,Junction F,149,0.745,47,34.1,82.8,19:58,Sunny,1,89
2026-08-26 20:08:14,Junction E,36,0.18,11,30.6,16.4,20:08,Sunny,0,39
2026-08-26 20:18:14,Junction A,59,0.295,23,30.7,36.2,20:18,Cloudy,0,51
2026-08-26 20:28:14,Junction E,28,0.14,7,34.9,12.0,20:28,Sunny,0,36
2026-08-26 20:38:14,Junction B,57,0.285,21,26.8,36.4,20:38,Sunny,0,49
2026-08-26 20:48:14,Junction F,61,0.305,25,39.8,40.4,20:48,Rainy,0,48
2026-08-26 20:58:14,Junction C,25,0.125,10,27.1,14.0,20:58,Foggy,0,33
2026-08-26 21:08:14,Junction D,42,0.21,10,30.8,16.3,21:08,Sunny,0,39
2026-08-26 21:18:14,Junction C,21,0.105,7,36.8,9.2,21:18,Sunny,0,34
2026-08-26 21:28:14,Junction D,38,0.19,11,31.1,20.3,21:28,Cloudy,0,37
2026-08-26 21:38:14,Junction F,47,0.235,20,51.1,36.1,21:38,Cloudy,0,43
2026-08-26 21:48:14,Junction E,26,0.13,10,31.3,16.7,21:48,Sunny,0,36
2026-08-26 21:58:14,Junction C,43,0.215,17,30.3,26.6,21:58,Sunny,0,43
2026-08-26 22:08:14,Junction A,67,0.335,26,28.9,44.0,22:08,Sunny,0,53
2026-08-26 22:18:14,Junction E,38,0.19,15,30.9,23.4,22:18,Sunny,0,38
2026-08-26 22:28:14,Junction B,11,0.055,4,34.9,9.1,22:28,Sunny,0,27
2026-08-26 22:38:14,Junction A,52,0.26,14,28.9,26.9,22:38,Sunny,0,45
2026-08-26 22:48:14,Junction D,20,0.1,7,28.3,11.8,22:48,Rainy,0,30
2026-08-26 22:58:14,Junction E,6,0.03,1,34.6,5.0,22:58,Sunny,0,25
2026-08-26 23:08:14,Junction A,63,0.315,17,27.9,31.5,23:08,Cloudy,0,48
2026-08-26 23:18:14,Junction E,45,0.225,18,32.5,29.9,23:18,Sunny,0,42
2026-08-26 23:28:14,Junction E,16,0.08,3,33.6,7.7,23:28,Cloudy,0,32
2026-08-26 23:38:14,Junction C,27,0.135,11,34.1,18.8,23:38,Sunny,0,35
2026-08-26 23:48:14,Junction A,74,0.37,25,22.9,42.6,23:48,Rainy,0,53
2026-08-26 23:58:14,Junction E,20,0.1,7,34.1,11.6,23:58,Sunny,0,32
2026-08-27 00:08:14,Junction E,17,0.085,6,32.7,8.6,00:08,Sunny,0,32
2026-08-27 00:18:14,Junction B,27,0.135,7,31.2,9.7,00:18,Cloudy,0,34
2026-08-27 00:28:14,Junction D,43,0.215,16,28.7,30.2,00:28,Sunny,0,43
2026-08-27 00:38:14,Junction A,31,0.155,12,31.3,22.0,00:38,Sunny,0,38
2026-08-27 00:48:14,Junction E,11,0.055,3,34.3,7.7,00:48,Sunny,0,28
2026-08-27 00:58:14,Junction F,40,0.2,12,52.7,22.6,00:58,Cloudy,0,37
2026-08-27 01:08:14,Junction B,40,0.2,14,30.8,25.8,01:08,Sunny,0,41
2026-08-27 01:18:14,Junction C,44,0.22,15,32.8,26.6,01:18,Sunny,0,41
2026-08-27 01:28:14,Junction A,40,0.2,16,30.7,25.7,01:28,Sunny,0,40
2026-08-27 01:38:14,Junction E,43,0.215,17,32.1,30.4,01:38,Sunny,0,45
2026-08-27 01:48:14,Junction A,57,0.285,25,26.8,42.5,01:48,Sunny,0,52
2026-08-27 01:58:14,Junction A,62,0.31,26,24.4,43.9,01:58,Rainy,0,53
2026-08-27 02:08:14,Junction B,21,0.105,6,28.6,10.2,02:08,Rainy,0,31
2026-08-27 02:18:14,Junction A,64,0.32,27,28.0,47.2,02:18,Cloudy,0,50
2026-08-27 02:28:14,Junction F,37,0.185,16,49.7,28.0,02:28,Sunny,0,41
2026-08-27 02:38:14,Junction A,45,0.225,13,31.5,21.9,02:38,Cloudy,0,44
2026-08-27 02:48:14,Junction C,43,0.215,15,32.5,25.8,02:48,Sunny,0,43
2026-08-27 02:58:14,Junction C,27,0.135,6,32.3,9.7,02:58,Sunny,0,36
2026-08-27 03:08:14,Junction A,83,0.415,34,23.7,54.7,03:08,Sunny,0,62
2026-08-27 03:18:14,Junction A,39,0.195,14,29.3,25.9,03:18,Sunny,0,41
2026-08-27 03:28:14,Junction E,19,0.095,5,36.1,6.2,03:28,Sunny,0,31
2026-08-27 03:38:14,Junction C,35,0.175,12,25.7,21.3,03:38,Rainy,0,41
2026-08-27 03:48:14,Junction F,93,0.465,37,36.7,61.5,03:48,Rainy,0,63
2026-08-27 03:58:14,Junction C,43,0.215,21,25.2,32.1,03:58,Rainy,0,46
2026-08-27 04:08:14,Junction F,58,0.29,23,47.8,38.0,04:08,Sunny,0,52
2026-08-27 04:18:14,Junction D,43,0.215,14,25.9,21.7,04:18,Rainy,0,41
2026-08-27 04:28:14,Junction C,39,0.195,9,31.4,19.3,04:28,Sunny,0,37
2026-08-27 04:38:14,Junction A,86,0.43,24,25.3,42.9,04:38,Sunny,0,56
2026-08-27 04:48:14,Junction D,51,0.255,14,32.2,24.6,04:48,Sunny,0,45
2026-08-27 04:58:14,Junction A,31,0.155,8,32.9,11.5,04:58,Sunny,0,35
2026-08-27 05:08:14,Junction F,82,0.41,32,47.0,54.9,05:08,Sunny,0,58
2026-08-27 05:18:14,Junction B,61,0.305,21,24.7,36.5,05:18,Rainy,0,48
2026-08-27 05:28:14,Junction A,64,0.32,13,29.3,24.1,05:28,Sunny,0,45
2026-08-27 05:38:14,Junction F,33,0.165,7,52.2,15.0,05:38,Sunny,0,38
2026-08-27 05:48:14,Junction E,15,0.075,4,33.4,9.2,05:48,Cloudy,0,29
2026-08-27 05:58:14,Junction E,31,0.155,6,32.9,11.4,05:58,Sunny,0,35
2026-08-27 06:08:14,Junction A,77,0.385,30,25.8,52.6,06:08,Sunny,0,55
2026-08-27 06:18:14,Junction E,46,0.23,12,31.5,23.6,06:18,Sunny,0,39
2026-08-27 06:28:14,Junction C,62,0.31,24,26.5,40.1,06:28,Sunny,0,47
2026-08-27 06:38:14,Junction F,89,0.445,30,43.2,54.2,06:38,Sunny,0,59
2026-08-27 06:48:14,Junction A,60,0.3,17,28.5,28.1,06:48,Cloudy,0,44
2026-08-27 06:58:14,Junction F,63,0.315,26,50.1,43.0,06:58,Sunny,0,52
2026-08-27 07:08:14,Junction F,63,0.315,24,49.6,41.0,07:08,Sunny,0,50
2026-08-27 07:18:14,Junction E,36,0.18,13,30.2,20.8,07:18,Sunny,0,42
2026-08-27 07:28:14,Junction C,53,0.265,19,23.6,33.9,07:28,Rainy,0,47
2026-08-27 07:38:14,Junction D,61,0.305,25,29.5,44.7,07:38,Sunny,0,50
2026-08-27 07:48:14,Junction A,53,0.265,10,27.7,20.8,07:48,Cloudy,0,42
2026-08-27 07:58:14,Junction D,38,0.19,12,32.6,19.4,07:58,Sunny,0,40
2026-08-27 08:08:14,Junction D,76,0.38,25,28.0,43.6,08:08,Sunny,1,65
2026-08-27 08:18:14,Junction A,82,0.41,19,23.9,33.7,08:18,Sunny,1,63
2026-08-27 08:28:14,Junction B,42,0.21,17,33.3,25.7,08:28,Sunny,1,55
2026-08-27 08:38:14,Junction F,146,0.73,36,34.4,66.3,08:38,Cloudy,1,87
2026-08-27 08:48:14,Junction A,102,0.51,41,24.2,68.5,08:48,Sunny,1,77
2026-08-27 08:58:14,Junction E,37,0.185,14,28.1,21.9,08:58,Rainy,1,49
2026-08-27 09:08:14,Junction D,89,0.445,28,19.7,48.5,09:08,Rainy,1,71
2026-08-27 09:18:14,Junction F,84,0.42,28,46.0,51.2,09:18,Cloudy,1,66
2026-08-27 09:28:14,Junction D,102,0.51,22,20.9,40.9,09:28,Sunny,1,71
2026-08-27 09:38:14,Junction D,81,0.405,32,26.6,55.4,09:38,Sunny,1,69
2026-08-27 09:48:14,Junction C,86,0.43,32,26.4,56.6,09:48,Sunny,1,72
2026-08-27 09:58:14,Junction D,105,0.525,30,19.5,51.5,09:58,Sunny,1,76
2026-08-27 10:08:14,Junction E,36,0.18,7,32.6,12.7,10:08,Cloudy,1,48
2026-08-27 10:18:14,Junction D,126,0.63,43,15.4,75.7,10:18,Rainy,1,82
2026-08-27 10:28:14,Junction D,76,0.38,31,23.7,53.5,10:28,Sunny,1,65
2026-08-27 10:38:14,Junction B,69,0.345,20,29.4,36.4,10:38,Sunny,1,62
2026-08-27 10:48:14,Junction A,128,0.64,51,16.3,86.4,10:48,Sunny,1,90
2026-08-27 10:58:14,Junction F,154,0.77,59,36.5,101.6,10:58,Sunny,1,90
2026-08-27 11:08:14,Junction A,50,0.25,19,29.4,34.4,11:08,Sunny,0,47
2026-08-27 11:18:14,Junction A,72,0.36,32,24.8,56.3,11:18,Cloudy,0,54
2026-08-27 11:28:14,Junction D,51,0.255,15,30.5,25.9,11:28,Cloudy,0,44
2026-08-27 11:38:14,Junction B,20,0.1,8,34.4,11.8,11:38,Sunny,0,35
2026-08-27 11:48:14,Junction C,57,0.285,12,29.6,23.2,11:48,Cloudy,0,43
2026-08-27 11:58:14,Junction C,54,0.27,13,28.1,23.9,11:58,Sunny,0,41
2026-08-27 12:08:14,Junction B,5,0.025,1,32.4,5.0,12:08,Rainy,0,25
2026-08-27 12:18:14,Junction F,34,0.17,13,50.0,22.9,12:18,Cloudy,0,36
2026-08-27 12:28:14,Junction E,11,0.055,2,30.8,5.0,12:28,Rainy,0,27
2026-08-27 12:38:14,Junction E,41,0.205,10,32.5,15.4,12:38,Sunny,0,36
2026-08-27 12:48:14,Junction A,37,0.185,8,29.6,15.6,12:48,Sunny,0,37
2026-08-27 12:58:14,Junction C,58,0.29,12,29.0,24.3,12:58,Sunny,0,41
2026-08-27 13:08:14,Junction F,62,0.31,22,39.7,38.0,13:08,Foggy,0,49
2026-08-27 13:18:14,Junction D,35,0.175,8,27.3,11.9,13:18,Rainy,0,37
2026-08-27 13:28:14,Junction F,75,0.375,18,37.9,33.8,13:28,Rainy,0,49
2026-08-27 13:38:14,Junction F,87,0.435,37,44.2,59.6,13:38,Sunny,0,63
2026-08-27 13:48:14,Junction C,45,0.225,19,29.4,29.6,13:48,Cloudy,0,41
2026-08-27 13:58:14,Junction E,22,0.11,5,29.0,9.1,13:58,Foggy,0,33
2026-08-27 14:08:14,Junction F,75,0.375,28,40.3,45.4,14:08,Rainy,0,58
2026-08-27 14:18:14,Junction D,36,0.18,8,30.3,12.1,14:18,Sunny,0,34
2026-08-27 14:28:14,Junction D,41,0.205,12,33.3,21.1,14:28,Sunny,0,39
2026-08-27 14:38:14,Junction C,29,0.145,9,33.9,15.5,14:38,Sunny,0,35
2026-08-27 14:48:14,Junction C,54,0.27,13,26.5,24.7,14:48,Rainy,0,45
2026-08-27 14:58:14,Junction B,17,0.085,5,35.0,10.2,14:58,Cloudy,0,31
2026-08-27 15:08:14,Junction C,29,0.145,10,34.2,16.6,15:08,Sunny,0,34
2026-08-27 15:18:14,Junction A,73,0.365,34,22.1,55.4,15:18,Rainy,0,55
2026-08-27 15:28:14,Junction C,51,0.255,21,31.5,36.5,15:28,Sunny,0,49
2026-08-27 15:38:14,Junction C,75,0.375,25,22.1,45.0,15:38,Rainy,0,52
2026-08-27 15:48:14,Junction B,27,0.135,11,34.7,17.7,15:48,Sunny,0,38
2026-08-27 15:58:14,Junction C,64,0.32,18,28.8,30.9,15:58,Cloudy,0,48
2026-08-27 16:08:14,Junction C,35,0.175,9,30.1,14.3,16:08,Sunny,0,35
2026-08-27 16:18:14,Junction D,79,0.395,42,22.3,67.4,16:18,Rainy,0,62
2026-08-27 16:28:14,Junction F,59,0.295,18,46.5,33.4,16:28,Sunny,0,49
2026-08-27 16:38:14,Junction E,34,0.17,12,28.4,22.3,16:38,Rainy,0,35
2026-08-27 16:48:14,Junction E,8,0.04,2,35.1,5.4,16:48,Sunny,0,26
2026-08-27 16:58:14,Junction C,45,0.225,17,31.8,28.5,16:58,Sunny,0,45
2026-08-27 17:08:14,Junction F,83,0.415,25,47.2,41.9,17:08,Cloudy,1,68
2026-08-27 17:18:14,Junction A,84,0.42,32,22.9,54.5,17:18,Foggy,1,71
2026-08-27 17:28:14,Junction C,72,0.36,23,26.8,40.1,17:28,Sunny,1,64
2026-08-27 17:38:14,Junction F,74,0.37,25,44.2,42.8,17:38,Cloudy,1,62
2026-08-27 17:48:14,Junction E,81,0.405,30,27.2,52.8,17:48,Sunny,1,66
2026-08-27 17:58:14,Junction E,108,0.54,25,18.7,45.1,17:58,Rainy,1,73
2026-08-27 18:08:14,Junction E,66,0.33,29,27.1,46.3,18:08,Sunny,1,65
2026-08-27 18:18:14,Junction C,126,0.63,41,17.2,72.0,18:18,Sunny,1,81
2026-08-27 18:28:14,Junction C,61,0.305,16,29.9,26.5,18:28,Sunny,1,57
2026-08-27 18:38:14,Junction F,114,0.57,49,42.1,79.5,18:38,Sunny,1,85
2026-08-27 18:48:14,Junction A,135,0.675,27,18.5,53.1,18:48,Sunny,1,80
2026-08-27 18:58:14,Junction D,105,0.525,45,21.3,77.5,18:58,Cloudy,1,83
2026-08-27 19:08:14,Junction A,94,0.47,41,22.8,69.5,19:08,Sunny,1,75
2026-08-27 19:18:14,Junction F,111,0.555,28,38.8,48.7,19:18,Cloudy,1,75
2026-08-27 19:28:14,Junction A,144,0.72,41,15.4,74.1,19:28,Sunny,1,86
2026-08-27 19:38:14,Junction C,104,0.52,23,22.2,42.0,19:38,Sunny,1,67
2026-08-27 19:48:14,Junction B,39,0.195,15,26.5,23.8,19:48,Rainy,1,53
2026-08-27 19:58:14,Junction C,74,0.37,20,23.5,34.5,19:58,Rainy,1,59
2026-08-27 20:08:14,Junction C,52,0.26,10,29.1,17.6,20:08,Cloudy,0,42
2026-08-27 20:18:14,Junction B,34,0.17,7,29.2,11.1,20:18,Foggy,0,37
2026-08-27 20:28:14,Junction F,17,0.085,3,57.0,7.0,20:28,Cloudy,0,29
2026-08-27 20:38:14,Junction A,45,0.225,9,32.4,14.2,20:38,Sunny,0,41
2026-08-27 20:48:14,Junction D,46,0.23,22,24.1,37.1,20:48,Rainy,0,45
2026-08-27 20:58:14,Junction A,91,0.455,20,24.1,36.7,20:58,Sunny,0,56
2026-08-27 21:08:14,Junction D,70,0.35,30,23.6,50.4,21:08,Rainy,0,52
2026-08-27 21:18:14,Junction A,68,0.34,25,27.0,44.7,21:18,Sunny,0,53
2026-08-27 21:28:14,Junction D,40,0.2,17,29.5,29.7,21:28,Sunny,0,41
2026-08-27 21:38:14,Junction D,57,0.285,19,27.5,35.4,21:38,Cloudy,0,46
2026-08-27 21:48:14,Junction C,55,0.275,13,25.5,25.0,21:48,Rainy,0,44
2026-08-27 21:58:14,Junction C,37,0.185,9,32.3,18.7,21:58,Sunny,0,38
2026-08-27 22:08:14,Junction B,40,0.2,14,31.6,23.9,22:08,Sunny,0,42
2026-08-27 22:18:14,Junction A,61,0.305,21,26.2,39.0,22:18,Sunny,0,50
2026-08-27 22:28:14,Junction A,78,0.39,19,21.9,33.1,22:28,Rainy,0,49
2026-08-27 22:38:14,Junction D,60,0.3,26,30.6,41.8,22:38,Cloudy,0,49
2026-08-27 22:48:14,Junction F,39,0.195,11,51.3,20.6,22:48,Sunny,0,38
2026-08-27 22:58:14,Junction B,30,0.15,7,35.2,11.3,22:58,Cloudy,0,34
2026-08-27 23:08:14,Junction A,70,0.35,19,25.8,36.3,23:08,Sunny,0,52
2026-08-27 23:18:14,Junction F,39,0.195,12,52.4,19.5,23:18,Sunny,0,37
2026-08-27 23:28:14,Junction B,36,0.18,9,33.0,14.3,23:28,Cloudy,0,37
2026-08-27 23:38:14,Junction C,33,0.165,12,30.4,18.0,23:38,Sunny,0,38
2026-08-27 23:48:14,Junction D,17,0.085,6,31.1,9.9,23:48,Rainy,0,34
2026-08-27 23:58:14,Junction F,77,0.385,28,45.8,45.5,23:58,Cloudy,0,55
2026-08-28 00:08:14,Junction B,21,0.105,7,36.6,13.3,00:08,Sunny,0,36
2026-08-28 00:18:14,Junction E,8,0.04,1,32.8,5.0,00:18,Rainy,0,27
2026-08-28 00:28:14,Junction A,54,0.27,15,23.2,28.5,00:28,Rainy,0,45
2026-08-28 00:38:14,Junction A,28,0.14,9,32.1,13.6,00:38,Cloudy,0,32
2026-08-28 00:48:14,Junction F,75,0.375,15,47.7,30.9,00:48,Sunny,0,48
2026-08-28 00:58:14,Junction E,17,0.085,5,36.3,7.0,00:58,Sunny,0,32
2026-08-28 01:08:14,Junction D,44,0.22,22,24.3,36.4,01:08,Rainy,0,48
2026-08-28 01:18:14,Junction F,42,0.21,14,43.7,26.3,01:18,Rainy,0,41
2026-08-28 01:28:14,Junction D,44,0.22,11,31.8,21.6,01:28,Sunny,0,38
2026-08-28 01:38:14,Junction A,40,0.2,15,33.1,25.0,01:38,Sunny,0,40
2026-08-28 01:48:14,Junction F,74,0.37,29,47.3,50.2,01:48,Sunny,0,57
2026-08-28 01:58:14,Junction A,59,0.295,21,27.9,33.0,01:58,Sunny,0,51
2026-08-28 02:08:14,Junction B,54,0.27,16,30.8,25.4,02:08,Sunny,0,42
2026-08-28 02:18:14,Junction C,37,0.185,9,28.6,17.4,02:18,Foggy,0,35
2026-08-28 02:28:14,Junction D,40,0.2,9,30.8,16.3,02:28,Sunny,0,37
2026-08-28 02:38:14,Junction B,51,0.255,12,30.7,19.5,02:38,Sunny,0,40
2026-08-28 02:48:14,Junction F,72,0.36,20,39.6,36.9,02:48,Foggy,0,53
2026-08-28 02:58:14,Junction D,66,0.33,15,27.8,29.3,02:58,Cloudy,0,49
2026-08-28 03:08:14,Junction D,15,0.075,4,32.8,9.4,03:08,Sunny,0,28
2026-08-28 03:18:14,Junction A,47,0.235,17,32.4,27.7,03:18,Sunny,0,43
2026-08-28 03:28:14,Junction F,80,0.4,22,43.6,37.9,03:28,Sunny,0,52
2026-08-28 03:38:14,Junction E,58,0.29,24,25.8,41.0,03:38,Foggy,0,47
2026-08-28 03:48:14,Junction D,50,0.25,12,29.1,22.3,03:48,Cloudy,0,42
2026-08-28 03:58:14,Junction E,55,0.275,17,27.0,31.2,03:58,Sunny,0,48
2026-08-28 04:08:14,Junction D,49,0.245,12,26.5,19.8,04:08,Rainy,0,44
2026-08-28 04:18:14,Junction C,34,0.17,8,34.4,13.8,04:18,Sunny,0,35
2026-08-28 04:28:14,Junction F,56,0.28,22,47.5,36.1,04:28,Sunny,0,48
2026-08-28 04:38:14,Junction B,44,0.22,10,29.2,16.6,04:38,Sunny,0,40
2026-08-28 04:48:14,Junction D,78,0.39,27,21.4,48.7,04:48,Rainy,0,55
2026-08-28 04:58:14,Junction C,40,0.2,20,27.2,31.3,04:58,Rainy,0,43
2026-08-28 05:08:14,Junction D,38,0.19,16,33.2,24.0,05:08,Sunny,0,41
2026-08-28 05:18:14,Junction D,39,0.195,16,28.5,28.2,05:18,Foggy,0,41
2026-08-28 05:28:14,Junction B,29,0.145,8,33.1,12.7,05:28,Sunny,0,34
2026-08-28 05:38:14,Junction C,20,0.1,6,30.3,10.0,05:38,Rainy,0,32
2026-08-28 05:48:14,Junction A,52,0.26,21,28.6,34.5,05:48,Sunny,0,50
2026-08-28 05:58:14,Junction D,52,0.26,19,27.4,31.3,05:58,Sunny,0,45
2026-08-28 06:08:14,Junction C,59,0.295,19,30.5,32.9,06:08,Sunny,0,49
2026-08-28 06:18:14,Junction A,78,0.39,21,24.0,39.2,06:18,Cloudy,0,51
2026-08-28 06:28:14,Junction E,10,0.05,4,34.3,5.8,06:28,Sunny,0,31
2026-08-28 06:38:14,Junction C,56,0.28,18,26.4,30.2,06:38,Rainy,0,47
2026-08-28 06:48:14,Junction D,35,0.175,13,33.4,24.5,06:48,Sunny,0,38
2026-08-28 06:58:14,Junction D,19,0.095,3,36.7,7.6,06:58,Sunny,0,31
2026-08-28 07:08:14,Junction A,27,0.135,8,29.9,15.4,07:08,Rainy,0,37
2026-08-28 07:18:14,Junction F,82,0.41,30,44.7,49.4,07:18,Sunny,0,60
2026-08-28 07:28:14,Junction D,35,0.175,10,32.0,16.9,07:28,Cloudy,0,37
2026-08-28 07:38:14,Junction A,35,0.175,15,34.6,26.1,07:38,Sunny,0,40
2026-08-28 07:48:14,Junction B,22,0.11,6,34.5,11.9,07:48,Sunny,0,35
2026-08-28 07:58:14,Junction D,28,0.14,12,35.2,20.8,07:58,Cloudy,0,37
2026-08-28 08:08:14,Junction C,73,0.365,22,24.0,41.2,08:08,Rainy,1,61
2026-08-28 08:18:14,Junction D,90,0.45,38,24.4,66.3,08:18,Sunny,1,71
2026-08-28 08:28:14,Junction C,79,0.395,32,27.9,53.8,08:28,Cloudy,1,65
2026-08-28 08:38:14,Junction E,41,0.205,14,33.8,21.3,08:38,Sunny,1,52
2026-08-28 08:48:14,Junction F,115,0.575,43,42.0,71.3,08:48,Cloudy,1,79
2026-08-28 08:58:14,Junction A,121,0.605,29,17.4,52.4,08:58,Sunny,1,78
2026-08-28 09:08:14,Junction C,78,0.39,31,25.5,50.1,09:08,Sunny,1,70
2026-08-28 09:18:14,Junction B,42,0.21,13,29.4,25.3,09:18,Cloudy,1,52
2026-08-28 09:28:14,Junction D,90,0.45,19,23.0,34.6,09:28,Sunny,1,66
2026-08-28 09:38:14,Junction F,135,0.675,40,35.6,70.6,09:38,Sunny,1,86
2026-08-28 09:48:14,Junction B,67,0.335,23,25.3,41.3,09:48,Sunny,1,63
2026-08-28 09:58:14,Junction A,124,0.62,47,17.5,81.9,09:58,Sunny,1,84
2026-08-28 10:08:14,Junction D,84,0.42,21,22.6,35.0,10:08,Sunny,1,65
2026-08-28 10:18:14,Junction F,166,0.83,78,25.6,130.6,10:18,Rainy,1,90
2026-08-28 10:28:14,Junction B,100,0.5,26,20.6,43.7,10:28,Cloudy,1,69
2026-08-28 10:38:14,Junction F,140,0.7,29,34.6,56.9,10:38,Sunny,1,79
2026-08-28 10:48:14,Junction A,109,0.545,39,21.9,64.0,10:48,Sunny,1,78
2026-08-28 10:58:14,Junction F,141,0.705,54,37.7,89.0,10:58,Sunny,1,90
2026-08-28 11:08:14,Junction A,90,0.45,27,22.2,49.7,11:08,Rainy,0,59
2026-08-28 11:18:14,Junction A,51,0.255,14,27.3,25.0,11:18,Rainy,0,41
