timestamp,intersection_id,vehicle_count,traffic_density,queue_length,average_speed,waiting_time,time_of_day,weather,is_peak_hour,optimal_green_time
2026-08-14 14:02:20,Junction A,44,0.22,12,30.4,19.3,14:02,Sunny,0,39
2026-08-14 14:12:20,Junction A,96,0.48,27,20.2,47.3,14:12,Rainy,0,62
2026-08-14 14:22:20,Junction E,9,0.045,3,38.1,5.0,14:22,Sunny,0,26
2026-08-14 14:32:20,Junction D,43,0.215,18,33.5,28.0,14:32,Sunny,0,41
2026-08-14 14:42:20,Junction C,49,0.245,12,30.2,21.0,14:42,Sunny,0,41
2026-08-14 14:52:20,Junction A,42,0.21,16,32.0,29.8,14:52,Sunny,0,43
2026-08-14 15:02:20,Junction A,63,0.315,25,23.6,40.4,15:02,Rainy,0,49
2026-08-14 15:12:20,Junction C,34,0.17,11,34.8,17.8,15:12,Sunny,0,38
2026-08-14 15:22:20,Junction A,48,0.24,11,30.8,20.6,15:22,Sunny,0,39
2026-08-14 15:32:20,Junction A,66,0.33,17,27.9,28.4,15:32,Sunny,0,50
2026-08-14 15:42:20,Junction E,17,0.085,6,28.7,10.8,15:42,Rainy,0,31
2026-08-14 15:52:20,Junction F,71,0.355,20,48.7,33.5,15:52,Cloudy,0,52
2026-08-14 16:02:20,Junction C,43,0.215,22,26.0,36.1,16:02,Rainy,0,44
2026-08-14 16:12:20,Junction C,61,0.305,13,30.4,26.2,16:12,Cloudy,0,47
2026-08-14 16:22:20,Junction F,29,0.145,7,51.4,14.2,16:22,Sunny,0,36
2026-08-14 16:32:20,Junction F,45,0.225,17,51.6,30.4,16:32,Cloudy,0,44
2026-08-14 16:42:20,Junction C,43,0.215,15,32.4,22.7,16:42,Sunny,0,42
2026-08-14 16:52:20,Junction D,31,0.155,11,34.2,16.9,16:52,Sunny,0,35
2026-08-14 17:02:20,Junction B,58,0.29,16,27.7,26.4,17:02,Sunny,1,55
2026-08-14 17:12:20,Junction C,93,0.465,28,23.4,49.8,17:12,Sunny,1,68
2026-08-14 17:22:20,Junction A,108,0.54,48,23.5,81.5,17:22,Cloudy,1,84
2026-08-14 17:32:20,Junction C,107,0.535,34,19.9,58.1,17:32,Sunny,1,78
2026-08-14 17:42:20,Junction A,87,0.435,32,25.4,55.3,17:42,Cloudy,1,69
2026-08-14 17:52:20,Junction E,76,0.38,15,28.1,30.3,17:52,Sunny,1,61
2026-08-14 18:02:20,Junction D,91,0.455,25,21.7,43.9,18:02,Sunny,1,65
2026-08-14 18:12:20,Junction D,121,0.605,39,20.8,69.8,18:12,Sunny,1,83
2026-08-14 18:22:20,Junction E,58,0.29,16,30.6,26.3,18:22,Sunny,1,58
2026-08-14 18:32:20,Junction E,81,0.405,16,27.2,27.2,18:32,Sunny,1,59
2026-08-14 18:42:20,Junction F,134,0.67,33,37.2,57.9,18:42,Sunny,1,81
2026-08-14 18:52:20,Junction E,87,0.435,29,25.5,50.0,18:52,Sunny,1,69
2026-08-14 19:02:20,Junction A,110,0.55,45,21.7,75.7,19:02,Sunny,1,81
2026-08-14 19:12:20,Junction C,72,0.36,32,23.1,51.3,19:12,Rainy,1,68
2026-08-14 19:22:20,Junction B,64,0.32,28,27.4,47.2,19:22,Sunny,1,63
2026-08-14 19:32:20,Junction E,64,0.32,21,27.8,38.9,19:32,Sunny,1,59
2026-08-14 19:42:20,Junction D,83,0.415,17,23.2,32.6,19:42,Sunny,1,61
2026-08-14 19:52:20,Junction F,144,0.72,29,31.1,53.5,19:52,Foggy,1,81
2026-08-14 20:02:20,Junction D,46,0.23,14,31.2,27.3,20:02,Sunny,0,40
2026-08-14 20:12:20,Junction C,26,0.13,6,31.1,13.4,20:12,Sunny,0,31
2026-08-14 20:22:20,Junction F,51,0.255,22,49.6,34.4,20:22,Sunny,0,49
2026-08-14 20:32:20,Junction F,83,0.415,31,45.2,54.3,20:32,Sunny,0,60
2026-08-14 20:42:20,Junction F,26,0.13,9,54.3,18.3,20:42,Cloudy,0,33
2026-08-14 20:52:20,Junction C,49,0.245,10,29.2,20.1,20:52,Sunny,0,38
2026-08-14 21:02:20,Junction D,43,0.215,16,32.5,30.0,21:02,Sunny,0,40
2026-08-14 21:12:20,Junction B,27,0.135,8,32.8,15.9,21:12,Sunny,0,33
2026-08-14 21:22:20,Junction F,51,0.255,21,49.6,37.9,21:22,Sunny,0,46
2026-08-14 21:32:20,Junction E,15,0.075,4,31.2,5.0,21:32,Foggy,0,27
2026-08-14 21:42:20,Junction F,41,0.205,13,50.0,24.1,21:42,Sunny,0,40
2026-08-14 21:52:20,Junction E,50,0.25,25,26.9,42.7,21:52,Rainy,0,47
2026-08-14 22:02:20,Junction E,25,0.125,6,35.1,10.5,22:02,Sunny,0,33
2026-08-14 22:12:20,Junction A,71,0.355,34,24.8,54.5,22:12,Rainy,0,55
2026-08-14 22:22:20,Junction B,29,0.145,8,29.9,16.2,22:22,Rainy,0,35
2026-08-14 22:32:20,Junction C,38,0.19,16,31.0,26.9,22:32,Sunny,0,43
2026-08-14 22:42:20,Junction C,41,0.205,17,29.5,27.6,22:42,Cloudy,0,45
2026-08-14 22:52:20,Junction C,56,0.28,23,30.8,35.8,22:52,Sunny,0,48
2026-08-14 23:02:20,Junction E,44,0.22,18,32.5,31.6,23:02,Cloudy,0,42
2026-08-14 23:12:20,Junction D,33,0.165,9,31.5,14.2,23:12,Sunny,0,34
2026-08-14 23:22:20,Junction B,15,0.075,3,35.0,8.5,23:22,Cloudy,0,32
2026-08-14 23:32:20,Junction D,67,0.335,21,26.4,34.0,23:32,Sunny,0,48
2026-08-14 23:42:20,Junction F,36,0.18,9,54.5,18.3,23:42,Sunny,0,38
2026-08-14 23:52:20,Junction E,41,0.205,9,32.6,17.8,23:52,Sunny,0,37
2026-08-15 00:02:20,Junction B,17,0.085,5,34.0,10.6,00:02,Sunny,0,33
2026-08-15 00:12:20,Junction E,15,0.075,5,32.8,5.7,00:12,Sunny,0,29
2026-08-15 00:22:20,Junction D,37,0.185,15,28.4,28.0,00:22,Rainy,0,39
2026-08-15 00:32:20,Junction D,62,0.31,27,29.1,48.1,00:32,Sunny,0,51
2026-08-15 00:42:20,Junction A,39,0.195,13,27.4,25.2,00:42,Rainy,0,42
2026-08-15 00:52:20,Junction E,20,0.1,9,28.3,14.9,00:52,Rainy,0,35
2026-08-15 01:02:20,Junction A,29,0.145,8,31.7,13.8,01:02,Cloudy,0,36
2026-08-15 01:12:20,Junction B,27,0.135,9,28.3,16.4,01:12,Rainy,0,35
2026-08-15 01:22:20,Junction B,49,0.245,14,29.5,22.0,01:22,Sunny,0,45
2026-08-15 01:32:20,Junction A,19,0.095,3,36.2,8.7,01:32,Sunny,0,30
2026-08-15 01:42:20,Junction A,70,0.35,23,25.0,40.9,01:42,Cloudy,0,53
2026-08-15 01:52:20,Junction B,16,0.08,3,35.8,6.1,01:52,Sunny,0,30
2026-08-15 02:02:20,Junction C,66,0.33,19,22.7,34.7,02:02,Foggy,0,50
2026-08-15 02:12:20,Junction E,43,0.215,18,30.3,28.6,02:12,Sunny,0,44
2026-08-15 02:22:20,Junction F,68,0.34,26,47.8,42.7,02:22,Sunny,0,54
2026-08-15 02:32:20,Junction B,19,0.095,9,28.8,12.4,02:32,Rainy,0,36
2026-08-15 02:42:20,Junction F,47,0.235,19,50.0,30.3,02:42,Sunny,0,47
2026-08-15 02:52:20,Junction D,40,0.2,10,29.3,18.0,02:52,Sunny,0,38
2026-08-15 03:02:20,Junction C,60,0.3,26,24.6,45.3,03:02,Rainy,0,50
2026-08-15 03:12:20,Junction F,18,0.09,6,54.7,9.9,03:12,Cloudy,0,30
2026-08-15 03:22:20,Junction B,40,0.2,11,29.6,19.5,03:22,Sunny,0,39
2026-08-15 03:32:20,Junction E,42,0.21,16,30.6,26.6,03:32,Sunny,0,45
2026-08-15 03:42:20,Junction C,48,0.24,18,30.3,33.1,03:42,Cloudy,0,46
2026-08-15 03:52:20,Junction A,70,0.35,20,22.7,33.9,03:52,Rainy,0,50
2026-08-15 04:02:20,Junction A,49,0.245,17,29.7,27.5,04:02,Sunny,0,41
2026-08-15 04:12:20,Junction C,34,0.17,15,33.1,27.2,04:12,Sunny,0,37
2026-08-15 04:22:20,Junction A,61,0.305,20,30.0,32.6,04:22,Sunny,0,50
2026-08-15 04:32:20,Junction D,44,0.22,15,24.3,23.0,04:32,Foggy,0,40
2026-08-15 04:42:20,Junction D,33,0.165,13,34.1,21.7,04:42,Cloudy,0,38
2026-08-15 04:52:20,Junction B,44,0.22,13,25.9,22.7,04:52,Rainy,0,38
2026-08-15 05:02:20,Junction A,75,0.375,24,25.2,39.4,05:02,Sunny,0,53
2026-08-15 05:12:20,Junction E,17,0.085,6,33.8,11.9,05:12,Sunny,0,32
2026-08-15 05:22:20,Junction E,5,0.025,2,29.5,5.0,05:22,Rainy,0,27
2026-08-15 05:32:20,Junction F,68,0.34,17,47.3,29.6,05:32,Cloudy,0,50
2026-08-15 05:42:20,Junction F,86,0.43,22,44.8,38.9,05:42,Sunny,0,52
2026-08-15 05:52:20,Junction B,18,0.09,6,28.9,9.8,05:52,Rainy,0,32
2026-08-15 06:02:20,Junction C,44,0.22,9,29.0,18.0,06:02,Sunny,0,37
2026-08-15 06:12:20,Junction F,85,0.425,27,47.1,47.5,06:12,Sunny,0,55
2026-08-15 06:22:20,Junction E,20,0.1,8,29.0,12.8,06:22,Rainy,0,31
2026-08-15 06:32:20,Junction E,6,0.03,1,34.5,5.0,06:32,Sunny,0,26
2026-08-15 06:42:20,Junction D,22,0.11,9,34.5,17.8,06:42,Cloudy,0,35
2026-08-15 06:52:20,Junction E,23,0.115,6,32.2,9.4,06:52,Sunny,0,30
2026-08-15 07:02:20,Junction F,85,0.425,32,46.3,53.2,07:02,Sunny,0,57
2026-08-15 07:12:20,Junction C,15,0.075,5,33.2,7.0,07:12,Sunny,0,30
2026-08-15 07:22:20,Junction C,46,0.23,14,30.0,25.3,07:22,Cloudy,0,41
2026-08-15 07:32:20,Junction E,26,0.13,11,34.2,18.2,07:32,Cloudy,0,37
2026-08-15 07:42:20,Junction F,20,0.1,4,53.8,7.7,07:42,Sunny,0,34
2026-08-15 07:52:20,Junction D,43,0.215,13,32.6,23.9,07:52,Sunny,0,43
2026-08-15 08:02:20,Junction E,63,0.315,23,29.1,41.2,08:02,Sunny,1,62
2026-08-15 08:12:20,Junction A,107,0.535,26,17.2,46.0,08:12,Rainy,1,71
2026-08-15 08:22:20,Junction A,155,0.775,40,10.6,69.7,08:22,Foggy,1,90
2026-08-15 08:32:20,Junction C,99,0.495,22,21.1,40.4,08:32,Sunny,1,67
2026-08-15 08:42:20,Junction A,104,0.52,30,20.6,51.4,08:42,Sunny,1,72
2026-08-15 08:52:20,Junction B,32,0.16,6,30.2,13.1,08:52,Sunny,1,47
2026-08-15 09:02:20,Junction C,71,0.355,25,27.6,40.7,09:02,Sunny,1,61
2026-08-15 09:12:20,Junction C,76,0.38,30,27.1,51.6,09:12,Sunny,1,67
2026-08-15 09:22:20,Junction F,123,0.615,54,39.4,90.6,09:22,Sunny,1,88
2026-08-15 09:32:20,Junction F,109,0.545,37,42.5,63.0,09:32,Sunny,1,76
2026-08-15 09:42:20,Junction F,141,0.705,38,35.8,67.8,09:42,Sunny,1,87
2026-08-15 09:52:20,Junction F,94,0.47,28,42.7,47.1,09:52,Sunny,1,72
2026-08-15 10:02:20,Junction B,78,0.39,16,26.8,27.5,10:02,Sunny,1,61
2026-08-15 10:12:20,Junction F,113,0.565,44,39.1,73.5,10:12,Sunny,1,81
2026-08-15 10:22:20,Junction C,92,0.46,26,22.0,48.9,10:22,Sunny,1,66
2026-08-15 10:32:20,Junction C,64,0.32,22,28.0,36.0,10:32,Cloudy,1,61
2026-08-15 10:42:20,Junction F,108,0.54,35,41.9,60.3,10:42,Sunny,1,77
2026-08-15 10:52:20,Junction B,50,0.25,18,30.6,32.6,10:52,Cloudy,1,54
2026-08-15 11:02:20,Junction E,23,0.115,9,34.2,16.5,11:02,Sunny,0,35
2026-08-15 11:12:20,Junction E,15,0.075,6,35.9,10.2,11:12,Sunny,0,31
2026-08-15 11:22:20,Junction C,13,0.065,5,34.6,11.3,11:22,Sunny,0,27
2026-08-15 11:32:20,Junction F,77,0.385,26,37.4,47.2,11:32,Rainy,0,54
2026-08-15 11:42:20,Junction B,21,0.105,8,35.5,15.2,11:42,Sunny,0,35
2026-08-15 11:52:20,Junction A,54,0.27,13,30.6,25.2,11:52,Cloudy,0,45
2026-08-15 12:02:20,Junction D,47,0.235,12,26.5,19.3,12:02,Rainy,0,41
2026-08-15 12:12:20,Junction B,18,0.09,6,32.6,8.5,12:12,Sunny,0,32
2026-08-15 12:22:20,Junction A,35,0.175,9,26.7,16.3,12:22,Rainy,0,39
2026-08-15 12:32:20,Junction C,20,0.1,4,35.8,5.8,12:32,Sunny,0,32
2026-08-15 12:42:20,Junction E,5,0.025,2,30.8,5.0,12:42,Rainy,0,28
2026-08-15 12:52:20,Junction A,50,0.25,13,27.6,22.7,12:52,Cloudy,0,40
2026-08-15 13:02:20,Junction C,12,0.06,2,36.9,5.9,13:02,Sunny,0,29
2026-08-15 13:12:20,Junction F,73,0.365,28,47.4,48.9,13:12,Sunny,0,55
2026-08-15 13:22:20,Junction B,16,0.08,5,34.7,9.2,13:22,Sunny,0,29
2026-08-15 13:32:20,Junction A,36,0.18,9,34.0,13.5,13:32,Sunny,0,37
2026-08-15 13:42:20,Junction A,58,0.29,13,23.5,25.0,13:42,Rainy,0,43
2026-08-15 13:52:20,Junction B,58,0.29,27,24.2,44.4,13:52,Rainy,0,49
2026-08-15 14:02:20,Junction D,58,0.29,15,28.9,25.9,14:02,Sunny,0,44
2026-08-15 14:12:20,Junction A,35,0.175,10,28.4,16.1,14:12,Rainy,0,35
2026-08-15 14:22:20,Junction B,27,0.135,8,33.9,14.1,14:22,Sunny,0,37
2026-08-15 14:32:20,Junction A,84,0.42,32,25.2,55.8,14:32,Sunny,0,58
2026-08-15 14:42:20,Junction D,34,0.17,8,32.5,12.9,14:42,Sunny,0,33
2026-08-15 14:52:20,Junction A,65,0.325,21,25.4,37.3,14:52,Sunny,0,50
2026-08-15 15:02:20,Junction B,12,0.06,4,28.4,6.8,15:02,Foggy,0,28
2026-08-15 15:12:20,Junction E,36,0.18,12,32.1,23.1,15:12,Sunny,0,38
2026-08-15 15:22:20,Junction F,85,0.425,34,42.7,54.5,15:22,Cloudy,0,60
2026-08-15 15:32:20,Junction C,22,0.11,8,35.7,13.6,15:32,Sunny,0,34
2026-08-15 15:42:20,Junction B,26,0.13,9,33.9,17.3,15:42,Sunny,0,35
2026-08-15 15:52:20,Junction F,47,0.235,18,42.9,32.8,15:52,Rainy,0,44
2026-08-15 16:02:20,Junction B,40,0.2,12,29.5,18.3,16:02,Sunny,0,41
2026-08-15 16:12:20,Junction D,23,0.115,8,35.7,13.5,16:12,Sunny,0,35
2026-08-15 16:22:20,Junction F,39,0.195,14,53.7,26.0,16:22,Sunny,0,42
2026-08-15 16:32:20,Junction D,32,0.16,8,27.9,13.8,16:32,Rainy,0,35
2026-08-15 16:42:20,Junction D,22,0.11,9,32.6,14.3,16:42,Sunny,0,37
2026-08-15 16:52:20,Junction A,59,0.295,21,30.7,36.7,16:52,Cloudy,0,51
2026-08-15 17:02:20,Junction E,62,0.31,17,29.2,27.8,17:02,Cloudy,1,59
2026-08-15 17:12:20,Junction F,143,0.715,31,37.3,59.9,17:12,Sunny,1,82
2026-08-15 17:22:20,Junction B,46,0.23,10,29.5,15.9,17:22,Cloudy,1,50
2026-08-15 17:32:20,Junction A,95,0.475,29,24.8,47.6,17:32,Sunny,1,71
2026-08-15 17:42:20,Junction E,86,0.43,23,22.9,41.2,17:42,Sunny,1,62
2026-08-15 17:52:20,Junction F,121,0.605,54,37.6,89.5,17:52,Cloudy,1,89
2026-08-15 18:02:20,Junction D,105,0.525,45,19.4,73.3,18:02,Cloudy,1,81
2026-08-15 18:12:20,Junction D,120,0.6,38,19.5,64.8,18:12,Sunny,1,79
2026-08-15 18:22:20,Junction C,103,0.515,42,23.1,71.7,18:22,Sunny,1,81
2026-08-15 18:32:20,Junction C,82,0.41,31,26.7,51.7,18:32,Cloudy,1,69
2026-08-15 18:42:20,Junction D,96,0.48,22,22.7,41.6,18:42,Sunny,1,64
2026-08-15 18:52:20,Junction F,173,0.865,48,27.3,85.7,18:52,Rainy,1,90
2026-08-15 19:02:20,Junction F,108,0.54,33,42.3,57.2,19:02,Sunny,1,74
2026-08-15 19:12:20,Junction F,129,0.645,57,36.9,93.1,19:12,Sunny,1,90
2026-08-15 19:22:20,Junction C,96,0.48,28,23.1,47.3,19:22,Sunny,1,70
2026-08-15 19:32:20,Junction F,129,0.645,36,36.8,64.9,19:32,Sunny,1,80
2026-08-15 19:42:20,Junction C,126,0.63,37,20.8,64.7,19:42,Sunny,1,81
2026-08-15 19:52:20,Junction D,122,0.61,27,19.6,50.9,19:52,Cloudy,1,75
2026-08-15 20:02:20,Junction E,44,0.22,14,28.4,25.3,20:02,Sunny,0,44
2026-08-15 20:12:20,Junction F,50,0.25,15,41.1,24.1,20:12,Rainy,0,46
2026-08-15 20:22:20,Junction A,61,0.305,15,27.0,24.9,20:22,Sunny,0,48
2026-08-15 20:32:20,Junction F,24,0.12,8,52.5,15.4,20:32,Cloudy,0,32
2026-08-15 20:42:20,Junction C,15,0.075,5,33.0,9.2,20:42,Sunny,0,30
2026-08-15 20:52:20,Junction A,48,0.24,19,30.9,31.6,20:52,Sunny,0,44
2026-08-15 21:02:20,Junction B,25,0.125,5,33.0,7.3,21:02,Sunny,0,31
2026-08-15 21:12:20,Junction F,71,0.355,21,49.2,37.8,21:12,Sunny,0,48
2026-08-15 21:22:20,Junction A,64,0.32,27,29.6,42.5,21:22,Sunny,0,52
2026-08-15 21:32:20,Junction B,15,0.075,3,31.7,5.0,21:32,Rainy,0,30
2026-08-15 21:42:20,Junction F,41,0.205,14,51.6,22.3,21:42,Sunny,0,42
2026-08-15 21:52:20,Junction A,49,0.245,21,29.1,35.3,21:52,Sunny,0,46
2026-08-15 22:02:20,Junction D,55,0.275,12,31.7,22.8,22:02,Cloudy,0,45
2026-08-15 22:12:20,Junction F,78,0.39,23,44.0,41.6,22:12,Sunny,0,51
2026-08-15 22:22:20,Junction F,63,0.315,28,49.2,44.5,22:22,Sunny,0,52
2026-08-15 22:32:20,Junction C,59,0.295,14,27.7,26.3,22:32,Cloudy,0,44
2026-08-15 22:42:20,Junction B,44,0.22,12,24.7,19.6,22:42,Rainy,0,40
2026-08-15 22:52:20,Junction C,23,0.115,6,32.9,11.9,22:52,Sunny,0,33
2026-08-15 23:02:20,Junction D,42,0.21,10,31.3,19.5,23:02,Sunny,0,40
2026-08-15 23:12:20,Junction C,27,0.135,8,33.7,13.8,23:12,Sunny,0,33
2026-08-15 23:22:20,Junction F,67,0.335,20,49.2,34.5,23:22,Sunny,0,50
2026-08-15 23:32:20,Junction F,81,0.405,30,44.6,53.8,23:32,Sunny,0,56
2026-08-15 23:42:20,Junction E,9,0.045,2,36.1,5.0,23:42,Cloudy,0,29
2026-08-15 23:52:20,Junction D,38,0.19,9,33.3,17.0,23:52,Sunny,0,38
2026-08-16 00:02:20,Junction E,10,0.05,3,38.4,5.8,00:02,Sunny,0,30
2026-08-16 00:12:20,Junction C,45,0.225,16,30.0,27.0,00:12,Sunny,0,41
2026-08-16 00:22:20,Junction C,46,0.23,11,32.0,21.2,00:22,Cloudy,0,42
2026-08-16 00:32:20,Junction E,36,0.18,13,32.1,22.9,00:32,Sunny,0,42
2026-08-16 00:42:20,Junction B,38,0.19,14,32.0,21.4,00:42,Sunny,0,39
2026-08-16 00:52:20,Junction D,61,0.305,25,30.7,39.8,00:52,Sunny,0,53
2026-08-16 01:02:20,Junction E,38,0.19,16,29.0,27.5,01:02,Rainy,0,40
2026-08-16 01:12:20,Junction C,16,0.08,5,32.7,7.6,01:12,Sunny,0,33
2026-08-16 01:22:20,Junction E,18,0.09,4,28.2,9.4,01:22,Rainy,0,28
2026-08-16 01:32:20,Junction A,66,0.33,18,25.0,30.6,01:32,Rainy,0,47
2026-08-16 01:42:20,Junction A,40,0.2,16,29.1,27.1,01:42,Sunny,0,42
2026-08-16 01:52:20,Junction C,32,0.16,8,31.1,16.3,01:52,Sunny,0,36
2026-08-16 02:02:20,Junction C,55,0.275,28,23.6,44.2,02:02,Rainy,0,54
2026-08-16 02:12:20,Junction F,59,0.295,20,48.1,34.5,02:12,Sunny,0,46
2026-08-16 02:22:20,Junction B,36,0.18,13,30.3,23.9,02:22,Sunny,0,42
2026-08-16 02:32:20,Junction D,59,0.295,15,27.9,27.7,02:32,Sunny,0,45
2026-08-16 02:42:20,Junction B,13,0.065,3,37.2,5.0,02:42,Sunny,0,29
2026-08-16 02:52:20,Junction F,66,0.33,26,45.3,45.7,02:52,Cloudy,0,51
2026-08-16 03:02:20,Junction E,5,0.025,1,34.3,5.0,03:02,Cloudy,0,29
2026-08-16 03:12:20,Junction D,45,0.225,17,30.5,30.6,03:12,Sunny,0,41
2026-08-16 03:22:20,Junction C,16,0.08,4,33.5,6.3,03:22,Sunny,0,30
2026-08-16 03:32:20,Junction C,60,0.3,17,26.5,29.5,03:32,Sunny,0,49
2026-08-16 03:42:20,Junction E,24,0.12,6,33.1,10.8,03:42,Sunny,0,35
2026-08-16 03:52:20,Junction C,44,0.22,17,29.8,27.3,03:52,Sunny,0,41
2026-08-16 04:02:20,Junction C,43,0.215,18,29.1,29.9,04:02,Sunny,0,42
2026-08-16 04:12:20,Junction C,63,0.315,24,27.8,37.8,04:12,Sunny,0,50
2026-08-16 04:22:20,Junction C,48,0.24,16,32.5,28.9,04:22,Sunny,0,41
2026-08-16 04:32:20,Junction B,36,0.18,13,31.4,22.9,04:32,Cloudy,0,37
2026-08-16 04:42:20,Junction B,34,0.17,11,32.9,18.6,04:42,Sunny,0,38
2026-08-16 04:52:20,Junction F,24,0.12,6,53.5,9.5,04:52,Sunny,0,36
2026-08-16 05:02:20,Junction D,35,0.175,15,29.9,25.2,05:02,Sunny,0,42
2026-08-16 05:12:20,Junction D,29,0.145,12,28.1,22.3,05:12,Rainy,0,35
2026-08-16 05:22:20,Junction C,27,0.135,7,33.4,15.0,05:22,Sunny,0,37
2026-08-16 05:32:20,Junction F,61,0.305,12,48.0,20.2,05:32,Cloudy,0,47
2026-08-16 05:42:20,Junction A,55,0.275,22,30.0,37.0,05:42,Sunny,0,47
2026-08-16 05:52:20,Junction B,12,0.06,2,32.2,6.2,05:52,Rainy,0,26
2026-08-16 06:02:20,Junction C,20,0.1,6,35.7,9.3,06:02,Sunny,0,30
2026-08-16 06:12:20,Junction F,60,0.3,20,49.5,35.5,06:12,Sunny,0,45
2026-08-16 06:22:20,Junction B,24,0.12,9,35.9,12.8,06:22,Sunny,0,34
2026-08-16 06:32:20,Junction C,46,0.23,15,28.1,28.3,06:32,Rainy,0,42
2026-08-16 06:42:20,Junction D,27,0.135,7,34.3,11.4,06:42,Sunny,0,37
2026-08-16 06:52:20,Junction C,48,0.24,25,24.7,42.3,06:52,Rainy,0,51
2026-08-16 07:02:20,Junction C,46,0.23,12,30.6,19.7,07:02,Sunny,0,40
2026-08-16 07:12:20,Junction F,68,0.34,20,40.0,34.5,07:12,Rainy,0,47
2026-08-16 07:22:20,Junction B,32,0.16,8,34.0,14.2,07:22,Sunny,0,33
2026-08-16 07:32:20,Junction B,5,0.025,1,37.0,5.0,07:32,Sunny,0,26
2026-08-16 07:42:20,Junction E,35,0.175,11,32.5,20.0,07:42,Sunny,0,41
2026-08-16 07:52:20,Junction D,16,0.08,5,34.2,9.4,07:52,Sunny,0,33
2026-08-16 08:02:20,Junction C,51,0.255,14,29.2,27.8,08:02,Sunny,1,55
2026-08-16 08:12:20,Junction A,98,0.49,20,22.1,34.6,08:12,Sunny,1,69
2026-08-16 08:22:20,Junction B,48,0.24,11,30.1,21.3,08:22,Cloudy,1,52
2026-08-16 08:32:20,Junction C,63,0.315,14,29.2,27.7,08:32,Sunny,1,54
2026-08-16 08:42:20,Junction F,130,0.65,35,36.1,63.2,08:42,Sunny,1,84
2026-08-16 08:52:20,Junction B,63,0.315,21,26.0,38.3,08:52,Cloudy,1,58
2026-08-16 09:02:20,Junction E,91,0.455,33,25.8,58.7,09:02,Sunny,1,69
2026-08-16 09:12:20,Junction E,50,0.25,15,32.1,29.1,09:12,Sunny,1,56
2026-08-16 09:22:20,Junction A,94,0.47,29,21.9,53.3,09:22,Cloudy,1,67
2026-08-16 09:32:20,Junction A,96,0.48,20,21.7,35.8,09:32,Sunny,1,68
2026-08-16 09:42:20,Junction D,101,0.505,36,22.7,60.5,09:42,Sunny,1,76
2026-08-16 09:52:20,Junction F,90,0.45,36,44.7,61.8,09:52,Sunny,1,71
2026-08-16 10:02:20,Junction D,102,0.51,33,17.1,55.4,10:02,Rainy,1,71
2026-08-16 10:12:20,Junction A,156,0.78,51,12.3,88.6,10:12,Cloudy,1,90
2026-08-16 10:22:20,Junction A,152,0.76,40,15.6,68.9,10:22,Sunny,1,87
2026-08-16 10:32:20,Junction C,56,0.28,21,29.5,34.0,10:32,Cloudy,1,56
2026-08-16 10:42:20,Junction D,95,0.475,24,23.6,40.9,10:42,Sunny,1,66
2026-08-16 10:52:20,Junction F,102,0.51,43,44.6,69.9,10:52,Sunny,1,78
2026-08-16 11:02:20,Junction F,71,0.355,27,38.1,48.6,11:02,Foggy,0,51
2026-08-16 11:12:20,Junction C,22,0.11,9,35.3,14.1,11:12,Sunny,0,31
2026-08-16 11:22:20,Junction C,49,0.245,12,30.5,23.9,11:22,Sunny,0,40
2026-08-16 11:32:20,Junction F,69,0.345,23,45.0,40.4,11:32,Sunny,0,53
2026-08-16 11:42:20,Junction C,39,0.195,16,32.1,28.5,11:42,Sunny,0,43
2026-08-16 11:52:20,Junction D,50,0.25,10,32.0,21.2,11:52,Cloudy,0,43
2026-08-16 12:02:20,Junction E,34,0.17,7,32.0,15.0,12:02,Sunny,0,36
2026-08-16 12:12:20,Junction C,63,0.315,15,29.7,26.1,12:12,Sunny,0,47
2026-08-16 12:22:20,Junction C,41,0.205,15,33.0,25.1,12:22,Sunny,0,39
2026-08-16 12:32:20,Junction A,65,0.325,26,28.3,45.5,12:32,Sunny,0,52
2026-08-16 12:42:20,Junction A,17,0.085,6,37.1,9.9,12:42,Sunny,0,31
2026-08-16 12:52:20,Junction E,13,0.065,4,28.8,9.5,12:52,Rainy,0,31
2026-08-16 13:02:20,Junction B,43,0.215,12,26.7,22.8,13:02,Rainy,0,42
2026-08-16 13:12:20,Junction F,63,0.315,15,49.5,25.2,13:12,Sunny,0,46
2026-08-16 13:22:20,Junction D,42,0.21,20,27.5,32.7,13:22,Rainy,0,45
2026-08-16 13:32:20,Junction E,15,0.075,5,33.3,9.8,13:32,Sunny,0,28
2026-08-16 13:42:20,Junction B,7,0.035,1,29.3,5.0,13:42,Rainy,0,27
2026-08-16 13:52:20,Junction D,44,0.22,12,30.8,23.3,13:52,Sunny,0,41
2026-08-16 14:02:20,Junction D,67,0.335,18,22.7,29.5,14:02,Rainy,0,46
2026-08-16 14:12:20,Junction B,5,0.025,2,35.4,5.0,14:12,Sunny,0,24
2026-08-16 14:22:20,Junction D,49,0.245,15,27.9,27.6,14:22,Cloudy,0,41
2026-08-16 14:32:20,Junction B,40,0.2,14,32.9,25.2,14:32,Cloudy,0,39
2026-08-16 14:42:20,Junction E,8,0.04,3,29.4,7.6,14:42,Rainy,0,29
2026-08-16 14:52:20,Junction D,34,0.17,13,31.3,21.5,14:52,Sunny,0,41
2026-08-16 15:02:20,Junction A,29,0.145,7,35.0,12.4,15:02,Sunny,0,33
2026-08-16 15:12:20,Junction C,30,0.15,10,30.7,17.0,15:12,Sunny,0,38
2026-08-16 15:22:20,Junction C,56,0.28,14,24.0,24.6,15:22,Rainy,0,47
2026-08-16 15:32:20,Junction F,35,0.175,11,43.6,17.8,15:32,Foggy,0,36
2026-08-16 15:42:20,Junction D,40,0.2,15,28.8,23.3,15:42,Rainy,0,39
2026-08-16 15:52:20,Junction E,29,0.145,7,30.9,12.1,15:52,Sunny,0,35
2026-08-16 16:02:20,Junction B,41,0.205,13,33.7,20.5,16:02,Sunny,0,39
2026-08-16 16:12:20,Junction F,69,0.345,15,48.8,30.6,16:12,Sunny,0,46
2026-08-16 16:22:20,Junction D,40,0.2,9,29.9,18.7,16:22,Cloudy,0,35
2026-08-16 16:32:20,Junction F,74,0.37,16,48.6,31.7,16:32,Sunny,0,47
2026-08-16 16:42:20,Junction F,44,0.22,18,51.9,28.7,16:42,Sunny,0,42
2026-08-16 16:52:20,Junction C,45,0.225,17,31.8,28.5,16:52,Sunny,0,45
2026-08-16 17:02:20,Junction C,94,0.47,37,21.8,59.8,17:02,Sunny,1,73
2026-08-16 17:12:20,Junction B,49,0.245,14,29.3,23.3,17:12,Sunny,1,55
2026-08-16 17:22:20,Junction C,119,0.595,30,21.5,55.3,17:22,Sunny,1,74
2026-08-16 17:32:20,Junction E,50,0.25,19,29.2,33.5,17:32,Sunny,1,53
2026-08-16 17:42:20,Junction B,74,0.37,27,24.6,43.7,17:42,Sunny,1,68
2026-08-16 17:52:20,Junction F,146,0.73,43,33.8,73.6,17:52,Sunny,1,88
2026-08-16 18:02:20,Junction C,99,0.495,28,23.7,50.9,18:02,Sunny,1,72
2026-08-16 18:12:20,Junction C,97,0.485,33,22.2,56.8,18:12,Sunny,1,74
2026-08-16 18:22:20,Junction C,125,0.625,33,20.8,56.2,18:22,Sunny,1,79
2026-08-16 18:32:20,Junction F,118,0.59,48,35.1,82.3,18:32,Rainy,1,84
2026-08-16 18:42:20,Junction A,146,0.73,64,12.0,109.9,18:42,Rainy,1,90
2026-08-16 18:52:20,Junction D,56,0.28,20,29.8,33.4,18:52,Sunny,1,60
2026-08-16 19:02:20,Junction B,67,0.335,18,29.4,34.4,19:02,Sunny,1,60
2026-08-16 19:12:20,Junction C,78,0.39,21,24.9,38.3,19:12,Sunny,1,62
2026-08-16 19:22:20,Junction A,106,0.53,21,19.7,40.3,19:22,Foggy,1,70
2026-08-16 19:32:20,Junction F,101,0.505,26,41.6,49.0,19:32,Sunny,1,73
2026-08-16 19:42:20,Junction D,81,0.405,26,26.1,43.8,19:42,Cloudy,1,66
2026-08-16 19:52:20,Junction B,42,0.21,18,33.6,28.5,19:52,Sunny,1,52
2026-08-16 20:02:20,Junction D,56,0.28,21,29.1,34.9,20:02,Sunny,0,48
2026-08-16 20:12:20,Junction D,64,0.32,18,26.7,30.9,20:12,Sunny,0,50
2026-08-16 20:22:20,Junction B,18,0.09,6,33.9,9.0,20:22,Sunny,0,30
2026-08-16 20:32:20,Junction B,20,0.1,5,34.8,11.5,20:32,Cloudy,0,29
2026-08-16 20:42:20,Junction A,56,0.28,23,27.5,37.1,20:42,Sunny,0,49
2026-08-16 20:52:20,Junction A,43,0.215,8,28.9,14.8,20:52,Sunny,0,41
2026-08-16 21:02:20,Junction F,68,0.34,28,44.9,46.5,21:02,Cloudy,0,52
2026-08-16 21:12:20,Junction C,51,0.255,15,28.6,28.9,21:12,Cloudy,0,44
2026-08-16 21:22:20,Junction E,5,0.025,1,38.9,5.0,21:22,Sunny,0,27
2026-08-16 21:32:20,Junction B,37,0.185,15,33.9,27.4,21:32,Sunny,0,41
2026-08-16 21:42:20,Junction F,90,0.45,37,44.8,63.3,21:42,Cloudy,0,61
2026-08-16 21:52:20,Junction E,24,0.12,10,33.9,16.2,21:52,Cloudy,0,33
2026-08-16 22:02:20,Junction C,26,0.13,9,34.5,16.7,22:02,Cloudy,0,33
2026-08-16 22:12:20,Junction D,30,0.15,7,33.2,12.9,22:12,Cloudy,0,34
2026-08-16 22:22:20,Junction B,53,0.265,23,31.9,37.6,22:22,Cloudy,0,48
2026-08-16 22:32:20,Junction C,37,0.185,11,33.1,17.6,22:32,Sunny,0,37
2026-08-16 22:42:20,Junction F,92,0.46,24,42.5,45.0,22:42,Sunny,0,57
2026-08-16 22:52:20,Junction E,61,0.305,28,23.9,48.2,22:52,Rainy,0,49
2026-08-16 23:02:20,Junction B,51,0.255,11,32.1,19.7,23:02,Sunny,0,43
2026-08-16 23:12:20,Junction C,43,0.215,17,30.9,26.4,23:12,Cloudy,0,45
2026-08-16 23:22:20,Junction D,51,0.255,18,30.7,30.9,23:22,Sunny,0,44
2026-08-16 23:32:20,Junction C,41,0.205,16,31.2,27.3,23:32,Sunny,0,40
2026-08-16 23:42:20,Junction D,53,0.265,20,31.6,31.5,23:42,Sunny,0,47
2026-08-16 23:52:20,Junction F,62,0.31,24,49.6,39.7,23:52,Cloudy,0,51
2026-08-17 00:02:20,Junction D,66,0.33,19,28.4,33.2,00:02,Sunny,0,48
2026-08-17 00:12:20,Junction C,40,0.2,11,33.9,20.5,00:12,Sunny,0,37
2026-08-17 00:22:20,Junction D,48,0.24,19,29.4,32.2,00:22,Sunny,0,47
2026-08-17 00:32:20,Junction F,37,0.185,13,53.1,23.8,00:32,Sunny,0,40
2026-08-17 00:42:20,Junction B,35,0.175,13,28.1,24.4,00:42,Rainy,0,40
2026-08-17 00:52:20,Junction A,41,0.205,15,33.4,27.5,00:52,Sunny,0,41
2026-08-17 01:02:20,Junction C,36,0.18,12,31.3,22.8,01:02,Sunny,0,39
2026-08-17 01:12:20,Junction F,75,0.375,24,38.2,42.7,01:12,Rainy,0,50
2026-08-17 01:22:20,Junction C,72,0.36,31,23.1,52.9,01:22,Rainy,0,57
2026-08-17 01:32:20,Junction E,18,0.09,4,36.3,6.6,01:32,Sunny,0,33
2026-08-17 01:42:20,Junction C,53,0.265,16,27.9,28.6,01:42,Sunny,0,46
2026-08-17 01:52:20,Junction A,62,0.31,16,30.2,31.5,01:52,Sunny,0,44
2026-08-17 02:02:20,Junction A,35,0.175,10,33.3,16.0,02:02,Sunny,0,37
2026-08-17 02:12:20,Junction C,67,0.335,16,28.8,27.5,02:12,Sunny,0,46
2026-08-17 02:22:20,Junction E,12,0.06,3,36.2,5.0,02:22,Sunny,0,29
2026-08-17 02:32:20,Junction B,15,0.075,3,33.4,7.5,02:32,Sunny,0,27
2026-08-17 02:42:20,Junction C,56,0.28,15,24.0,27.8,02:42,Foggy,0,42
2026-08-17 02:52:20,Junction A,44,0.22,18,30.6,31.6,02:52,Cloudy,0,43
2026-08-17 03:02:20,Junction D,30,0.15,8,33.6,11.3,03:02,Sunny,0,37
2026-08-17 03:12:20,Junction F,79,0.395,31,46.9,54.0,03:12,Cloudy,0,59
2026-08-17 03:22:20,Junction B,27,0.135,11,35.8,17.5,03:22,Sunny,0,37
2026-08-17 03:32:20,Junction E,21,0.105,5,34.1,10.0,03:32,Cloudy,0,35
2026-08-17 03:42:20,Junction F,28,0.14,10,52.0,15.1,03:42,Sunny,0,34
2026-08-17 03:52:20,Junction A,65,0.325,27,22.0,44.0,03:52,Rainy,0,51
2026-08-17 04:02:20,Junction B,31,0.155,13,28.2,22.3,04:02,Rainy,0,35
2026-08-17 04:12:20,Junction F,70,0.35,33,41.6,54.3,04:12,Rainy,0,55
2026-08-17 04:22:20,Junction D,48,0.24,14,24.1,21.7,04:22,Rainy,0,41
2026-08-17 04:32:20,Junction C,38,0.19,13,28.5,21.9,04:32,Rainy,0,42
2026-08-17 04:42:20,Junction C,23,0.115,8,35.1,11.5,04:42,Sunny,0,31
2026-08-17 04:52:20,Junction D,36,0.18,10,29.7,15.0,04:52,Sunny,0,36
2026-08-17 05:02:20,Junction A,39,0.195,12,30.6,23.0,05:02,Sunny,0,36
2026-08-17 05:12:20,Junction A,17,0.085,7,34.2,13.3,05:12,Cloudy,0,30
2026-08-17 05:22:20,Junction C,33,0.165,8,32.4,12.4,05:22,Sunny,0,38
2026-08-17 05:32:20,Junction C,39,0.195,11,30.8,22.0,05:32,Sunny,0,42
2026-08-17 05:42:20,Junction D,59,0.295,31,23.1,52.4,05:42,Rainy,0,55
2026-08-17 05:52:20,Junction B,16,0.08,6,36.1,9.3,05:52,Cloudy,0,28
2026-08-17 06:02:20,Junction F,60,0.3,12,49.4,21.5,06:02,Sunny,0,46
2026-08-17 06:12:20,Junction E,24,0.12,10,32.3,19.7,06:12,Cloudy,0,34
2026-08-17 06:22:20,Junction E,29,0.145,10,28.2,19.5,06:22,Rainy,0,36
2026-08-17 06:32:20,Junction F,63,0.315,21,45.6,38.6,06:32,Sunny,0,48
2026-08-17 06:42:20,Junction B,34,0.17,10,33.9,20.2,06:42,Sunny,0,38
2026-08-17 06:52:20,Junction D,31,0.155,9,26.9,12.9,06:52,Foggy,0,39
2026-08-17 07:02:20,Junction A,74,0.37,30,26.1,49.8,07:02,Cloudy,0,54
2026-08-17 07:12:20,Junction F,67,0.335,26,48.7,41.6,07:12,Sunny,0,53
2026-08-17 07:22:20,Junction C,41,0.205,15,30.0,26.0,07:22,Sunny,0,44
2026-08-17 07:32:20,Junction F,49,0.245,21,42.6,36.8,07:32,Rainy,0,46
2026-08-17 07:42:20,Junction B,31,0.155,7,33.3,13.1,07:42,Sunny,0,36
2026-08-17 07:52:20,Junction E,35,0.175,15,31.7,27.5,07:52,Sunny,0,39
2026-08-17 08:02:20,Junction F,117,0.585,36,41.7,64.0,08:02,Sunny,1,80
2026-08-17 08:12:20,Junction A,84,0.42,35,25.1,57.3,08:12,Cloudy,1,74
2026-08-17 08:22:20,Junction F,101,0.505,45,34.9,77.4,08:22,Rainy,1,79
2026-08-17 08:32:20,Junction B,63,0.315,23,27.1,39.6,08:32,Sunny,1,60
2026-08-17 08:42:20,Junction C,83,0.415,27,23.6,44.9,08:42,Sunny,1,67
2026-08-17 08:52:20,Junction D,72,0.36,28,28.2,50.3,08:52,Sunny,1,62
2026-08-17 09:02:20,Junction A,83,0.415,35,23.3,61.1,09:02,Sunny,1,68
2026-08-17 09:12:20,Junction C,71,0.355,22,28.7,39.1,09:12,Cloudy,1,64
2026-08-17 09:22:20,Junction E,64,0.32,26,29.6,44.2,09:22,Sunny,1,60
2026-08-17 09:32:20,Junction E,90,0.45,39,21.8,63.3,09:32,Rainy,1,74
2026-08-17 09:42:20,Junction F,132,0.66,45,33.9,78.7,09:42,Rainy,1,84
2026-08-17 09:52:20,Junction A,109,0.545,43,16.7,70.6,09:52,Foggy,1,82
2026-08-17 10:02:20,Junction D,111,0.555,36,22.7,60.0,10:02,Sunny,1,77
2026-08-17 10:12:20,Junction C,107,0.535,23,21.5,41.3,10:12,Sunny,1,68
2026-08-17 10:22:20,Junction E,51,0.255,11,31.6,21.9,10:22,Sunny,1,52
2026-08-17 10:32:20,Junction E,46,0.23,11,32.6,20.5,10:32,Sunny,1,52
2026-08-17 10:42:20,Junction E,89,0.445,34,21.3,59.9,10:42,Rainy,1,74
2026-08-17 10:52:20,Junction C,78,0.39,15,23.6,31.0,10:52,Sunny,1,62
2026-08-17 11:02:20,Junction C,33,0.165,13,34.2,20.0,11:02,Sunny,0,37
2026-08-17 11:12:20,Junction D,54,0.27,18,30.1,29.9,11:12,Sunny,0,44
2026-08-17 11:22:20,Junction B,11,0.055,2,37.9,5.0,11:22,Sunny,0,31
2026-08-17 11:32:20,Junction C,67,0.335,28,25.4,45.6,11:32,Rainy,0,54
2026-08-17 11:42:20,Junction A,68,0.34,33,21.2,51.6,11:42,Rainy,0,59
2026-08-17 11:52:20,Junction F,46,0.23,9,49.1,17.2,11:52,Sunny,0,39
2026-08-17 12:02:20,Junction E,37,0.185,11,33.8,17.4,12:02,Sunny,0,35
2026-08-17 12:12:20,Junction E,19,0.095,4,30.6,8.8,12:12,Rainy,0,31
2026-08-17 12:22:20,Junction F,34,0.17,8,44.2,16.3,12:22,Rainy,0,39
2026-08-17 12:32:20,Junction C,13,0.065,3,34.4,6.6,12:32,Sunny,0,32
2026-08-17 12:42:20,Junction B,12,0.06,5,35.9,10.0,12:42,Cloudy,0,33
2026-08-17 12:52:20,Junction A,30,0.15,10,35.0,16.6,12:52,Sunny,0,34
2026-08-17 13:02:20,Junction B,43,0.215,18,31.0,29.2,13:02,Sunny,0,42
2026-08-17 13:12:20,Junction A,51,0.255,14,31.0,25.4,13:12,Sunny,0,43
2026-08-17 13:22:20,Junction B,34,0.17,11,30.8,20.3,13:22,Sunny,0,38
2026-08-17 13:32:20,Junction D,21,0.105,4,35.4,6.0,13:32,Cloudy,0,33
2026-08-17 13:42:20,Junction B,26,0.13,7,27.9,12.3,13:42,Foggy,0,34
2026-08-17 13:52:20,Junction A,55,0.275,13,28.8,24.4,13:52,Sunny,0,41
2026-08-17 14:02:20,Junction B,41,0.205,16,32.4,26.1,14:02,Sunny,0,39
2026-08-17 14:12:20,Junction D,80,0.4,39,21.4,65.5,14:12,Rainy,0,61
2026-08-17 14:22:20,Junction E,5,0.025,1,29.6,5.0,14:22,Rainy,0,23
2026-08-17 14:32:20,Junction E,37,0.185,14,32.0,22.5,14:32,Sunny,0,39
2026-08-17 14:42:20,Junction A,75,0.375,18,27.5,29.9,14:42,Sunny,0,49
2026-08-17 14:52:20,Junction F,64,0.32,18,46.0,33.6,14:52,Sunny,0,46
2026-08-17 15:02:20,Junction D,37,0.185,16,26.6,28.9,15:02,Rainy,0,38
2026-08-17 15:12:20,Junction E,37,0.185,15,34.2,26.5,15:12,Sunny,0,40
2026-08-17 15:22:20,Junction A,60,0.3,15,29.4,24.3,15:22,Sunny,0,47
2026-08-17 15:32:20,Junction C,16,0.08,6,35.4,9.7,15:32,Cloudy,0,28
2026-08-17 15:42:20,Junction A,66,0.33,15,28.1,28.8,15:42,Sunny,0,50
2026-08-17 15:52:20,Junction E,33,0.165,6,35.0,10.8,15:52,Sunny,0,36
2026-08-17 16:02:20,Junction B,51,0.255,21,28.5,34.0,16:02,Sunny,0,48
2026-08-17 16:12:20,Junction D,46,0.23,19,27.2,33.8,16:12,Rainy,0,45
2026-08-17 16:22:20,Junction D,43,0.215,19,28.6,29.8,16:22,Sunny,0,45
2026-08-17 16:32:20,Junction A,49,0.245,22,27.2,39.4,16:32,Rainy,0,47
2026-08-17 16:42:20,Junction C,47,0.235,17,31.5,27.9,16:42,Sunny,0,45
2026-08-17 16:52:20,Junction C,53,0.265,19,28.4,32.8,16:52,Sunny,0,48
2026-08-17 17:02:20,Junction B,61,0.305,23,26.7,39.4,17:02,Sunny,1,60
2026-08-17 17:12:20,Junction E,52,0.26,20,27.6,33.7,17:12,Sunny,1,57
2026-08-17 17:22:20,Junction D,105,0.525,38,17.4,66.5,17:22,Rainy,1,78
2026-08-17 17:32:20,Junction D,126,0.63,49,16.3,84.1,17:32,Sunny,1,88
2026-08-17 17:42:20,Junction F,108,0.54,37,39.9,65.8,17:42,Cloudy,1,76
2026-08-17 17:52:20,Junction B,61,0.305,23,28.2,38.3,17:52,Cloudy,1,62
2026-08-17 18:02:20,Junction B,96,0.48,43,21.0,71.7,18:02,Rainy,1,78
2026-08-17 18:12:20,Junction E,71,0.355,24,26.7,44.1,18:12,Sunny,1,65
2026-08-17 18:22:20,Junction B,36,0.18,14,31.0,21.2,18:22,Sunny,1,50
2026-08-17 18:32:20,Junction A,99,0.495,23,21.0,41.5,18:32,Cloudy,1,70
2026-08-17 18:42:20,Junction C,79,0.395,18,27.9,33.8,18:42,Sunny,1,61
2026-08-17 18:52:20,Junction B,64,0.32,26,29.5,42.6,18:52,Sunny,1,64
2026-08-17 19:02:20,Junction D,104,0.52,30,17.1,50.1,19:02,Foggy,1,73
2026-08-17 19:12:20,Junction A,121,0.605,30,20.1,55.2,19:12,Sunny,1,78
2026-08-17 19:22:20,Junction F,124,0.62,32,41.3,58.5,19:22,Sunny,1,79
2026-08-17 19:32:20,Junction A,119,0.595,25,18.5,48.1,19:32,Foggy,1,75
2026-08-17 19:42:20,Junction E,47,0.235,17,31.8,27.1,19:42,Sunny,1,53
2026-08-17 19:52:20,Junction A,101,0.505,24,22.4,41.3,19:52,Sunny,1,70
2026-08-17 20:02:20,Junction C,48,0.24,12,24.4,20.1,20:02,Foggy,0,44
2026-08-17 20:12:20,Junction A,53,0.265,10,31.8,18.9,20:12,Sunny,0,43
2026-08-17 20:22:20,Junction D,55,0.275,22,22.9,35.1,20:22,Rainy,0,50
2026-08-17 20:32:20,Junction A,43,0.215,18,30.9,30.4,20:32,Cloudy,0,42
2026-08-17 20:42:20,Junction F,82,0.41,35,43.4,59.8,20:42,Cloudy,0,58
2026-08-17 20:52:20,Junction C,34,0.17,9,32.7,16.1,20:52,Cloudy,0,34
2026-08-17 21:02:20,Junction B,46,0.23,14,30.6,24.3,21:02,Sunny,0,40
2026-08-17 21:12:20,Junction F,92,0.46,33,38.1,57.1,21:12,Rainy,0,60
2026-08-17 21:22:20,Junction C,37,0.185,14,34.0,23.8,21:22,Sunny,0,42
2026-08-17 21:32:20,Junction F,47,0.235,20,44.7,32.3,21:32,Rainy,0,43
2026-08-17 21:42:20,Junction D,31,0.155,8,30.6,12.1,21:42,Cloudy,0,35
2026-08-17 21:52:20,Junction B,41,0.205,16,33.2,28.1,21:52,Sunny,0,44
2026-08-17 22:02:20,Junction F,57,0.285,17,47.4,28.2,22:02,Sunny,0,45
2026-08-17 22:12:20,Junction C,30,0.15,8,34.0,14.5,22:12,Sunny,0,37
2026-08-17 22:22:20,Junction E,29,0.145,9,33.9,13.5,22:22,Sunny,0,39
2026-08-17 22:32:20,Junction C,43,0.215,17,29.5,28.0,22:32,Sunny,0,45
2026-08-17 22:42:20,Junction B,15,0.075,3,37.1,8.4,22:42,Cloudy,0,30
2026-08-17 22:52:20,Junction C,59,0.295,23,27.1,40.2,22:52,Sunny,0,52
2026-08-17 23:02:20,Junction A,54,0.27,11,30.0,21.4,23:02,Sunny,0,44
2026-08-17 23:12:20,Junction F,72,0.36,30,46.0,49.6,23:12,Cloudy,0,58
2026-08-17 23:22:20,Junction F,71,0.355,21,47.3,38.4,23:22,Cloudy,0,52
2026-08-17 23:32:20,Junction B,16,0.08,3,34.5,6.9,23:32,Sunny,0,30
2026-08-17 23:42:20,Junction C,22,0.11,8,36.1,16.4,23:42,Sunny,0,31
2026-08-17 23:52:20,Junction C,18,0.09,3,33.3,5.4,23:52,Cloudy,0,33
2026-08-18 00:02:20,Junction E,31,0.155,8,27.2,13.5,00:02,Foggy,0,35
2026-08-18 00:12:20,Junction F,41,0.205,8,50.4,15.0,00:12,Cloudy,0,37
2026-08-18 00:22:20,Junction B,45,0.225,22,25.4,35.7,00:22,Rainy,0,48
2026-08-18 00:32:20,Junction F,65,0.325,29,48.8,50.6,00:32,Sunny,0,55
2026-08-18 00:42:20,Junction D,51,0.255,11,31.1,18.0,00:42,Sunny,0,39
2026-08-18 00:52:20,Junction B,49,0.245,10,30.7,17.7,00:52,Cloudy,0,39
2026-08-18 01:02:20,Junction D,46,0.23,12,28.5,20.6,01:02,Sunny,0,38
2026-08-18 01:12:20,Junction F,46,0.23,15,44.7,26.4,01:12,Rainy,0,42
2026-08-18 01:22:20,Junction D,64,0.32,19,23.6,33.2,01:22,Rainy,0,46
2026-08-18 01:32:20,Junction D,32,0.16,15,29.9,24.9,01:32,Rainy,0,37
2026-08-18 01:42:20,Junction C,47,0.235,19,31.7,34.2,01:42,Cloudy,0,45
2026-08-18 01:52:20,Junction C,39,0.195,8,25.4,13.5,01:52,Foggy,0,38
2026-08-18 02:02:20,Junction C,64,0.32,16,28.2,29.7,02:02,Sunny,0,49
2026-08-18 02:12:20,Junction C,48,0.24,17,31.2,29.3,02:12,Sunny,0,46
2026-08-18 02:22:20,Junction A,58,0.29,14,30.9,23.8,02:22,Cloudy,0,46
2026-08-18 02:32:20,Junction D,32,0.16,7,33.7,14.6,02:32,Sunny,0,34
2026-08-18 02:42:20,Junction C,58,0.29,16,23.9,27.5,02:42,Foggy,0,48
2026-08-18 02:52:20,Junction B,24,0.12,7,34.9,14.3,02:52,Sunny,0,31
2026-08-18 03:02:20,Junction C,35,0.175,11,30.4,18.0,03:02,Sunny,0,39
2026-08-18 03:12:20,Junction C,28,0.14,8,32.3,15.6,03:12,Sunny,0,35
2026-08-18 03:22:20,Junction E,30,0.15,10,32.3,15.1,03:22,Sunny,0,34
2026-08-18 03:32:20,Junction D,47,0.235,13,26.2,22.3,03:32,Rainy,0,41
2026-08-18 03:42:20,Junction B,52,0.26,26,25.2,41.1,03:42,Rainy,0,46
2026-08-18 03:52:20,Junction B,22,0.11,8,33.9,16.4,03:52,Cloudy,0,36
2026-08-18 04:02:20,Junction C,49,0.245,11,30.3,18.5,04:02,Sunny,0,41
2026-08-18 04:12:20,Junction C,69,0.345,26,29.4,46.5,04:12,Cloudy,0,51
2026-08-18 04:22:20,Junction D,33,0.165,12,33.6,22.4,04:22,Sunny,0,39
2026-08-18 04:32:20,Junction C,27,0.135,7,31.6,12.7,04:32,Sunny,0,33
2026-08-18 04:42:20,Junction D,45,0.225,10,28.4,19.7,04:42,Sunny,0,38
2026-08-18 04:52:20,Junction B,60,0.3,27,25.5,45.8,04:52,Rainy,0,50
2026-08-18 05:02:20,Junction A,43,0.215,17,28.7,29.3,05:02,Sunny,0,45
2026-08-18 05:12:20,Junction B,48,0.24,15,23.9,27.6,05:12,Rainy,0,42
2026-08-18 05:22:20,Junction A,31,0.155,6,30.8,9.9,05:22,Sunny,0,35
2026-08-18 05:32:20,Junction E,38,0.19,9,32.1,14.8,05:32,Sunny,0,37
2026-08-18 05:42:20,Junction C,41,0.205,8,33.3,14.7,05:42,Sunny,0,35
2026-08-18 05:52:20,Junction E,34,0.17,7,32.2,12.7,05:52,Sunny,0,37
2026-08-18 06:02:20,Junction C,38,0.19,7,33.7,14.0,06:02,Sunny,0,37
2026-08-18 06:12:20,Junction E,43,0.215,9,30.6,18.4,06:12,Sunny,0,36
2026-08-18 06:22:20,Junction B,56,0.28,13,29.4,23.0,06:22,Sunny,0,43
2026-08-18 06:32:20,Junction D,33,0.165,12,32.9,20.8,06:32,Cloudy,0,40
2026-08-18 06:42:20,Junction A,35,0.175,13,26.0,24.0,06:42,Rainy,0,38
2026-08-18 06:52:20,Junction C,50,0.25,13,30.4,21.3,06:52,Sunny,0,45
2026-08-18 07:02:20,Junction B,12,0.06,4,34.5,6.0,07:02,Cloudy,0,32
2026-08-18 07:12:20,Junction C,39,0.195,9,30.4,15.3,07:12,Cloudy,0,35
2026-08-18 07:22:20,Junction E,40,0.2,20,28.6,35.6,07:22,Rainy,0,43
2026-08-18 07:32:20,Junction A,34,0.17,14,32.4,22.5,07:32,Sunny,0,38
2026-08-18 07:42:20,Junction A,65,0.325,18,25.4,29.6,07:42,Sunny,0,46
2026-08-18 07:52:20,Junction E,13,0.065,3,36.6,5.0,07:52,Sunny,0,30
2026-08-18 08:02:20,Junction F,121,0.605,49,39.7,79.9,08:02,Sunny,1,89
2026-08-18 08:12:20,Junction D,98,0.49,26,17.8,48.7,08:12,Rainy,1,67
2026-08-18 08:22:20,Junction D,109,0.545,38,21.6,66.6,08:22,Sunny,1,77
2026-08-18 08:32:20,Junction A,131,0.655,67,14.3,111.7,08:32,Rainy,1,90
2026-08-18 08:42:20,Junction A,88,0.44,19,24.3,36.5,08:42,Sunny,1,66
2026-08-18 08:52:20,Junction B,51,0.255,17,27.9,27.1,08:52,Sunny,1,56
2026-08-18 09:02:20,Junction A,125,0.625,47,21.2,81.6,09:02,Sunny,1,86
2026-08-18 09:12:20,Junction E,63,0.315,13,29.9,25.4,09:12,Sunny,1,57
2026-08-18 09:22:20,Junction B,49,0.245,21,28.1,35.8,09:22,Sunny,1,59
2026-08-18 09:32:20,Junction A,127,0.635,54,18.2,90.0,09:32,Sunny,1,90
2026-08-18 09:42:20,Junction B,60,0.3,13,28.7,24.3,09:42,Sunny,1,53
2026-08-18 09:52:20,Junction B,88,0.44,30,26.5,49.8,09:52,Sunny,1,68
2026-08-18 10:02:20,Junction A,119,0.595,42,18.5,71.7,10:02,Sunny,1,84
2026-08-18 10:12:20,Junction C,55,0.275,28,23.3,46.9,10:12,Rainy,1,61
2026-08-18 10:22:20,Junction D,81,0.405,16,26.4,29.7,10:22,Sunny,1,63
2026-08-18 10:32:20,Junction D,77,0.385,27,25.1,43.8,10:32,Cloudy,1,63
2026-08-18 10:42:20,Junction B,48,0.24,11,31.2,17.7,10:42,Sunny,1,49
2026-08-18 10:52:20,Junction F,97,0.485,34,40.6,56.0,10:52,Sunny,1,73
2026-08-18 11:02:20,Junction C,41,0.205,16,31.0,27.4,11:02,Sunny,0,42
2026-08-18 11:12:20,Junction C,32,0.16,13,33.4,24.9,11:12,Sunny,0,36
2026-08-18 11:22:20,Junction F,41,0.205,9,52.7,15.0,11:22,Sunny,0,38
2026-08-18 11:32:20,Junction B,26,0.13,8,34.6,16.3,11:32,Sunny,0,37
2026-08-18 11:42:20,Junction A,52,0.26,19,23.6,34.8,11:42,Foggy,0,43
2026-08-18 11:52:20,Junction F,45,0.225,9,53.0,14.8,11:52,Cloudy,0,40
2026-08-18 12:02:20,Junction A,67,0.335,28,28.6,44.0,12:02,Sunny,0,52
2026-08-18 12:12:20,Junction F,33,0.165,10,52.6,16.1,12:12,Cloudy,0,37
2026-08-18 12:22:20,Junction B,50,0.25,14,28.4,23.5,12:22,Cloudy,0,42
2026-08-18 12:32:20,Junction D,25,0.125,10,32.9,18.2,12:32,Sunny,0,38
2026-08-18 12:42:20,Junction F,54,0.27,19,40.4,31.7,12:42,Foggy,0,48
2026-08-18 12:52:20,Junction F,47,0.235,16,44.4,28.0,12:52,Rainy,0,45
2026-08-18 13:02:20,Junction A,40,0.2,17,31.4,28.4,13:02,Sunny,0,40
2026-08-18 13:12:20,Junction F,60,0.3,17,46.8,31.4,13:12,Cloudy,0,46
2026-08-18 13:22:20,Junction B,19,0.095,8,30.2,12.5,13:22,Rainy,0,34
2026-08-18 13:32:20,Junction A,49,0.245,19,30.5,30.4,13:32,Sunny,0,48
2026-08-18 13:42:20,Junction F,28,0.14,9,51.8,16.7,13:42,Sunny,0,34
2026-08-18 13:52:20,Junction E,9,0.045,2,36.0,5.0,13:52,Sunny,0,25
2026-08-18 14:02:20,Junction E,41,0.205,13,27.7,23.5,14:02,Rainy,0,41
2026-08-18 14:12:20,Junction F,73,0.365,16,40.5,28.2,14:12,Rainy,0,47
2026-08-18 14:22:20,Junction E,51,0.255,13,28.9,26.0,14:22,Sunny,0,40
2026-08-18 14:32:20,Junction A,68,0.34,29,21.9,49.3,14:32,Foggy,0,55
2026-08-18 14:42:20,Junction F,42,0.21,15,51.3,23.0,14:42,Sunny,0,40
2026-08-18 14:52:20,Junction E,31,0.155,7,29.4,13.5,14:52,Foggy,0,37
2026-08-18 15:02:20,Junction D,56,0.28,23,30.3,38.4,15:02,Sunny,0,47
2026-08-18 15:12:20,Junction F,77,0.385,20,48.4,38.4,15:12,Sunny,0,50
2026-08-18 15:22:20,Junction A,67,0.335,16,23.8,31.4,15:22,Rainy,0,46
2026-08-18 15:32:20,Junction C,15,0.075,3,35.2,5.0,15:32,Sunny,0,32
2026-08-18 15:42:20,Junction F,70,0.35,36,41.2,57.3,15:42,Rainy,0,60
2026-08-18 15:52:20,Junction A,71,0.355,22,23.8,36.8,15:52,Rainy,0,52
2026-08-18 16:02:20,Junction D,47,0.235,21,27.5,37.3,16:02,Rainy,0,43
2026-08-18 16:12:20,Junction D,44,0.22,16,31.1,25.8,16:12,Sunny,0,45
2026-08-18 16:22:20,Junction C,48,0.24,15,32.4,24.6,16:22,Sunny,0,44
2026-08-18 16:32:20,Junction E,35,0.175,10,30.4,16.7,16:32,Sunny,0,35
2026-08-18 16:42:20,Junction A,46,0.23,19,23.9,30.4,16:42,Rainy,0,44
2026-08-18 16:52:20,Junction A,55,0.275,22,30.7,37.9,16:52,Sunny,0,48
2026-08-18 17:02:20,Junction A,149,0.745,55,16.8,94.0,17:02,Sunny,1,90
2026-08-18 17:12:20,Junction E,36,0.18,9,33.6,14.7,17:12,Cloudy,1,48
2026-08-18 17:22:20,Junction C,83,0.415,29,22.7,51.8,17:22,Sunny,1,67
2026-08-18 17:32:20,Junction F,153,0.765,50,32.4,85.8,17:32,Cloudy,1,90
2026-08-18 17:42:20,Junction B,87,0.435,24,22.1,40.0,17:42,Sunny,1,65
2026-08-18 17:52:20,Junction C,63,0.315,15,28.4,29.9,17:52,Sunny,1,54
2026-08-18 18:02:20,Junction F,99,0.495,42,42.4,70.8,18:02,Sunny,1,80
2026-08-18 18:12:20,Junction A,103,0.515,41,20.9,71.1,18:12,Sunny,1,75
2026-08-18 18:22:20,Junction D,125,0.625,37,17.6,67.4,18:22,Sunny,1,81
2026-08-18 18:32:20,Junction D,106,0.53,24,23.9,46.6,18:32,Sunny,1,68
2026-08-18 18:42:20,Junction F,157,0.785,31,35.7,58.2,18:42,Sunny,1,84
2026-08-18 18:52:20,Junction A,85,0.425,31,26.3,54.4,18:52,Cloudy,1,66
2026-08-18 19:02:20,Junction B,46,0.23,15,32.2,26.8,19:02,Sunny,1,50
2026-08-18 19:12:20,Junction B,61,0.305,21,27.7,36.2,19:12,Sunny,1,58
2026-08-18 19:22:20,Junction D,74,0.37,25,22.9,45.8,19:22,Rainy,1,66
2026-08-18 19:32:20,Junction D,139,0.695,49,13.2,84.5,19:32,Rainy,1,90
2026-08-18 19:42:20,Junction F,79,0.395,25,45.3,44.0,19:42,Sunny,1,65
2026-08-18 19:52:20,Junction C,82,0.41,25,25.0,44.6,19:52,Sunny,1,68
2026-08-18 20:02:20,Junction B,29,0.145,8,31.7,13.9,20:02,Sunny,0,38
2026-08-18 20:12:20,Junction C,17,0.085,4,28.1,6.8,20:12,Foggy,0,31
2026-08-18 20:22:20,Junction A,65,0.325,27,27.9,45.4,20:22,Sunny,0,53
2026-08-18 20:32:20,Junction C,47,0.235,13,28.1,21.9,20:32,Sunny,0,40
2026-08-18 20:42:20,Junction C,31,0.155,9,32.9,15.3,20:42,Sunny,0,37
2026-08-18 20:52:20,Junction A,52,0.26,13,25.2,24.6,20:52,Rainy,0,44
2026-08-18 21:02:20,Junction F,55,0.275,23,50.5,41.0,21:02,Sunny,0,49
2026-08-18 21:12:20,Junction E,43,0.215,9,30.9,14.5,21:12,Sunny,0,38
2026-08-18 21:22:20,Junction E,25,0.125,10,34.7,14.1,21:22,Sunny,0,35
2026-08-18 21:32:20,Junction A,52,0.26,14,29.2,25.7,21:32,Sunny,0,42
2026-08-18 21:42:20,Junction C,27,0.135,10,35.7,18.6,21:42,Sunny,0,38
2026-08-18 21:52:20,Junction A,52,0.26,12,26.4,21.4,21:52,Rainy,0,44
2026-08-18 22:02:20,Junction F,17,0.085,3,57.1,5.0,22:02,Cloudy,0,32
2026-08-18 22:12:20,Junction C,42,0.21,16,29.1,28.9,22:12,Cloudy,0,39
2026-08-18 22:22:20,Junction A,56,0.28,27,24.4,47.5,22:22,Rainy,0,50
2026-08-18 22:32:20,Junction A,63,0.315,13,26.8,26.1,22:32,Sunny,0,48
2026-08-18 22:42:20,Junction A,48,0.24,13,30.9,23.9,22:42,Sunny,0,40
2026-08-18 22:52:20,Junction F,31,0.155,13,46.9,21.5,22:52,Rainy,0,40
2026-08-18 23:02:20,Junction D,41,0.205,17,30.3,28.7,23:02,Sunny,0,44
2026-08-18 23:12:20,Junction F,100,0.5,42,36.3,69.4,23:12,Rainy,0,70
2026-08-18 23:22:20,Junction D,52,0.26,18,28.5,32.3,23:22,Sunny,0,44
2026-08-18 23:32:20,Junction F,43,0.215,18,50.8,28.6,23:32,Sunny,0,43
2026-08-18 23:42:20,Junction F,29,0.145,10,50.9,18.0,23:42,Sunny,0,39
2026-08-18 23:52:20,Junction C,42,0.21,11,31.9,20.2,23:52,Sunny,0,42
2026-08-19 00:02:20,Junction F,78,0.39,26,46.6,42.0,00:02,Cloudy,0,58
2026-08-19 00:12:20,Junction C,60,0.3,18,28.0,33.0,00:12,Sunny,0,49
2026-08-19 00:22:20,Junction A,52,0.26,12,30.5,23.6,00:22,Sunny,0,40
2026-08-19 00:32:20,Junction E,10,0.05,3,37.2,5.0,00:32,Sunny,0,30
2026-08-19 00:42:20,Junction E,29,0.145,9,31.3,13.8,00:42,Sunny,0,34
2026-08-19 00:52:20,Junction E,42,0.21,15,32.5,25.3,00:52,Sunny,0,42
2026-08-19 01:02:20,Junction C,41,0.205,17,31.7,29.2,01:02,Sunny,0,42
2026-08-19 01:12:20,Junction F,31,0.155,7,52.2,13.1,01:12,Sunny,0,33
2026-08-19 01:22:20,Junction A,33,0.165,14,29.4,25.1,01:22,Rainy,0,40
2026-08-19 01:32:20,Junction F,78,0.39,33,46.7,52.7,01:32,Sunny,0,57
2026-08-19 01:42:20,Junction C,41,0.205,18,33.6,32.5,01:42,Sunny,0,44
2026-08-19 01:52:20,Junction A,60,0.3,30,23.4,50.3,01:52,Rainy,0,51
2026-08-19 02:02:20,Junction B,60,0.3,18,23.5,28.6,02:02,Rainy,0,49
2026-08-19 02:12:20,Junction D,27,0.135,6,32.4,10.3,02:12,Sunny,0,34
2026-08-19 02:22:20,Junction F,63,0.315,14,46.6,25.2,02:22,Sunny,0,44
2026-08-19 02:32:20,Junction E,40,0.2,14,33.5,22.4,02:32,Sunny,0,39
2026-08-19 02:42:20,Junction D,47,0.235,19,32.2,32.7,02:42,Sunny,0,46
2026-08-19 02:52:20,Junction B,34,0.17,8,28.8,16.6,02:52,Rainy,0,37
2026-08-19 03:02:20,Junction D,72,0.36,24,22.8,41.4,03:02,Rainy,0,53
2026-08-19 03:12:20,Junction E,30,0.15,8,32.5,12.8,03:12,Sunny,0,34
2026-08-19 03:22:20,Junction B,23,0.115,5,32.5,8.7,03:22,Sunny,0,35
2026-08-19 03:32:20,Junction E,35,0.175,8,27.2,15.0,03:32,Foggy,0,37
2026-08-19 03:42:20,Junction F,79,0.395,16,47.1,27.1,03:42,Sunny,0,51
2026-08-19 03:52:20,Junction D,55,0.275,19,23.2,31.3,03:52,Rainy,0,49
2026-08-19 04:02:20,Junction B,32,0.16,11,31.7,17.3,04:02,Sunny,0,36
2026-08-19 04:12:20,Junction E,31,0.155,11,32.4,19.7,04:12,Sunny,0,37
2026-08-19 04:22:20,Junction C,44,0.22,19,29.6,34.2,04:22,Sunny,0,43
2026-08-19 04:32:20,Junction F,26,0.13,9,55.6,17.5,04:32,Sunny,0,37
2026-08-19 04:42:20,Junction D,48,0.24,9,32.5,16.1,04:42,Sunny,0,37
2026-08-19 04:52:20,Junction C,73,0.365,30,27.0,49.3,04:52,Cloudy,0,58
2026-08-19 05:02:20,Junction D,70,0.35,31,27.5,50.9,05:02,Sunny,0,54
2026-08-19 05:12:20,Junction F,63,0.315,14,46.5,24.6,05:12,Sunny,0,47
2026-08-19 05:22:20,Junction C,19,0.095,5,36.1,6.8,05:22,Sunny,0,29
2026-08-19 05:32:20,Junction A,44,0.22,17,29.4,26.4,05:32,Sunny,0,40
2026-08-19 05:42:20,Junction C,59,0.295,13,30.2,24.2,05:42,Cloudy,0,47
2026-08-19 05:52:20,Junction A,81,0.405,25,25.2,42.5,05:52,Cloudy,0,57
2026-08-19 06:02:20,Junction B,31,0.155,13,32.5,23.2,06:02,Sunny,0,35
2026-08-19 06:12:20,Junction B,15,0.075,5,36.7,8.6,06:12,Sunny,0,29
2026-08-19 06:22:20,Junction E,14,0.07,5,36.5,9.9,06:22,Sunny,0,29
2026-08-19 06:32:20,Junction B,28,0.14,6,31.4,10.0,06:32,Sunny,0,34
2026-08-19 06:42:20,Junction A,37,0.185,15,33.8,27.5,06:42,Cloudy,0,38
2026-08-19 06:52:20,Junction F,99,0.495,49,36.7,78.1,06:52,Rainy,0,74
2026-08-19 07:02:20,Junction B,52,0.26,14,29.0,26.5,07:02,Sunny,0,44
2026-08-19 07:12:20,Junction B,24,0.12,10,36.3,18.5,07:12,Sunny,0,34
2026-08-19 07:22:20,Junction B,21,0.105,5,34.5,6.6,07:22,Sunny,0,29
2026-08-19 07:32:20,Junction A,36,0.18,10,32.6,15.8,07:32,Sunny,0,36
2026-08-19 07:42:20,Junction D,46,0.23,20,31.6,33.7,07:42,Sunny,0,42
2026-08-19 07:52:20,Junction E,16,0.08,3,34.7,5.0,07:52,Cloudy,0,32
2026-08-19 08:02:20,Junction B,57,0.285,15,31.0,29.6,08:02,Sunny,1,57
2026-08-19 08:12:20,Junction E,84,0.42,35,22.8,61.3,08:12,Foggy,1,74
2026-08-19 08:22:20,Junction C,66,0.33,26,25.8,46.8,08:22,Sunny,1,60
2026-08-19 08:32:20,Junction C,124,0.62,60,15.9,100.1,08:32,Rainy,1,90
2026-08-19 08:42:20,Junction A,90,0.45,22,26.1,38.8,08:42,Cloudy,1,65
2026-08-19 08:52:20,Junction F,134,0.67,27,35.5,52.2,08:52,Cloudy,1,77
2026-08-19 09:02:20,Junction C,93,0.465,25,24.1,42.0,09:02,Sunny,1,66
2026-08-19 09:12:20,Junction D,102,0.51,45,24.7,74.2,09:12,Sunny,1,79
2026-08-19 09:22:20,Junction F,86,0.43,19,43.4,32.2,09:22,Sunny,1,66
2026-08-19 09:32:20,Junction D,105,0.525,31,21.3,52.4,09:32,Sunny,1,72
2026-08-19 09:42:20,Junction E,77,0.385,24,26.3,42.8,09:42,Sunny,1,65
2026-08-19 09:52:20,Junction B,51,0.255,11,28.5,20.0,09:52,Sunny,1,54
2026-08-19 10:02:20,Junction F,107,0.535,22,42.9,40.1,10:02,Sunny,1,68
2026-08-19 10:12:20,Junction D,59,0.295,18,30.1,32.7,10:12,Sunny,1,54
2026-08-19 10:22:20,Junction F,95,0.475,39,41.2,67.8,10:22,Sunny,1,77
2026-08-19 10:32:20,Junction E,55,0.275,20,29.1,32.2,10:32,Sunny,1,57
2026-08-19 10:42:20,Junction E,56,0.28,14,25.2,27.9,10:42,Foggy,1,53
2026-08-19 10:52:20,Junction E,65,0.325,16,25.4,31.2,10:52,Cloudy,1,57
2026-08-19 11:02:20,Junction D,53,0.265,25,24.0,44.4,11:02,Rainy,0,52
2026-08-19 11:12:20,Junction A,76,0.38,40,22.5,67.5,11:12,Rainy,0,64
2026-08-19 11:22:20,Junction D,52,0.26,20,28.7,35.4,11:22,Sunny,0,45
2026-08-19 11:32:20,Junction A,53,0.265,18,29.3,32.4,11:32,Sunny,0,48
2026-08-19 11:42:20,Junction D,60,0.3,24,26.5,41.4,11:42,Sunny,0,48
2026-08-19 11:52:20,Junction B,10,0.05,2,33.7,6.1,11:52,Sunny,0,25
2026-08-19 12:02:20,Junction B,26,0.13,6,35.7,13.5,12:02,Sunny,0,35
2026-08-19 12:12:20,Junction D,46,0.23,9,32.6,19.0,12:12,Sunny,0,38
2026-08-19 12:22:20,Junction F,66,0.33,27,49.0,47.5,12:22,Sunny,0,50
2026-08-19 12:32:20,Junction B,15,0.075,5,35.6,10.6,12:32,Sunny,0,29
2026-08-19 12:42:20,Junction C,67,0.335,14,25.4,27.0,12:42,Sunny,0,46
2026-08-19 12:52:20,Junction B,23,0.115,7,33.1,14.4,12:52,Sunny,0,32
2026-08-19 13:02:20,Junction F,54,0.27,16,41.6,27.2,13:02,Rainy,0,43
2026-08-19 13:12:20,Junction B,43,0.215,9,33.2,18.1,13:12,Sunny,0,37
2026-08-19 13:22:20,Junction B,39,0.195,13,32.3,22.7,13:22,Cloudy,0,41
2026-08-19 13:32:20,Junction B,43,0.215,18,31.3,32.8,13:32,Sunny,0,40
2026-08-19 13:42:20,Junction C,37,0.185,16,34.2,27.3,13:42,Sunny,0,38
2026-08-19 13:52:20,Junction A,59,0.295,17,30.1,28.9,13:52,Sunny,0,46
2026-08-19 14:02:20,Junction B,37,0.185,13,32.3,25.0,14:02,Sunny,0,42
2026-08-19 14:12:20,Junction B,44,0.22,13,29.4,21.2,14:12,Sunny,0,42
2026-08-19 14:22:20,Junction B,34,0.17,15,31.6,27.3,14:22,Sunny,0,42
2026-08-19 14:32:20,Junction D,42,0.21,17,31.1,26.8,14:32,Sunny,0,39
2026-08-19 14:42:20,Junction B,50,0.25,21,27.2,37.8,14:42,Rainy,0,48
2026-08-19 14:52:20,Junction D,37,0.185,12,32.3,19.0,14:52,Sunny,0,39
2026-08-19 15:02:20,Junction B,55,0.275,13,30.6,21.6,15:02,Sunny,0,41
2026-08-19 15:12:20,Junction F,75,0.375,16,44.6,32.2,15:12,Sunny,0,48
2026-08-19 15:22:20,Junction D,52,0.26,12,28.1,20.6,15:22,Cloudy,0,45
2026-08-19 15:32:20,Junction E,24,0.12,8,35.3,16.8,15:32,Sunny,0,37
2026-08-19 15:42:20,Junction B,45,0.225,9,31.3,15.9,15:42,Sunny,0,37
2026-08-19 15:52:20,Junction F,49,0.245,11,51.9,20.4,15:52,Sunny,0,40
2026-08-19 16:02:20,Junction D,72,0.36,30,22.7,49.1,16:02,Rainy,0,58
2026-08-19 16:12:20,Junction B,34,0.17,10,32.5,20.0,16:12,Sunny,0,39
2026-08-19 16:22:20,Junction C,59,0.295,24,28.5,38.7,16:22,Sunny,0,53
2026-08-19 16:32:20,Junction A,28,0.14,10,33.5,18.8,16:32,Cloudy,0,35
2026-08-19 16:42:20,Junction D,66,0.33,19,27.1,32.9,16:42,Sunny,0,51
2026-08-19 16:52:20,Junction A,57,0.285,15,30.4,29.1,16:52,Sunny,0,44
2026-08-19 17:02:20,Junction A,132,0.66,50,16.5,87.9,17:02,Cloudy,1,87
2026-08-19 17:12:20,Junction D,81,0.405,35,25.6,55.8,17:12,Sunny,1,70
2026-08-19 17:22:20,Junction E,60,0.3,19,22.8,32.3,17:22,Rainy,1,60
2026-08-19 17:32:20,Junction E,40,0.2,15,29.2,24.9,17:32,Sunny,1,53
2026-08-19 17:42:20,Junction C,83,0.415,23,27.1,40.5,17:42,Sunny,1,65
2026-08-19 17:52:20,Junction F,141,0.705,38,35.6,66.6,17:52,Sunny,1,88
2026-08-19 18:02:20,Junction D,71,0.355,25,26.7,44.8,18:02,Sunny,1,65
2026-08-19 18:12:20,Junction A,95,0.475,37,22.9,61.5,18:12,Sunny,1,73
2026-08-19 18:22:20,Junction B,64,0.32,19,28.9,31.8,18:22,Sunny,1,57
2026-08-19 18:32:20,Junction B,58,0.29,17,27.1,31.7,18:32,Sunny,1,55
2026-08-19 18:42:20,Junction C,80,0.4,18,27.4,35.0,18:42,Sunny,1,60
2026-08-19 18:52:20,Junction C,85,0.425,31,25.8,52.7,18:52,Sunny,1,69
2026-08-19 19:02:20,Junction C,132,0.66,57,18.2,92.8,19:02,Sunny,1,90
2026-08-19 19:12:20,Junction E,68,0.34,27,26.9,46.3,19:12,Sunny,1,63
2026-08-19 19:22:20,Junction F,67,0.335,22,45.8,36.2,19:22,Sunny,1,63
2026-08-19 19:32:20,Junction F,129,0.645,56,36.1,96.2,19:32,Sunny,1,90
2026-08-19 19:42:20,Junction E,69,0.345,31,28.2,49.9,19:42,Sunny,1,68
2026-08-19 19:52:20,Junction C,120,0.6,49,20.7,81.8,19:52,Sunny,1,85
2026-08-19 20:02:20,Junction A,49,0.245,24,24.9,37.5,20:02,Rainy,0,50
2026-08-19 20:12:20,Junction D,31,0.155,14,26.2,21.1,20:12,Rainy,0,40
2026-08-19 20:22:20,Junction E,21,0.105,7,30.9,10.7,20:22,Rainy,0,31
2026-08-19 20:32:20,Junction A,38,0.19,15,32.8,26.1,20:32,Cloudy,0,39
2026-08-19 20:42:20,Junction C,14,0.07,3,34.8,5.0,20:42,Cloudy,0,32
2026-08-19 20:52:20,Junction C,38,0.19,10,33.5,17.6,20:52,Cloudy,0,39
2026-08-19 21:02:20,Junction D,40,0.2,10,30.4,17.4,21:02,Sunny,0,40
2026-08-19 21:12:20,Junction E,9,0.045,2,38.3,6.1,21:12,Cloudy,0,27
2026-08-19 21:22:20,Junction C,51,0.255,11,27.9,18.3,21:22,Sunny,0,39
2026-08-19 21:32:20,Junction B,36,0.18,18,28.2,31.5,21:32,Rainy,0,41
2026-08-19 21:42:20,Junction E,16,0.08,3,28.6,8.3,21:42,Rainy,0,31
2026-08-19 21:52:20,Junction B,45,0.225,13,32.3,23.4,21:52,Sunny,0,43
2026-08-19 22:02:20,Junction A,33,0.165,8,34.3,12.3,22:02,Sunny,0,36
2026-08-19 22:12:20,Junction C,31,0.155,10,26.6,18.9,22:12,Rainy,0,36
2026-08-19 22:22:20,Junction B,45,0.225,9,33.2,14.5,22:22,Sunny,0,36
2026-08-19 22:32:20,Junction C,41,0.205,15,27.2,25.1,22:32,Foggy,0,42
2026-08-19 22:42:20,Junction C,44,0.22,13,32.4,19.8,22:42,Sunny,0,41
2026-08-19 22:52:20,Junction D,24,0.12,8,35.7,15.3,22:52,Cloudy,0,35
2026-08-19 23:02:20,Junction D,41,0.205,14,30.4,22.3,23:02,Sunny,0,39
2026-08-19 23:12:20,Junction B,26,0.13,8,34.7,16.0,23:12,Sunny,0,33
2026-08-19 23:22:20,Junction D,47,0.235,16,25.8,25.4,23:22,Rainy,0,46
2026-08-19 23:32:20,Junction F,34,0.17,12,52.3,17.9,23:32,Sunny,0,40
2026-08-19 23:42:20,Junction C,42,0.21,17,33.2,27.1,23:42,Sunny,0,43
2026-08-19 23:52:20,Junction C,52,0.26,13,23.2,23.3,23:52,Rainy,0,43
2026-08-20 00:02:20,Junction B,43,0.215,12,29.1,19.2,00:02,Cloudy,0,39
2026-08-20 00:12:20,Junction B,29,0.145,14,26.3,21.3,00:12,Rainy,0,40
2026-08-20 00:22:20,Junction A,52,0.26,22,31.1,36.0,00:22,Sunny,0,45
2026-08-20 00:32:20,Junction C,49,0.245,20,29.2,35.9,00:32,Sunny,0,47
2026-08-20 00:42:20,Junction E,47,0.235,13,29.3,25.2,00:42,Sunny,0,40
2026-08-20 00:52:20,Junction B,53,0.265,14,23.7,24.6,00:52,Rainy,0,41
2026-08-20 01:02:20,Junction E,48,0.24,20,30.9,33.8,01:02,Sunny,0,43
2026-08-20 01:12:20,Junction D,52,0.26,14,30.6,26.3,01:12,Cloudy,0,40
2026-08-20 01:22:20,Junction A,31,0.155,8,34.5,16.5,01:22,Cloudy,0,35
2026-08-20 01:32:20,Junction F,63,0.315,20,46.6,33.1,01:32,Sunny,0,50
2026-08-20 01:42:20,Junction D,45,0.225,13,31.0,24.3,01:42,Sunny,0,43
2026-08-20 01:52:20,Junction D,49,0.245,10,30.4,18.0,01:52,Sunny,0,41
2026-08-20 02:02:20,Junction B,31,0.155,9,27.8,17.0,02:02,Rainy,0,37
2026-08-20 02:12:20,Junction E,21,0.105,4,34.2,5.0,02:12,Sunny,0,30
2026-08-20 02:22:20,Junction A,54,0.27,23,25.8,39.1,02:22,Foggy,0,49
2026-08-20 02:32:20,Junction A,53,0.265,25,23.4,38.5,02:32,Rainy,0,48
2026-08-20 02:42:20,Junction D,64,0.32,16,25.8,27.0,02:42,Sunny,0,49
2026-08-20 02:52:20,Junction D,38,0.19,15,32.8,22.7,02:52,Sunny,0,42
2026-08-20 03:02:20,Junction C,21,0.105,6,34.6,7.7,03:02,Sunny,0,30
2026-08-20 03:12:20,Junction D,13,0.065,4,35.3,6.1,03:12,Sunny,0,27
2026-08-20 03:22:20,Junction B,5,0.025,1,37.7,5.0,03:22,Sunny,0,25
2026-08-20 03:32:20,Junction A,66,0.33,15,29.3,24.7,03:32,Sunny,0,47
2026-08-20 03:42:20,Junction C,71,0.355,18,24.7,32.1,03:42,Rainy,0,47
2026-08-20 03:52:20,Junction A,45,0.225,10,28.6,18.7,03:52,Sunny,0,41
2026-08-20 04:02:20,Junction B,14,0.07,4,28.5,8.6,04:02,Foggy,0,28
2026-08-20 04:12:20,Junction D,62,0.31,16,27.0,30.2,04:12,Sunny,0,48
2026-08-20 04:22:20,Junction C,30,0.15,12,32.0,21.8,04:22,Sunny,0,40
2026-08-20 04:32:20,Junction C,20,0.1,6,33.4,12.2,04:32,Sunny,0,31
2026-08-20 04:42:20,Junction C,40,0.2,8,33.3,14.3,04:42,Sunny,0,37
2026-08-20 04:52:20,Junction D,64,0.32,13,28.8,26.2,04:52,Sunny,0,47
2026-08-20 05:02:20,Junction F,90,0.45,34,45.2,60.5,05:02,Sunny,0,61
2026-08-20 05:12:20,Junction E,7,0.035,2,37.5,5.0,05:12,Cloudy,0,25
2026-08-20 05:22:20,Junction E,37,0.185,14,32.4,22.7,05:22,Sunny,0,40
2026-08-20 05:32:20,Junction C,55,0.275,20,29.2,34.3,05:32,Sunny,0,48
2026-08-20 05:42:20,Junction E,22,0.11,4,31.0,5.7,05:42,Foggy,0,30
2026-08-20 05:52:20,Junction B,37,0.185,11,31.8,21.1,05:52,Cloudy,0,38
2026-08-20 06:02:20,Junction B,26,0.13,11,35.6,20.6,06:02,Cloudy,0,38
2026-08-20 06:12:20,Junction D,36,0.18,16,26.3,26.7,06:12,Foggy,0,38
2026-08-20 06:22:20,Junction D,53,0.265,22,25.6,36.6,06:22,Rainy,0,47
2026-08-20 06:32:20,Junction F,78,0.39,36,40.9,61.6,06:32,Rainy,0,59
2026-08-20 06:42:20,Junction F,31,0.155,13,50.6,21.9,06:42,Sunny,0,39
2026-08-20 06:52:20,Junction F,68,0.34,30,45.7,48.2,06:52,Sunny,0,53
2026-08-20 07:02:20,Junction E,34,0.17,8,34.8,13.4,07:02,Sunny,0,34
2026-08-20 07:12:20,Junction D,58,0.29,20,22.7,33.1,07:12,Rainy,0,48
2026-08-20 07:22:20,Junction B,21,0.105,7,35.9,11.8,07:22,Sunny,0,33
2026-08-20 07:32:20,Junction C,56,0.28,14,30.9,28.1,07:32,Cloudy,0,43
2026-08-20 07:42:20,Junction B,38,0.19,11,32.9,18.0,07:42,Sunny,0,39
2026-08-20 07:52:20,Junction E,45,0.225,10,26.0,17.8,07:52,Rainy,0,37
2026-08-20 08:02:20,Junction D,85,0.425,29,25.2,49.7,08:02,Sunny,1,69
2026-08-20 08:12:20,Junction E,42,0.21,11,33.0,18.2,08:12,Cloudy,1,48
2026-08-20 08:22:20,Junction F,90,0.45,18,45.8,33.4,08:22,Sunny,1,65
2026-08-20 08:32:20,Junction B,57,0.285,12,27.3,20.4,08:32,Sunny,1,55
2026-08-20 08:42:20,Junction D,95,0.475,38,25.5,64.0,08:42,Sunny,1,77
2026-08-20 08:52:20,Junction D,78,0.39,34,23.5,56.8,08:52,Rainy,1,67
2026-08-20 09:02:20,Junction A,111,0.555,42,18.6,70.9,09:02,Foggy,1,81
2026-08-20 09:12:20,Junction A,138,0.69,29,17.8,54.3,09:12,Sunny,1,78
2026-08-20 09:22:20,Junction B,71,0.355,26,27.1,44.6,09:22,Sunny,1,65
2026-08-20 09:32:20,Junction B,59,0.295,22,31.1,40.3,09:32,Sunny,1,59
2026-08-20 09:42:20,Junction B,69,0.345,27,29.2,46.5,09:42,Cloudy,1,65
2026-08-20 09:52:20,Junction D,54,0.27,15,31.8,25.2,09:52,Sunny,1,56
2026-08-20 10:02:20,Junction B,58,0.29,22,29.2,38.7,10:02,Sunny,1,59
2026-08-20 10:12:20,Junction F,135,0.675,47,37.4,79.4,10:12,Sunny,1,86
2026-08-20 10:22:20,Junction A,123,0.615,30,20.1,57.2,10:22,Cloudy,1,77
2026-08-20 10:32:20,Junction E,103,0.515,38,19.0,67.6,10:32,Rainy,1,74
2026-08-20 10:42:20,Junction C,115,0.575,40,15.2,66.5,10:42,Foggy,1,83
2026-08-20 10:52:20,Junction D,114,0.57,28,21.1,50.5,10:52,Cloudy,1,74
2026-08-20 11:02:20,Junction C,38,0.19,8,30.5,13.5,11:02,Sunny,0,37
2026-08-20 11:12:20,Junction E,63,0.315,24,24.3,40.5,11:12,Rainy,0,48
2026-08-20 11:22:20,Junction C,23,0.115,9,32.7,12.9,11:22,Sunny,0,34
2026-08-20 11:32:20,Junction B,5,0.025,1,33.1,5.0,11:32,Rainy,0,29
2026-08-20 11:42:20,Junction B,38,0.19,15,33.5,27.3,11:42,Sunny,0,43
2026-08-20 11:52:20,Junction A,72,0.36,19,25.1,35.2,11:52,Sunny,0,49
2026-08-20 12:02:20,Junction A,42,0.21,15,27.6,24.3,12:02,Foggy,0,41
2026-08-20 12:12:20,Junction E,37,0.185,15,34.2,27.7,12:12,Cloudy,0,39
2026-08-20 12:22:20,Junction B,46,0.23,19,30.3,32.6,12:22,Cloudy,0,44
2026-08-20 12:32:20,Junction B,39,0.195,8,33.2,17.9,12:32,Sunny,0,34
2026-08-20 12:42:20,Junction A,63,0.315,27,29.0,42.4,12:42,Sunny,0,53
2026-08-20 12:52:20,Junction A,59,0.295,19,27.4,35.5,12:52,Sunny,0,47
2026-08-20 13:02:20,Junction F,51,0.255,17,47.9,28.2,13:02,Sunny,0,45
2026-08-20 13:12:20,Junction F,69,0.345,29,48.4,48.7,13:12,Sunny,0,57
2026-08-20 13:22:20,Junction E,27,0.135,8,32.8,16.5,13:22,Sunny,0,32
2026-08-20 13:32:20,Junction C,62,0.31,24,25.7,38.9,13:32,Rainy,0,52
2026-08-20 13:42:20,Junction B,44,0.22,17,25.6,30.5,13:42,Foggy,0,43
2026-08-20 13:52:20,Junction B,36,0.18,16,31.5,27.6,13:52,Sunny,0,43
2026-08-20 14:02:20,Junction D,56,0.28,21,30.7,38.2,14:02,Sunny,0,47
2026-08-20 14:12:20,Junction C,56,0.28,22,30.7,39.0,14:12,Sunny,0,47
2026-08-20 14:22:20,Junction B,28,0.14,6,33.5,13.3,14:22,Sunny,0,36
2026-08-20 14:32:20,Junction F,42,0.21,14,51.5,21.2,14:32,Cloudy,0,44
2026-08-20 14:42:20,Junction E,26,0.13,8,34.5,13.1,14:42,Cloudy,0,37
2026-08-20 14:52:20,Junction D,44,0.22,10,30.5,20.2,14:52,Sunny,0,39
2026-08-20 15:02:20,Junction F,68,0.34,17,47.0,32.3,15:02,Cloudy,0,48
2026-08-20 15:12:20,Junction C,34,0.17,13,34.5,24.6,15:12,Sunny,0,36
2026-08-20 15:22:20,Junction C,54,0.27,17,29.9,27.6,15:22,Sunny,0,48
2026-08-20 15:32:20,Junction B,9,0.045,3,29.6,7.8,15:32,Rainy,0,31
2026-08-20 15:42:20,Junction D,51,0.255,18,28.9,31.3,15:42,Sunny,0,47
2026-08-20 15:52:20,Junction F,82,0.41,24,42.7,41.5,15:52,Sunny,0,54
2026-08-20 16:02:20,Junction B,41,0.205,15,27.9,24.2,16:02,Rainy,0,43
2026-08-20 16:12:20,Junction F,64,0.32,13,48.9,22.6,16:12,Sunny,0,46
2026-08-20 16:22:20,Junction B,38,0.19,11,33.1,21.6,16:22,Sunny,0,40
2026-08-20 16:32:20,Junction D,39,0.195,16,33.2,27.3,16:32,Sunny,0,41
2026-08-20 16:42:20,Junction E,19,0.095,5,34.5,10.3,16:42,Sunny,0,33
2026-08-20 16:52:20,Junction C,43,0.215,17,29.5,30.9,16:52,Sunny,0,42
2026-08-20 17:02:20,Junction A,107,0.535,42,22.1,68.9,17:02,Sunny,1,80
2026-08-20 17:12:20,Junction F,183,0.915,84,26.4,142.7,17:12,Rainy,1,90
2026-08-20 17:22:20,Junction F,112,0.56,41,38.3,67.8,17:22,Cloudy,1,81
2026-08-20 17:32:20,Junction E,57,0.285,22,27.9,35.6,17:32,Sunny,1,57
2026-08-20 17:42:20,Junction C,95,0.475,25,22.6,44.7,17:42,Sunny,1,71
2026-08-20 17:52:20,Junction F,83,0.415,27,46.2,46.4,17:52,Sunny,1,69
2026-08-20 18:02:20,Junction F,126,0.63,39,33.7,67.1,18:02,Rainy,1,82
2026-08-20 18:12:20,Junction A,131,0.655,43,19.0,74.3,18:12,Sunny,1,84
2026-08-20 18:22:20,Junction A,102,0.51,30,17.5,55.4,18:22,Rainy,1,72
2026-08-20 18:32:20,Junction B,46,0.23,11,31.3,17.2,18:32,Sunny,1,51
2026-08-20 18:42:20,Junction A,101,0.505,38,17.2,63.0,18:42,Rainy,1,77
2026-08-20 18:52:20,Junction B,49,0.245,15,28.6,28.5,18:52,Sunny,1,52
2026-08-20 19:02:20,Junction B,77,0.385,22,27.8,37.5,19:02,Sunny,1,64
2026-08-20 19:12:20,Junction E,62,0.31,20,26.1,33.3,19:12,Cloudy,1,59
2026-08-20 19:22:20,Junction C,89,0.445,35,25.6,57.7,19:22,Sunny,1,71
2026-08-20 19:32:20,Junction D,110,0.55,32,23.3,54.2,19:32,Sunny,1,73
2026-08-20 19:42:20,Junction A,112,0.56,37,22.6,64.5,19:42,Sunny,1,78
2026-08-20 19:52:20,Junction F,103,0.515,27,44.4,49.4,19:52,Sunny,1,73
2026-08-20 20:02:20,Junction F,73,0.365,26,39.6,46.4,20:02,Rainy,0,54
2026-08-20 20:12:20,Junction F,21,0.105,9,56.8,17.7,20:12,Sunny,0,36
2026-08-20 20:22:20,Junction E,45,0.225,16,30.2,30.1,20:22,Sunny,0,43
2026-08-20 20:32:20,Junction F,63,0.315,24,50.0,43.6,20:32,Sunny,0,49
2026-08-20 20:42:20,Junction E,7,0.035,2,38.7,5.0,20:42,Sunny,0,25
2026-08-20 20:52:20,Junction E,13,0.065,4,36.3,7.6,20:52,Sunny,0,28
2026-08-20 21:02:20,Junction E,27,0.135,6,31.3,13.2,21:02,Cloudy,0,37
2026-08-20 21:12:20,Junction F,32,0.16,13,53.4,24.7,21:12,Cloudy,0,40
2026-08-20 21:22:20,Junction F,53,0.265,19,43.5,32.2,21:22,Rainy,0,46
2026-08-20 21:32:20,Junction F,76,0.38,32,47.0,50.8,21:32,Sunny,0,59
2026-08-20 21:42:20,Junction A,61,0.305,25,28.9,42.5,21:42,Sunny,0,54
2026-08-20 21:52:20,Junction D,35,0.175,14,26.0,26.2,21:52,Rainy,0,41
2026-08-20 22:02:20,Junction B,41,0.205,13,31.6,24.5,22:02,Sunny,0,39
2026-08-20 22:12:20,Junction A,21,0.105,7,33.2,9.8,22:12,Sunny,0,30
2026-08-20 22:22:20,Junction C,57,0.285,18,29.9,28.6,22:22,Sunny,0,47
2026-08-20 22:32:20,Junction B,27,0.135,7,26.6,11.5,22:32,Rainy,0,35
2026-08-20 22:42:20,Junction E,29,0.145,8,31.3,12.0,22:42,Sunny,0,35
2026-08-20 22:52:20,Junction D,59,0.295,24,30.3,41.3,22:52,Sunny,0,50
2026-08-20 23:02:20,Junction D,30,0.15,8,33.8,16.2,23:02,Cloudy,0,34
2026-08-20 23:12:20,Junction E,5,0.025,1,34.3,5.0,23:12,Sunny,0,24
2026-08-20 23:22:20,Junction C,39,0.195,18,25.6,27.8,23:22,Rainy,0,40
2026-08-20 23:32:20,Junction B,5,0.025,2,35.0,5.0,23:32,Sunny,0,26
2026-08-20 23:42:20,Junction E,39,0.195,13,30.7,23.6,23:42,Cloudy,0,39
2026-08-20 23:52:20,Junction B,22,0.11,8,29.3,13.8,23:52,Rainy,0,33
2026-08-21 00:02:20,Junction A,79,0.395,33,19.8,55.0,00:02,Rainy,0,60
2026-08-21 00:12:20,Junction F,86,0.43,28,46.5,46.7,00:12,Sunny,0,59
2026-08-21 00:22:20,Junction C,53,0.265,23,30.1,40.6,00:22,Cloudy,0,46
2026-08-21 00:32:20,Junction B,27,0.135,10,34.2,16.3,00:32,Sunny,0,35
2026-08-21 00:42:20,Junction A,32,0.16,12,31.4,22.6,00:42,Sunny,0,36
2026-08-21 00:52:20,Junction A,39,0.195,14,31.5,25.4,00:52,Sunny,0,40
2026-08-21 01:02:20,Junction D,56,0.28,14,29.1,25.2,01:02,Cloudy,0,46
2026-08-21 01:12:20,Junction E,10,0.05,4,36.6,5.0,01:12,Sunny,0,29
2026-08-21 01:22:20,Junction A,85,0.425,38,23.0,61.9,01:22,Foggy,0,61
2026-08-21 01:32:20,Junction B,40,0.2,18,28.3,32.3,01:32,Rainy,0,40
2026-08-21 01:42:20,Junction A,85,0.425,21,19.2,37.4,01:42,Rainy,0,55
2026-08-21 01:52:20,Junction F,75,0.375,19,44.6,32.2,01:52,Sunny,0,53
2026-08-21 02:02:20,Junction D,53,0.265,15,31.1,24.3,02:02,Sunny,0,44
2026-08-21 02:12:20,Junction A,70,0.35,26,26.1,45.6,02:12,Sunny,0,52
2026-08-21 02:22:20,Junction F,36,0.18,7,52.7,10.7,02:22,Sunny,0,37
2026-08-21 02:32:20,Junction B,47,0.235,12,24.4,20.9,02:32,Foggy,0,43
2026-08-21 02:42:20,Junction F,41,0.205,14,53.1,21.3,02:42,Sunny,0,41
2026-08-21 02:52:20,Junction D,55,0.275,14,28.0,22.4,02:52,Sunny,0,45
2026-08-21 03:02:20,Junction A,28,0.14,11,32.2,20.1,03:02,Sunny,0,38
2026-08-21 03:12:20,Junction D,54,0.27,18,27.1,30.2,03:12,Foggy,0,45
2026-08-21 03:22:20,Junction C,40,0.2,8,32.4,14.8,03:22,Sunny,0,38
2026-08-21 03:32:20,Junction B,24,0.12,5,32.1,12.0,03:32,Sunny,0,30
2026-08-21 03:42:20,Junction D,35,0.175,9,33.7,15.3,03:42,Sunny,0,38
2026-08-21 03:52:20,Junction A,30,0.15,10,31.7,16.9,03:52,Cloudy,0,33
2026-08-21 04:02:20,Junction A,78,0.39,30,27.9,50.4,04:02,Sunny,0,54
2026-08-21 04:12:20,Junction F,42,0.21,12,51.5,19.9,04:12,Sunny,0,43
2026-08-21 04:22:20,Junction C,67,0.335,26,28.1,42.9,04:22,Sunny,0,51
2026-08-21 04:32:20,Junction F,81,0.405,19,47.0,32.7,04:32,Sunny,0,51
2026-08-21 04:42:20,Junction D,42,0.21,12,33.3,18.7,04:42,Sunny,0,40
2026-08-21 04:52:20,Junction A,41,0.205,12,25.7,18.6,04:52,Rainy,0,39
2026-08-21 05:02:20,Junction D,43,0.215,18,32.1,33.0,05:02,Sunny,0,42
2026-08-21 05:12:20,Junction C,73,0.365,18,26.9,35.2,05:12,Sunny,0,51
2026-08-21 05:22:20,Junction D,40,0.2,17,31.4,25.5,05:22,Sunny,0,44
2026-08-21 05:32:20,Junction F,80,0.4,25,47.8,41.3,05:32,Sunny,0,54
2026-08-21 05:42:20,Junction A,41,0.205,12,29.7,22.7,05:42,Sunny,0,41
2026-08-21 05:52:20,Junction E,15,0.075,4,33.6,9.9,05:52,Sunny,0,28
2026-08-21 06:02:20,Junction D,30,0.15,7,32.0,14.5,06:02,Sunny,0,37
2026-08-21 06:12:20,Junction C,73,0.365,29,26.5,47.2,06:12,Sunny,0,53
2026-08-21 06:22:20,Junction C,52,0.26,19,31.2,32.6,06:22,Sunny,0,46
2026-08-21 06:32:20,Junction A,36,0.18,15,27.9,22.9,06:32,Foggy,0,42
2026-08-21 06:42:20,Junction A,60,0.3,12,27.3,24.6,06:42,Sunny,0,45
2026-08-21 06:52:20,Junction B,33,0.165,9,33.5,18.2,06:52,Sunny,0,35
2026-08-21 07:02:20,Junction E,13,0.065,5,34.2,8.5,07:02,Sunny,0,31
2026-08-21 07:12:20,Junction C,37,0.185,13,34.1,24.9,07:12,Sunny,0,36
2026-08-21 07:22:20,Junction D,43,0.215,15,31.9,27.0,07:22,Cloudy,0,42
2026-08-21 07:32:20,Junction C,48,0.24,19,25.5,34.7,07:32,Rainy,0,43
2026-08-21 07:42:20,Junction C,40,0.2,20,25.2,35.6,07:42,Rainy,0,46
2026-08-21 07:52:20,Junction E,19,0.095,4,36.1,10.2,07:52,Cloudy,0,29
2026-08-21 08:02:20,Junction D,115,0.575,32,18.7,59.0,08:02,Rainy,1,79
2026-08-21 08:12:20,Junction B,50,0.25,14,27.7,23.2,08:12,Sunny,1,51
2026-08-21 08:22:20,Junction C,57,0.285,16,30.9,27.1,08:22,Cloudy,1,53
2026-08-21 08:32:20,Junction C,66,0.33,20,25.7,35.1,08:32,Sunny,1,62
2026-08-21 08:42:20,Junction B,65,0.325,16,28.2,29.0,08:42,Sunny,1,59
2026-08-21 08:52:20,Junction A,120,0.6,43,21.8,72.7,08:52,Sunny,1,80
2026-08-21 09:02:20,Junction C,114,0.57,33,17.1,55.2,09:02,Rainy,1,79
2026-08-21 09:12:20,Junction F,116,0.58,45,38.9,75.3,09:12,Sunny,1,85
2026-08-21 09:22:20,Junction E,54,0.27,14,28.0,26.3,09:22,Sunny,1,54
2026-08-21 09:32:20,Junction D,83,0.415,36,25.8,59.1,09:32,Cloudy,1,70
2026-08-21 09:42:20,Junction C,91,0.455,34,23.1,58.0,09:42,Cloudy,1,69
2026-08-21 09:52:20,Junction A,96,0.48,35,23.6,60.5,09:52,Sunny,1,73
2026-08-21 10:02:20,Junction F,94,0.47,29,44.2,50.1,10:02,Sunny,1,69
2026-08-21 10:12:20,Junction F,86,0.43,32,42.7,53.2,10:12,Cloudy,1,72
2026-08-21 10:22:20,Junction A,104,0.52,26,20.5,47.2,10:22,Rainy,1,68
2026-08-21 10:32:20,Junction D,70,0.35,24,26.1,41.2,10:32,Sunny,1,61
2026-08-21 10:42:20,Junction E,53,0.265,12,27.2,22.8,10:42,Rainy,1,54
2026-08-21 10:52:20,Junction F,97,0.485,29,41.9,49.7,10:52,Sunny,1,73
2026-08-21 11:02:20,Junction B,28,0.14,7,32.2,14.0,11:02,Cloudy,0,34
2026-08-21 11:12:20,Junction D,36,0.18,9,30.1,16.1,11:12,Sunny,0,37
2026-08-21 11:22:20,Junction E,5,0.025,1,36.6,5.0,11:22,Sunny,0,24
2026-08-21 11:32:20,Junction B,61,0.305,22,22.1,40.2,11:32,Rainy,0,46
2026-08-21 11:42:20,Junction C,53,0.265,21,32.0,36.9,11:42,Sunny,0,47
2026-08-21 11:52:20,Junction F,43,0.215,17,49.0,30.6,11:52,Sunny,0,40
2026-08-21 12:02:20,Junction A,36,0.18,8,33.2,14.8,12:02,Sunny,0,38
2026-08-21 12:12:20,Junction C,50,0.25,17,27.8,31.9,12:12,Sunny,0,46
2026-08-21 12:22:20,Junction C,40,0.2,16,30.8,29.3,12:22,Sunny,0,39
2026-08-21 12:32:20,Junction C,60,0.3,24,28.0,41.0,12:32,Sunny,0,52
2026-08-21 12:42:20,Junction D,41,0.205,12,29.5,22.2,12:42,Sunny,0,37
2026-08-21 12:52:20,Junction F,55,0.275,24,43.1,42.9,12:52,Rainy,0,49
2026-08-21 13:02:20,Junction E,9,0.045,2,38.5,5.0,13:02,Sunny,0,25
2026-08-21 13:12:20,Junction C,67,0.335,29,28.4,49.7,13:12,Sunny,0,57
2026-08-21 13:22:20,Junction D,58,0.29,19,27.2,35.2,13:22,Sunny,0,48
2026-08-21 13:32:20,Junction B,14,0.07,5,34.4,10.3,13:32,Sunny,0,29
2026-08-21 13:42:20,Junction C,36,0.18,11,33.3,17.9,13:42,Sunny,0,36
2026-08-21 13:52:20,Junction F,45,0.225,13,49.4,20.5,13:52,Cloudy,0,40
2026-08-21 14:02:20,Junction B,41,0.205,16,29.9,28.9,14:02,Sunny,0,41
2026-08-21 14:12:20,Junction B,58,0.29,25,29.5,43.3,14:12,Sunny,0,48
2026-08-21 14:22:20,Junction E,16,0.08,4,28.3,7.9,14:22,Rainy,0,29
2026-08-21 14:32:20,Junction C,64,0.32,22,23.3,38.2,14:32,Rainy,0,51
2026-08-21 14:42:20,Junction E,49,0.245,16,32.4,24.8,14:42,Sunny,0,43
2026-08-21 14:52:20,Junction C,73,0.365,26,24.5,41.8,14:52,Rainy,0,54
2026-08-21 15:02:20,Junction B,24,0.12,9,27.9,12.6,15:02,Rainy,0,34
2026-08-21 15:12:20,Junction D,44,0.22,12,32.3,19.2,15:12,Cloudy,0,39
2026-08-21 15:22:20,Junction D,17,0.085,3,35.7,5.6,15:22,Sunny,0,28
2026-08-21 15:32:20,Junction E,11,0.055,4,35.5,6.0,15:32,Cloudy,0,30
2026-08-21 15:42:20,Junction E,26,0.13,6,34.2,10.1,15:42,Cloudy,0,32
2026-08-21 15:52:20,Junction F,69,0.345,25,46.5,45.0,15:52,Sunny,0,53
2026-08-21 16:02:20,Junction D,32,0.16,12,32.3,19.8,16:02,Sunny,0,37
2026-08-21 16:12:20,Junction C,37,0.185,16,25.7,28.6,16:12,Rainy,0,44
2026-08-21 16:22:20,Junction B,19,0.095,5,35.2,6.1,16:22,Cloudy,0,31
2026-08-21 16:32:20,Junction E,49,0.245,21,28.5,37.9,16:32,Sunny,0,47
2026-08-21 16:42:20,Junction C,53,0.265,17,31.5,27.3,16:42,Sunny,0,46
2026-08-21 16:52:20,Junction C,51,0.255,13,30.0,25.7,16:52,Sunny,0,41
2026-08-21 17:02:20,Junction E,31,0.155,8,35.2,15.5,17:02,Sunny,1,46
2026-08-21 17:12:20,Junction C,98,0.49,32,21.3,54.4,17:12,Sunny,1,72
2026-08-21 17:22:20,Junction A,103,0.515,30,19.9,52.7,17:22,Sunny,1,74
2026-08-21 17:32:20,Junction C,106,0.53,21,18.7,37.0,17:32,Foggy,1,70
2026-08-21 17:42:20,Junction D,56,0.28,11,29.6,21.8,17:42,Sunny,1,55
2026-08-21 17:52:20,Junction B,46,0.23,18,27.9,32.1,17:52,Rainy,1,55
2026-08-21 18:02:20,Junction D,69,0.345,16,24.8,26.8,18:02,Sunny,1,57
2026-08-21 18:12:20,Junction F,151,0.755,53,35.1,89.8,18:12,Sunny,1,90
2026-08-21 18:22:20,Junction A,97,0.485,30,21.6,53.4,18:22,Cloudy,1,73
2026-08-21 18:32:20,Junction A,151,0.755,44,12.8,74.5,18:32,Sunny,1,88
2026-08-21 18:42:20,Junction E,66,0.33,15,29.1,26.0,18:42,Sunny,1,57
2026-08-21 18:52:20,Junction D,73,0.365,17,26.2,28.1,18:52,Sunny,1,58
2026-08-21 19:02:20,Junction F,119,0.595,42,39.4,71.3,19:02,Sunny,1,81
2026-08-21 19:12:20,Junction E,64,0.32,18,25.8,30.2,19:12,Sunny,1,59
2026-08-21 19:22:20,Junction F,159,0.795,65,34.0,106.6,19:22,Cloudy,1,90
2026-08-21 19:32:20,Junction C,128,0.64,44,14.5,74.7,19:32,Rainy,1,84
2026-08-21 19:42:20,Junction F,96,0.48,42,41.5,72.4,19:42,Sunny,1,76
2026-08-21 19:52:20,Junction E,44,0.22,11,32.5,18.3,19:52,Sunny,1,51
2026-08-21 20:02:20,Junction A,88,0.44,37,23.5,60.4,20:02,Sunny,0,61
2026-08-21 20:12:20,Junction E,34,0.17,12,32.4,21.5,20:12,Sunny,0,39
2026-08-21 20:22:20,Junction D,40,0.2,12,29.9,18.9,20:22,Sunny,0,40
2026-08-21 20:32:20,Junction F,51,0.255,15,49.7,27.9,20:32,Sunny,0,45
2026-08-21 20:42:20,Junction B,26,0.13,8,33.2,11.0,20:42,Sunny,0,37
2026-08-21 20:52:20,Junction E,33,0.165,14,33.4,23.3,20:52,Sunny,0,36
2026-08-21 21:02:20,Junction D,45,0.225,14,32.8,26.5,21:02,Sunny,0,39
2026-08-21 21:12:20,Junction D,36,0.18,10,31.4,15.3,21:12,Sunny,0,39
2026-08-21 21:22:20,Junction E,11,0.055,4,35.0,9.6,21:22,Cloudy,0,32
2026-08-21 21:32:20,Junction C,35,0.175,11,33.7,20.5,21:32,Sunny,0,38
2026-08-21 21:42:20,Junction E,34,0.17,10,26.7,20.2,21:42,Rainy,0,39
2026-08-21 21:52:20,Junction A,54,0.27,18,23.3,29.9,21:52,Rainy,0,45
2026-08-21 22:02:20,Junction D,16,0.08,6,37.3,9.6,22:02,Sunny,0,33
2026-08-21 22:12:20,Junction C,65,0.325,17,25.4,31.6,22:12,Sunny,0,46
2026-08-21 22:22:20,Junction A,29,0.145,8,34.6,14.7,22:22,Cloudy,0,36
2026-08-21 22:32:20,Junction B,20,0.1,5,34.8,6.6,22:32,Cloudy,0,30
2026-08-21 22:42:20,Junction D,60,0.3,23,27.2,37.5,22:42,Sunny,0,50
2026-08-21 22:52:20,Junction C,21,0.105,5,34.9,9.9,22:52,Sunny,0,33
2026-08-21 23:02:20,Junction A,78,0.39,28,23.3,47.5,23:02,Rainy,0,54
2026-08-21 23:12:20,Junction A,38,0.19,12,32.6,22.3,23:12,Cloudy,0,42
2026-08-21 23:22:20,Junction F,80,0.4,28,39.0,47.6,23:22,Rainy,0,58
2026-08-21 23:32:20,Junction A,47,0.235,15,29.7,23.5,23:32,Sunny,0,42
2026-08-21 23:42:20,Junction D,26,0.13,10,32.8,14.4,23:42,Sunny,0,33
2026-08-21 23:52:20,Junction C,38,0.19,7,30.0,10.5,23:52,Sunny,0,38
2026-08-22 00:02:20,Junction D,64,0.32,22,24.0,36.4,00:02,Rainy,0,52
2026-08-22 00:12:20,Junction B,5,0.025,1,36.7,5.0,00:12,Sunny,0,27
2026-08-22 00:22:20,Junction D,60,0.3,21,29.0,38.1,00:22,Sunny,0,48
2026-08-22 00:32:20,Junction B,31,0.155,11,35.3,19.4,00:32,Sunny,0,37
2026-08-22 00:42:20,Junction C,56,0.28,20,28.1,34.6,00:42,Sunny,0,50
2026-08-22 00:52:20,Junction C,44,0.22,9,30.9,19.6,00:52,Sunny,0,37
2026-08-22 01:02:20,Junction B,19,0.095,7,36.2,9.0,01:02,Sunny,0,32
2026-08-22 01:12:20,Junction D,50,0.25,18,23.8,28.4,01:12,Rainy,0,45
2026-08-22 01:22:20,Junction E,24,0.12,10,31.5,19.2,01:22,Sunny,0,34
2026-08-22 01:32:20,Junction D,24,0.12,7,32.4,13.7,01:32,Sunny,0,34
2026-08-22 01:42:20,Junction D,40,0.2,11,31.1,17.6,01:42,Sunny,0,38
2026-08-22 01:52:20,Junction B,38,0.19,10,32.8,15.6,01:52,Sunny,0,37
2026-08-22 02:02:20,Junction C,52,0.26,18,31.7,29.4,02:02,Cloudy,0,46
2026-08-22 02:12:20,Junction F,48,0.24,15,48.8,27.5,02:12,Sunny,0,40
2026-08-22 02:22:20,Junction E,5,0.025,1,30.3,5.0,02:22,Rainy,0,29
2026-08-22 02:32:20,Junction C,12,0.06,3,37.6,5.0,02:32,Sunny,0,27
2026-08-22 02:42:20,Junction B,14,0.07,3,34.3,5.0,02:42,Sunny,0,27
2026-08-22 02:52:20,Junction C,53,0.265,15,31.2,24.5,02:52,Sunny,0,44
2026-08-22 03:02:20,Junction C,24,0.12,5,36.1,11.3,03:02,Sunny,0,35
2026-08-22 03:12:20,Junction C,25,0.125,7,26.7,11.2,03:12,Rainy,0,36
2026-08-22 03:22:20,Junction B,15,0.075,3,29.4,7.9,03:22,Foggy,0,31
2026-08-22 03:32:20,Junction F,57,0.285,24,40.4,41.2,03:32,Rainy,0,50
2026-08-22 03:42:20,Junction D,28,0.14,9,34.9,15.3,03:42,Cloudy,0,35
2026-08-22 03:52:20,Junction C,46,0.23,19,32.2,30.3,03:52,Sunny,0,47
2026-08-22 04:02:20,Junction D,36,0.18,12,27.7,22.5,04:02,Rainy,0,37
2026-08-22 04:12:20,Junction C,33,0.165,14,26.9,21.5,04:12,Rainy,0,41
2026-08-22 04:22:20,Junction D,39,0.195,7,30.6,11.9,04:22,Cloudy,0,39
2026-08-22 04:32:20,Junction A,30,0.15,12,27.7,18.0,04:32,Rainy,0,37
2026-08-22 04:42:20,Junction F,25,0.125,10,52.3,13.9,04:42,Sunny,0,35
2026-08-22 04:52:20,Junction E,24,0.12,9,34.8,13.4,04:52,Cloudy,0,37
2026-08-22 05:02:20,Junction B,53,0.265,14,29.2,22.7,05:02,Sunny,0,46
2026-08-22 05:12:20,Junction F,70,0.35,15,45.6,28.7,05:12,Sunny,0,48
2026-08-22 05:22:20,Junction A,49,0.245,20,32.3,33.5,05:22,Cloudy,0,43
2026-08-22 05:32:20,Junction F,55,0.275,23,48.5,37.2,05:32,Sunny,0,48
2026-08-22 05:42:20,Junction C,48,0.24,20,27.4,35.2,05:42,Rainy,0,47
2026-08-22 05:52:20,Junction E,32,0.16,11,33.0,21.1,05:52,Sunny,0,40
2026-08-22 06:02:20,Junction E,25,0.125,5,35.9,7.1,06:02,Sunny,0,32
2026-08-22 06:12:20,Junction C,41,0.205,9,30.1,14.2,06:12,Sunny,0,37
2026-08-22 06:22:20,Junction F,61,0.305,14,50.2,27.1,06:22,Sunny,0,46
2026-08-22 06:32:20,Junction A,46,0.23,12,26.3,23.9,06:32,Foggy,0,39
2026-08-22 06:42:20,Junction A,34,0.17,15,34.2,25.8,06:42,Sunny,0,38
2026-08-22 06:52:20,Junction E,13,0.065,4,37.8,6.8,06:52,Sunny,0,31
2026-08-22 07:02:20,Junction C,29,0.145,10,32.3,17.9,07:02,Cloudy,0,38
2026-08-22 07:12:20,Junction A,49,0.245,19,26.4,34.7,07:12,Foggy,0,42
2026-08-22 07:22:20,Junction D,37,0.185,18,29.2,28.5,07:22,Rainy,0,39
2026-08-22 07:32:20,Junction B,21,0.105,5,36.0,7.8,07:32,Sunny,0,32
2026-08-22 07:42:20,Junction B,40,0.2,10,29.4,18.2,07:42,Sunny,0,37
2026-08-22 07:52:20,Junction C,31,0.155,8,26.3,12.3,07:52,Rainy,0,35
2026-08-22 08:02:20,Junction C,95,0.475,28,22.5,47.4,08:02,Cloudy,1,67
2026-08-22 08:12:20,Junction F,142,0.71,58,32.1,95.8,08:12,Rainy,1,90
2026-08-22 08:22:20,Junction A,90,0.45,20,23.0,34.0,08:22,Sunny,1,62
2026-08-22 08:32:20,Junction E,53,0.265,13,25.3,21.8,08:32,Foggy,1,53
2026-08-22 08:42:20,Junction E,64,0.32,16,23.8,28.2,08:42,Rainy,1,58
2026-08-22 08:52:20,Junction A,125,0.625,62,14.4,105.1,08:52,Rainy,1,90
2026-08-22 09:02:20,Junction C,118,0.59,34,17.7,58.7,09:02,Sunny,1,77
2026-08-22 09:12:20,Junction E,92,0.46,31,25.5,54.4,09:12,Cloudy,1,70
2026-08-22 09:22:20,Junction C,65,0.325,17,28.0,28.4,09:22,Sunny,1,58
2026-08-22 09:32:20,Junction A,143,0.715,46,13.7,81.1,09:32,Rainy,1,87
2026-08-22 09:42:20,Junction D,60,0.3,26,30.2,40.6,09:42,Cloudy,1,58
2026-08-22 09:52:20,Junction D,57,0.285,17,30.8,27.4,09:52,Sunny,1,54
2026-08-22 10:02:20,Junction A,153,0.765,54,12.3,94.3,10:02,Sunny,1,90
2026-08-22 10:12:20,Junction D,113,0.565,37,20.5,66.6,10:12,Cloudy,1,78
2026-08-22 10:22:20,Junction F,98,0.49,29,40.8,49.7,10:22,Sunny,1,69
2026-08-22 10:32:20,Junction D,101,0.505,39,23.3,66.6,10:32,Cloudy,1,80
2026-08-22 10:42:20,Junction A,105,0.525,42,22.8,73.3,10:42,Sunny,1,77
2026-08-22 10:52:20,Junction C,81,0.405,27,26.8,46.2,10:52,Sunny,1,66
2026-08-22 11:02:20,Junction F,72,0.36,20,38.8,36.5,11:02,Rainy,0,53
2026-08-22 11:12:20,Junction D,38,0.19,16,31.5,24.7,11:12,Sunny,0,42
2026-08-22 11:22:20,Junction A,87,0.435,28,26.3,48.9,11:22,Sunny,0,58
2026-08-22 11:32:20,Junction C,37,0.185,10,32.2,16.4,11:32,Sunny,0,39
2026-08-22 11:42:20,Junction F,80,0.4,32,46.7,55.9,11:42,Sunny,0,56
2026-08-22 11:52:20,Junction D,44,0.22,17,32.3,31.0,11:52,Sunny,0,42
2026-08-22 12:02:20,Junction F,52,0.26,22,50.4,35.9,12:02,Sunny,0,49
2026-08-22 12:12:20,Junction F,59,0.295,23,47.7,37.7,12:12,Sunny,0,49
2026-08-22 12:22:20,Junction D,14,0.07,5,36.7,5.8,12:22,Cloudy,0,33
2026-08-22 12:32:20,Junction E,44,0.22,12,31.5,20.4,12:32,Sunny,0,42
2026-08-22 12:42:20,Junction C,37,0.185,12,31.9,20.4,12:42,Sunny,0,36
2026-08-22 12:52:20,Junction F,81,0.405,19,44.4,33.1,12:52,Sunny,0,52
2026-08-22 13:02:20,Junction F,36,0.18,13,53.8,19.6,13:02,Sunny,0,37
2026-08-22 13:12:20,Junction D,63,0.315,15,27.0,26.1,13:12,Sunny,0,48
2026-08-22 13:22:20,Junction E,17,0.085,4,33.8,5.6,13:22,Sunny,0,28
2026-08-22 13:32:20,Junction B,17,0.085,8,28.1,11.4,13:32,Rainy,0,34
2026-08-22 13:42:20,Junction C,21,0.105,8,33.8,12.6,13:42,Sunny,0,34
2026-08-22 13:52:20,Junction C,38,0.19,18,24.9,30.8,13:52,Rainy,0,45
2026-08-22 14:02:20,Junction A,46,0.23,15,26.8,28.1,14:02,Rainy,0,42
2026-08-22 14:12:20,Junction E,14,0.07,6,30.8,7.8,14:12,Rainy,0,30
2026-08-22 14:22:20,Junction B,39,0.195,14,33.6,21.5,14:22,Sunny,0,40
2026-08-22 14:32:20,Junction D,42,0.21,13,25.3,20.3,14:32,Rainy,0,41
2026-08-22 14:42:20,Junction A,39,0.195,11,32.8,20.7,14:42,Sunny,0,39
2026-08-22 14:52:20,Junction E,19,0.095,7,29.2,10.8,14:52,Rainy,0,31
2026-08-22 15:02:20,Junction E,45,0.225,21,24.1,35.3,15:02,Rainy,0,47
2026-08-22 15:12:20,Junction F,24,0.12,6,46.8,8.5,15:12,Rainy,0,36
2026-08-22 15:22:20,Junction F,74,0.37,15,48.6,26.4,15:22,Cloudy,0,48
2026-08-22 15:32:20,Junction F,16,0.08,5,54.3,8.8,15:32,Sunny,0,29
2026-08-22 15:42:20,Junction E,38,0.19,14,30.0,24.9,15:42,Sunny,0,41
2026-08-22 15:52:20,Junction F,51,0.255,11,47.5,18.5,15:52,Sunny,0,42
2026-08-22 16:02:20,Junction C,16,0.08,6,34.8,12.0,16:02,Sunny,0,34
2026-08-22 16:12:20,Junction C,34,0.17,13,26.8,22.4,16:12,Foggy,0,36
2026-08-22 16:22:20,Junction E,33,0.165,14,33.4,22.5,16:22,Sunny,0,41
2026-08-22 16:32:20,Junction B,42,0.21,10,28.9,18.0,16:32,Sunny,0,40
2026-08-22 16:42:20,Junction F,46,0.23,14,44.6,25.7,16:42,Foggy,0,40
2026-08-22 16:52:20,Junction F,64,0.32,13,49.0,22.2,16:52,Sunny,0,46
2026-08-22 17:02:20,Junction A,87,0.435,30,24.9,51.7,17:02,Sunny,1,71
2026-08-22 17:12:20,Junction C,142,0.71,63,13.6,106.4,17:12,Rainy,1,90
2026-08-22 17:22:20,Junction E,65,0.325,27,24.2,43.3,17:22,Rainy,1,63
2026-08-22 17:32:20,Junction E,56,0.28,16,29.2,29.4,17:32,Sunny,1,54
2026-08-22 17:42:20,Junction D,76,0.38,26,26.1,43.6,17:42,Sunny,1,66
2026-08-22 17:52:20,Junction A,170,0.85,69,11.0,114.4,17:52,Foggy,1,90
2026-08-22 18:02:20,Junction C,105,0.525,32,19.4,54.2,18:02,Sunny,1,76
2026-08-22 18:12:20,Junction E,53,0.265,20,28.0,32.4,18:12,Sunny,1,55
2026-08-22 18:22:20,Junction B,83,0.415,44,20.6,73.7,18:22,Rainy,1,76
2026-08-22 18:32:20,Junction D,86,0.43,32,26.0,53.5,18:32,Sunny,1,67
2026-08-22 18:42:20,Junction A,95,0.475,41,22.1,69.0,18:42,Sunny,1,76
2026-08-22 18:52:20,Junction C,92,0.46,37,26.0,60.3,18:52,Sunny,1,74
2026-08-22 19:02:20,Junction D,109,0.545,23,23.3,42.0,19:02,Sunny,1,72
2026-08-22 19:12:20,Junction B,82,0.41,19,24.3,36.5,19:12,Sunny,1,61
2026-08-22 19:22:20,Junction A,140,0.7,32,16.8,59.6,19:22,Sunny,1,82
2026-08-22 19:32:20,Junction D,91,0.455,28,24.7,46.7,19:32,Cloudy,1,68
2026-08-22 19:42:20,Junction C,105,0.525,33,22.1,54.5,19:42,Sunny,1,75
2026-08-22 19:52:20,Junction F,115,0.575,36,38.2,59.9,19:52,Sunny,1,76
2026-08-22 20:02:20,Junction A,76,0.38,25,27.6,44.2,20:02,Sunny,0,56
2026-08-22 20:12:20,Junction B,33,0.165,6,34.8,11.2,20:12,Cloudy,0,33
2026-08-22 20:22:20,Junction A,71,0.355,36,21.1,58.6,20:22,Rainy,0,59
2026-08-22 20:32:20,Junction E,33,0.165,13,30.5,20.8,20:32,Sunny,0,40
2026-08-22 20:42:20,Junction D,45,0.225,14,28.9,21.7,20:42,Cloudy,0,42
2026-08-22 20:52:20,Junction E,30,0.15,10,27.1,17.3,20:52,Rainy,0,33
2026-08-22 21:02:20,Junction B,54,0.27,22,24.1,39.1,21:02,Rainy,0,48
2026-08-22 21:12:20,Junction A,63,0.315,27,24.5,45.2,21:12,Rainy,0,54
2026-08-22 21:22:20,Junction D,23,0.115,9,36.5,14.9,21:22,Sunny,0,33
2026-08-22 21:32:20,Junction E,5,0.025,2,33.0,5.0,21:32,Rainy,0,29
2026-08-22 21:42:20,Junction D,50,0.25,11,32.1,20.0,21:42,Sunny,0,41
2026-08-22 21:52:20,Junction B,29,0.145,5,32.3,10.9,21:52,Sunny,0,33
2026-08-22 22:02:20,Junction B,17,0.085,7,33.0,13.3,22:02,Sunny,0,30
2026-08-22 22:12:20,Junction A,82,0.41,33,24.0,52.8,22:12,Cloudy,0,59
2026-08-22 22:22:20,Junction F,79,0.395,29,45.6,51.7,22:22,Cloudy,0,55
2026-08-22 22:32:20,Junction E,17,0.085,3,34.6,7.6,22:32,Sunny,0,32
2026-08-22 22:42:20,Junction A,66,0.33,19,21.4,32.3,22:42,Rainy,0,48
2026-08-22 22:52:20,Junction C,20,0.1,8,34.6,11.4,22:52,Sunny,0,34
2026-08-22 23:02:20,Junction E,5,0.025,1,38.1,5.0,23:02,Sunny,0,24
2026-08-22 23:12:20,Junction E,31,0.155,13,32.1,23.3,23:12,Sunny,0,37
2026-08-22 23:22:20,Junction E,15,0.075,3,37.5,5.0,23:22,Sunny,0,27
2026-08-22 23:32:20,Junction F,52,0.26,16,50.5,27.8,23:32,Sunny,0,46
2026-08-22 23:42:20,Junction A,84,0.42,33,27.2,53.2,23:42,Sunny,0,61
2026-08-22 23:52:20,Junction F,65,0.325,16,39.7,31.3,23:52,Rainy,0,49
2026-08-23 00:02:20,Junction C,49,0.245,12,29.9,23.2,00:02,Sunny,0,42
2026-08-23 00:12:20,Junction E,9,0.045,2,34.4,5.0,00:12,Sunny,0,30
2026-08-23 00:22:20,Junction D,60,0.3,24,25.1,40.9,00:22,Rainy,0,48
2026-08-23 00:32:20,Junction A,45,0.225,15,29.1,24.5,00:32,Sunny,0,40
2026-08-23 00:42:20,Junction F,79,0.395,16,36.7,29.8,00:42,Foggy,0,52
2026-08-23 00:52:20,Junction D,42,0.21,9,27.6,14.6,00:52,Rainy,0,36
2026-08-23 01:02:20,Junction B,8,0.04,1,35.2,5.0,01:02,Sunny,0,28
2026-08-23 01:12:20,Junction E,6,0.03,2,37.2,5.0,01:12,Sunny,0,30
2026-08-23 01:22:20,Junction F,50,0.25,18,49.2,28.8,01:22,Cloudy,0,46
2026-08-23 01:32:20,Junction B,27,0.135,10,35.7,19.6,01:32,Sunny,0,34
2026-08-23 01:42:20,Junction A,35,0.175,14,31.4,20.9,01:42,Cloudy,0,40
2026-08-23 01:52:20,Junction A,66,0.33,23,29.2,40.3,01:52,Sunny,0,53
2026-08-23 02:02:20,Junction F,33,0.165,11,51.7,20.4,02:02,Sunny,0,35
2026-08-23 02:12:20,Junction A,72,0.36,23,26.2,42.5,02:12,Sunny,0,55
2026-08-23 02:22:20,Junction F,44,0.22,17,53.4,28.0,02:22,Sunny,0,44
2026-08-23 02:32:20,Junction C,53,0.265,21,27.7,35.8,02:32,Sunny,0,49
2026-08-23 02:42:20,Junction A,81,0.405,31,20.7,53.4,02:42,Rainy,0,57
2026-08-23 02:52:20,Junction A,45,0.225,17,31.8,26.8,02:52,Sunny,0,41
2026-08-23 03:02:20,Junction A,55,0.275,21,27.0,35.5,03:02,Sunny,0,45
2026-08-23 03:12:20,Junction C,58,0.29,20,30.9,32.9,03:12,Cloudy,0,48
2026-08-23 03:22:20,Junction D,48,0.24,20,32.1,36.1,03:22,Sunny,0,43
2026-08-23 03:32:20,Junction F,53,0.265,18,50.7,28.4,03:32,Cloudy,0,44
2026-08-23 03:42:20,Junction C,19,0.095,5,36.6,7.2,03:42,Sunny,0,32
2026-08-23 03:52:20,Junction F,60,0.3,14,47.4,23.4,03:52,Sunny,0,47
2026-08-23 04:02:20,Junction F,31,0.155,11,51.8,16.3,04:02,Cloudy,0,36
2026-08-23 04:12:20,Junction B,6,0.03,1,35.0,5.0,04:12,Sunny,0,25
2026-08-23 04:22:20,Junction B,29,0.145,9,29.9,13.7,04:22,Rainy,0,35
2026-08-23 04:32:20,Junction E,23,0.115,5,34.9,7.5,04:32,Sunny,0,30
2026-08-23 04:42:20,Junction A,57,0.285,24,28.1,41.0,04:42,Sunny,0,51
2026-08-23 04:52:20,Junction C,21,0.105,5,35.5,11.1,04:52,Sunny,0,29
2026-08-23 05:02:20,Junction C,43,0.215,12,29.1,20.5,05:02,Sunny,0,39
2026-08-23 05:12:20,Junction E,47,0.235,20,29.8,31.4,05:12,Sunny,0,43
2026-08-23 05:22:20,Junction C,56,0.28,13,27.0,24.4,05:22,Cloudy,0,43
2026-08-23 05:32:20,Junction B,27,0.135,10,31.4,15.3,05:32,Sunny,0,34
2026-08-23 05:42:20,Junction F,46,0.23,15,50.9,25.3,05:42,Sunny,0,44
2026-08-23 05:52:20,Junction F,56,0.28,21,46.7,38.3,05:52,Cloudy,0,46
2026-08-23 06:02:20,Junction E,33,0.165,12,32.0,20.0,06:02,Sunny,0,39
2026-08-23 06:12:20,Junction A,91,0.455,32,22.3,52.6,06:12,Sunny,0,58
2026-08-23 06:22:20,Junction E,12,0.06,3,33.7,5.1,06:22,Sunny,0,31
2026-08-23 06:32:20,Junction B,50,0.25,22,24.5,36.7,06:32,Rainy,0,45
2026-08-23 06:42:20,Junction B,14,0.07,5,37.7,7.3,06:42,Sunny,0,28
2026-08-23 06:52:20,Junction D,27,0.135,7,34.0,11.0,06:52,Sunny,0,34
2026-08-23 07:02:20,Junction B,38,0.19,12,26.3,20.7,07:02,Foggy,0,40
2026-08-23 07:12:20,Junction F,62,0.31,21,40.3,38.9,07:12,Rainy,0,46
2026-08-23 07:22:20,Junction C,26,0.13,8,34.0,12.9,07:22,Sunny,0,35
2026-08-23 07:32:20,Junction D,81,0.405,34,19.9,56.4,07:32,Rainy,0,62
2026-08-23 07:42:20,Junction E,47,0.235,14,30.9,22.2,07:42,Sunny,0,43
2026-08-23 07:52:20,Junction E,5,0.025,1,29.9,5.0,07:52,Rainy,0,24
2026-08-23 08:02:20,Junction C,90,0.45,32,22.9,51.9,08:02,Sunny,1,70
2026-08-23 08:12:20,Junction B,65,0.325,33,25.3,53.3,08:12,Rainy,1,68
2026-08-23 08:22:20,Junction F,115,0.575,37,40.2,62.3,08:22,Cloudy,1,81
2026-08-23 08:32:20,Junction F,108,0.54,47,36.9,76.5,08:32,Foggy,1,81
2026-08-23 08:42:20,Junction B,52,0.26,22,27.5,36.3,08:42,Sunny,1,56
2026-08-23 08:52:20,Junction A,109,0.545,26,21.1,44.4,08:52,Sunny,1,72
2026-08-23 09:02:20,Junction B,81,0.405,19,27.4,34.0,09:02,Sunny,1,62
2026-08-23 09:12:20,Junction E,40,0.2,17,29.0,26.7,09:12,Sunny,1,53
2026-08-23 09:22:20,Junction E,39,0.195,13,33.4,21.8,09:22,Sunny,1,52
2026-08-23 09:32:20,Junction E,77,0.385,34,25.8,57.5,09:32,Sunny,1,67
2026-08-23 09:42:20,Junction A,114,0.57,32,22.7,58.9,09:42,Sunny,1,75
2026-08-23 09:52:20,Junction E,80,0.4,30,23.5,50.4,09:52,Sunny,1,69
2026-08-23 10:02:20,Junction E,45,0.225,12,30.1,23.0,10:02,Cloudy,1,50
2026-08-23 10:12:20,Junction D,51,0.255,16,29.0,25.1,10:12,Sunny,1,56
2026-08-23 10:22:20,Junction F,108,0.54,23,36.0,40.3,10:22,Foggy,1,69
2026-08-23 10:32:20,Junction D,108,0.54,33,22.4,59.4,10:32,Sunny,1,73
2026-08-23 10:42:20,Junction E,78,0.39,25,24.4,42.6,10:42,Sunny,1,67
2026-08-23 10:52:20,Junction B,56,0.28,20,25.8,36.2,10:52,Rainy,1,55
2026-08-23 11:02:20,Junction B,28,0.14,8,27.4,15.5,11:02,Foggy,0,35
2026-08-23 11:12:20,Junction A,68,0.34,20,27.5,32.4,11:12,Sunny,0,50
2026-08-23 11:22:20,Junction E,39,0.195,19,27.9,28.5,11:22,Rainy,0,40
2026-08-23 11:32:20,Junction E,26,0.13,7,34.3,13.8,11:32,Sunny,0,32
2026-08-23 11:42:20,Junction C,50,0.25,17,31.6,30.1,11:42,Cloudy,0,43
2026-08-23 11:52:20,Junction E,18,0.09,5,32.6,10.4,11:52,Sunny,0,33
2026-08-23 12:02:20,Junction C,35,0.175,11,34.4,20.9,12:02,Sunny,0,38
2026-08-23 12:12:20,Junction C,68,0.34,24,22.9,40.0,12:12,Rainy,0,49
2026-08-23 12:22:20,Junction F,35,0.175,7,50.8,11.8,12:22,Sunny,0,37
2026-08-23 12:32:20,Junction D,65,0.325,30,22.9,47.9,12:32,Rainy,0,51
2026-08-23 12:42:20,Junction C,58,0.29,20,26.9,34.1,12:42,Sunny,0,50
2026-08-23 12:52:20,Junction A,73,0.365,16,27.9,30.7,12:52,Sunny,0,49
2026-08-23 13:02:20,Junction E,41,0.205,14,32.8,21.7,13:02,Sunny,0,41
2026-08-23 13:12:20,Junction D,50,0.25,12,30.5,21.1,13:12,Sunny,0,41
2026-08-23 13:22:20,Junction C,41,0.205,16,31.0,29.5,13:22,Sunny,0,43
2026-08-23 13:32:20,Junction E,19,0.095,4,32.3,7.5,13:32,Sunny,0,30
2026-08-23 13:42:20,Junction F,58,0.29,17,48.2,26.9,13:42,Sunny,0,47
2026-08-23 13:52:20,Junction B,15,0.075,7,29.3,14.5,13:52,Rainy,0,30
2026-08-23 14:02:20,Junction C,30,0.15,12,32.9,18.5,14:02,Sunny,0,35
2026-08-23 14:12:20,Junction E,9,0.045,2,33.8,5.4,14:12,Sunny,0,25
2026-08-23 14:22:20,Junction B,28,0.14,9,26.3,12.7,14:22,Rainy,0,37
2026-08-23 14:32:20,Junction A,51,0.255,19,30.2,30.6,14:32,Cloudy,0,48
2026-08-23 14:42:20,Junction B,31,0.155,13,31.6,23.2,14:42,Sunny,0,36
2026-08-23 14:52:20,Junction F,45,0.225,15,42.3,22.9,14:52,Rainy,0,39
2026-08-23 15:02:20,Junction E,56,0.28,22,30.8,34.8,15:02,Sunny,0,49
2026-08-23 15:12:20,Junction B,14,0.07,6,33.6,8.3,15:12,Sunny,0,29
2026-08-23 15:22:20,Junction D,50,0.25,18,24.3,31.0,15:22,Foggy,0,46
2026-08-23 15:32:20,Junction D,29,0.145,9,31.8,15.9,15:32,Cloudy,0,37
2026-08-23 15:42:20,Junction A,76,0.38,16,25.9,28.2,15:42,Cloudy,0,47
2026-08-23 15:52:20,Junction D,37,0.185,12,28.9,23.5,15:52,Rainy,0,38
2026-08-23 16:02:20,Junction E,6,0.03,1,37.3,5.0,16:02,Sunny,0,27
2026-08-23 16:12:20,Junction E,46,0.23,19,32.3,30.2,16:12,Sunny,0,46
2026-08-23 16:22:20,Junction C,51,0.255,20,31.0,34.0,16:22,Sunny,0,47
2026-08-23 16:32:20,Junction B,59,0.295,20,26.2,32.5,16:32,Rainy,0,49
2026-08-23 16:42:20,Junction E,28,0.14,10,32.9,14.2,16:42,Sunny,0,36
2026-08-23 16:52:20,Junction B,45,0.225,16,27.9,25.4,16:52,Rainy,0,43
2026-08-23 17:02:20,Junction C,96,0.48,20,24.2,34.5,17:02,Cloudy,1,66
2026-08-23 17:12:20,Junction F,139,0.695,30,31.2,55.7,17:12,Foggy,1,81
2026-08-23 17:22:20,Junction D,89,0.445,23,24.8,38.5,17:22,Sunny,1,66
2026-08-23 17:32:20,Junction B,70,0.35,18,27.2,30.9,17:32,Sunny,1,57
2026-08-23 17:42:20,Junction B,61,0.305,13,26.3,25.2,17:42,Sunny,1,52
2026-08-23 17:52:20,Junction D,75,0.375,24,23.0,42.0,17:52,Foggy,1,62
2026-08-23 18:02:20,Junction F,117,0.585,32,38.8,55.6,18:02,Cloudy,1,77
2026-08-23 18:12:20,Junction B,47,0.235,16,32.8,24.6,18:12,Sunny,1,55
2026-08-23 18:22:20,Junction C,118,0.59,44,17.3,75.3,18:22,Rainy,1,85
2026-08-23 18:32:20,Junction B,67,0.335,16,21.4,27.8,18:32,Rainy,1,59
2026-08-23 18:42:20,Junction E,46,0.23,18,32.1,32.3,18:42,Sunny,1,55
2026-08-23 18:52:20,Junction F,135,0.675,36,39.6,61.3,18:52,Sunny,1,83
2026-08-23 19:02:20,Junction F,153,0.765,70,27.6,116.4,19:02,Rainy,1,90
2026-08-23 19:12:20,Junction B,60,0.3,18,30.5,31.4,19:12,Sunny,1,58
2026-08-23 19:22:20,Junction E,59,0.295,14,27.0,25.6,19:22,Sunny,1,55
2026-08-23 19:32:20,Junction E,41,0.205,12,31.6,18.6,19:32,Sunny,1,50
2026-08-23 19:42:20,Junction B,69,0.345,14,29.1,25.8,19:42,Sunny,1,57
2026-08-23 19:52:20,Junction A,108,0.54,45,21.5,77.7,19:52,Sunny,1,80
2026-08-23 20:02:20,Junction B,37,0.185,7,29.7,15.3,20:02,Sunny,0,34
2026-08-23 20:12:20,Junction D,35,0.175,15,31.6,22.5,20:12,Sunny,0,38
2026-08-23 20:22:20,Junction E,26,0.13,8,27.2,15.3,20:22,Rainy,0,34
2026-08-23 20:32:20,Junction A,29,0.145,8,26.8,13.2,20:32,Rainy,0,37
2026-08-23 20:42:20,Junction D,45,0.225,11,32.3,18.0,20:42,Sunny,0,42
2026-08-23 20:52:20,Junction C,42,0.21,10,29.7,19.9,20:52,Sunny,0,37
2026-08-23 21:02:20,Junction B,38,0.19,12,29.7,23.3,21:02,Sunny,0,41
2026-08-23 21:12:20,Junction B,28,0.14,7,31.7,11.7,21:12,Sunny,0,32
2026-08-23 21:22:20,Junction C,51,0.255,21,29.3,35.9,21:22,Sunny,0,49
2026-08-23 21:32:20,Junction C,18,0.09,7,34.9,14.6,21:32,Sunny,0,34
2026-08-23 21:42:20,Junction B,17,0.085,8,30.3,15.7,21:42,Rainy,0,30
2026-08-23 21:52:20,Junction A,87,0.435,25,22.3,43.4,21:52,Sunny,0,57
2026-08-23 22:02:20,Junction C,20,0.1,6,31.0,13.5,22:02,Rainy,0,33
2026-08-23 22:12:20,Junction A,54,0.27,18,28.4,28.9,22:12,Sunny,0,44
2026-08-23 22:22:20,Junction B,21,0.105,6,36.0,12.3,22:22,Sunny,0,31
2026-08-23 22:32:20,Junction C,54,0.27,21,28.8,35.0,22:32,Cloudy,0,48
2026-08-23 22:42:20,Junction B,40,0.2,14,29.4,21.2,22:42,Sunny,0,38
2026-08-23 22:52:20,Junction D,62,0.31,25,28.6,44.2,22:52,Sunny,0,51
2026-08-23 23:02:20,Junction A,42,0.21,9,29.5,14.6,23:02,Sunny,0,38
2026-08-23 23:12:20,Junction C,43,0.215,16,31.6,26.7,23:12,Sunny,0,44
2026-08-23 23:22:20,Junction E,19,0.095,7,32.9,11.3,23:22,Sunny,0,32
2026-08-23 23:32:20,Junction A,71,0.355,16,24.8,31.2,23:32,Cloudy,0,49
2026-08-23 23:42:20,Junction C,37,0.185,9,28.7,18.5,23:42,Rainy,0,40
2026-08-23 23:52:20,Junction B,37,0.185,8,31.3,13.8,23:52,Cloudy,0,38
2026-08-24 00:02:20,Junction E,25,0.125,10,30.2,19.2,00:02,Rainy,0,33
2026-08-24 00:12:20,Junction F,75,0.375,23,44.1,40.9,00:12,Cloudy,0,51
2026-08-24 00:22:20,Junction A,29,0.145,7,33.9,10.2,00:22,Sunny,0,35
2026-08-24 00:32:20,Junction E,31,0.155,7,33.1,10.1,00:32,Sunny,0,34
2026-08-24 00:42:20,Junction F,66,0.33,28,49.1,46.6,00:42,Sunny,0,55
2026-08-24 00:52:20,Junction A,43,0.215,16,30.9,30.1,00:52,Cloudy,0,44
2026-08-24 01:02:20,Junction E,33,0.165,10,25.7,15.5,01:02,Rainy,0,39
2026-08-24 01:12:20,Junction D,31,0.155,8,33.7,17.0,01:12,Sunny,0,34
2026-08-24 01:22:20,Junction E,44,0.22,10,24.4,21.0,01:22,Rainy,0,38
2026-08-24 01:32:20,Junction F,66,0.33,18,46.0,30.0,01:32,Sunny,0,50
2026-08-24 01:42:20,Junction E,51,0.255,22,26.8,37.1,01:42,Rainy,0,44
2026-08-24 01:52:20,Junction A,68,0.34,24,29.8,44.0,01:52,Cloudy,0,51
2026-08-24 02:02:20,Junction E,20,0.1,7,32.6,12.6,02:02,Sunny,0,33
2026-08-24 02:12:20,Junction E,5,0.025,1,38.9,5.0,02:12,Cloudy,0,26
2026-08-24 02:22:20,Junction B,14,0.07,3,34.1,5.1,02:22,Cloudy,0,27
2026-08-24 02:32:20,Junction C,27,0.135,11,35.1,17.1,02:32,Sunny,0,33
2026-08-24 02:42:20,Junction F,23,0.115,8,46.7,11.6,02:42,Rainy,0,34
2026-08-24 02:52:20,Junction C,34,0.17,14,30.3,26.2,02:52,Cloudy,0,37
2026-08-24 03:02:20,Junction D,34,0.17,9,26.9,15.0,03:02,Foggy,0,36
2026-08-24 03:12:20,Junction A,55,0.275,15,29.8,25.4,03:12,Sunny,0,46
2026-08-24 03:22:20,Junction B,19,0.095,5,28.9,9.3,03:22,Foggy,0,30
2026-08-24 03:32:20,Junction D,42,0.21,16,29.6,24.4,03:32,Cloudy,0,45
2026-08-24 03:42:20,Junction C,58,0.29,14,29.3,22.9,03:42,Sunny,0,42
2026-08-24 03:52:20,Junction A,30,0.15,9,35.3,14.6,03:52,Sunny,0,33
2026-08-24 04:02:20,Junction B,59,0.295,17,29.0,31.1,04:02,Sunny,0,49
2026-08-24 04:12:20,Junction C,42,0.21,15,28.2,28.2,04:12,Foggy,0,42
2026-08-24 04:22:20,Junction D,51,0.255,11,28.9,22.4,04:22,Sunny,0,39
2026-08-24 04:32:20,Junction A,71,0.355,22,26.6,38.8,04:32,Sunny,0,51
2026-08-24 04:42:20,Junction E,26,0.13,9,34.7,16.9,04:42,Cloudy,0,37
2026-08-24 04:52:20,Junction F,70,0.35,29,47.4,46.5,04:52,Sunny,0,53
2026-08-24 05:02:20,Junction F,44,0.22,12,51.1,18.4,05:02,Cloudy,0,41
2026-08-24 05:12:20,Junction A,75,0.375,26,25.6,44.2,05:12,Sunny,0,55
2026-08-24 05:22:20,Junction F,56,0.28,18,47.0,30.4,05:22,Sunny,0,47
2026-08-24 05:32:20,Junction D,51,0.255,12,30.7,19.8,05:32,Sunny,0,44
2026-08-24 05:42:20,Junction A,78,0.39,34,23.5,54.4,05:42,Cloudy,0,56
2026-08-24 05:52:20,Junction C,40,0.2,15,31.6,26.9,05:52,Sunny,0,40
2026-08-24 06:02:20,Junction D,39,0.195,15,30.5,24.2,06:02,Sunny,0,39
2026-08-24 06:12:20,Junction C,47,0.235,21,23.8,33.0,06:12,Rainy,0,47
2026-08-24 06:22:20,Junction A,73,0.365,16,25.8,31.5,06:22,Sunny,0,46
2026-08-24 06:32:20,Junction C,30,0.15,11,30.6,20.9,06:32,Sunny,0,38
2026-08-24 06:42:20,Junction F,44,0.22,14,49.4,21.9,06:42,Sunny,0,43
2026-08-24 06:52:20,Junction C,42,0.21,18,30.3,30.2,06:52,Sunny,0,45
2026-08-24 07:02:20,Junction F,67,0.335,19,49.1,33.0,07:02,Cloudy,0,50
2026-08-24 07:12:20,Junction E,23,0.115,7,35.4,10.9,07:12,Sunny,0,31
2026-08-24 07:22:20,Junction C,38,0.19,9,34.0,13.9,07:22,Cloudy,0,36
2026-08-24 07:32:20,Junction F,59,0.295,12,50.7,20.3,07:32,Sunny,0,45
2026-08-24 07:42:20,Junction F,39,0.195,9,41.9,16.4,07:42,Rainy,0,36
2026-08-24 07:52:20,Junction F,46,0.23,13,52.4,20.7,07:52,Cloudy,0,44
2026-08-24 08:02:20,Junction A,115,0.575,27,21.5,46.6,08:02,Sunny,1,72
2026-08-24 08:12:20,Junction B,88,0.44,44,21.0,73.9,08:12,Rainy,1,78
2026-08-24 08:22:20,Junction C,94,0.47,35,22.5,60.2,08:22,Sunny,1,74
2026-08-24 08:32:20,Junction B,85,0.425,45,21.7,73.6,08:32,Rainy,1,78
2026-08-24 08:42:20,Junction E,66,0.33,18,25.9,34.5,08:42,Sunny,1,57
2026-08-24 08:52:20,Junction A,98,0.49,43,21.7,74.8,08:52,Sunny,1,80
2026-08-24 09:02:20,Junction E,88,0.44,28,26.7,49.3,09:02,Sunny,1,70
2026-08-24 09:12:20,Junction E,69,0.345,25,22.8,41.1,09:12,Rainy,1,62
2026-08-24 09:22:20,Junction F,111,0.555,25,38.9,44.2,09:22,Sunny,1,70
2026-08-24 09:32:20,Junction A,92,0.46,39,23.6,68.0,09:32,Sunny,1,73
2026-08-24 09:42:20,Junction C,57,0.285,19,22.8,31.6,09:42,Foggy,1,58
2026-08-24 09:52:20,Junction E,69,0.345,27,25.2,48.6,09:52,Sunny,1,63
2026-08-24 10:02:20,Junction C,80,0.4,26,25.0,43.8,10:02,Sunny,1,65
2026-08-24 10:12:20,Junction B,54,0.27,14,25.6,23.4,10:12,Foggy,1,51
2026-08-24 10:22:20,Junction B,77,0.385,15,27.5,31.0,10:22,Sunny,1,59
2026-08-24 10:32:20,Junction E,54,0.27,14,29.9,24.4,10:32,Sunny,1,52
2026-08-24 10:42:20,Junction C,122,0.61,34,16.8,57.4,10:42,Sunny,1,78
2026-08-24 10:52:20,Junction E,29,0.145,11,34.2,17.2,10:52,Cloudy,1,47
2026-08-24 11:02:20,Junction C,38,0.19,13,30.3,24.3,11:02,Sunny,0,40
2026-08-24 11:12:20,Junction D,46,0.23,18,28.4,32.7,11:12,Sunny,0,41
2026-08-24 11:22:20,Junction A,21,0.105,9,31.1,15.4,11:22,Rainy,0,36
2026-08-24 11:32:20,Junction B,51,0.255,22,24.7,38.6,11:32,Foggy,0,46
2026-08-24 11:42:20,Junction E,23,0.115,9,29.3,13.9,11:42,Rainy,0,34
2026-08-24 11:52:20,Junction D,15,0.075,4,34.1,9.1,11:52,Sunny,0,29
2026-08-24 12:02:20,Junction F,84,0.42,29,42.7,51.2,12:02,Sunny,0,56
2026-08-24 12:12:20,Junction B,5,0.025,1,37.2,5.0,12:12,Cloudy,0,28
2026-08-24 12:22:20,Junction C,56,0.28,17,23.9,29.9,12:22,Foggy,0,48
2026-08-24 12:32:20,Junction B,26,0.13,7,32.4,10.8,12:32,Sunny,0,36
2026-08-24 12:42:20,Junction B,54,0.27,21,27.7,35.4,12:42,Sunny,0,50
2026-08-24 12:52:20,Junction C,38,0.19,14,29.6,22.7,12:52,Sunny,0,37
2026-08-24 13:02:20,Junction F,52,0.26,25,41.1,39.9,13:02,Rainy,0,47
2026-08-24 13:12:20,Junction D,66,0.33,21,29.0,38.1,13:12,Sunny,0,53
2026-08-24 13:22:20,Junction D,38,0.19,9,30.3,14.6,13:22,Sunny,0,35
2026-08-24 13:32:20,Junction A,84,0.42,32,25.1,54.9,13:32,Sunny,0,58
2026-08-24 13:42:20,Junction E,28,0.14,6,35.4,10.1,13:42,Sunny,0,32
2026-08-24 13:52:20,Junction C,42,0.21,12,28.3,19.1,13:52,Foggy,0,41
2026-08-24 14:02:20,Junction B,7,0.035,2,38.3,5.1,14:02,Sunny,0,29
2026-08-24 14:12:20,Junction F,62,0.31,22,46.6,37.3,14:12,Sunny,0,50
2026-08-24 14:22:20,Junction B,37,0.185,7,30.8,12.1,14:22,Sunny,0,38
2026-08-24 14:32:20,Junction D,33,0.165,11,33.5,21.4,14:32,Cloudy,0,37
2026-08-24 14:42:20,Junction B,44,0.22,12,27.5,20.9,14:42,Foggy,0,43
2026-08-24 14:52:20,Junction E,37,0.185,15,32.6,27.0,14:52,Sunny,0,41
2026-08-24 15:02:20,Junction D,56,0.28,24,27.4,37.8,15:02,Sunny,0,51
2026-08-24 15:12:20,Junction D,41,0.205,12,32.5,19.6,15:12,Sunny,0,42
2026-08-24 15:22:20,Junction D,61,0.305,16,28.9,25.9,15:22,Cloudy,0,49
2026-08-24 15:32:20,Junction C,34,0.17,13,32.4,24.5,15:32,Cloudy,0,36
2026-08-24 15:42:20,Junction D,53,0.265,18,27.5,31.5,15:42,Sunny,0,47
2026-08-24 15:52:20,Junction D,20,0.1,6,30.9,10.4,15:52,Rainy,0,29
2026-08-24 16:02:20,Junction D,52,0.26,13,31.8,20.4,16:02,Sunny,0,41
2026-08-24 16:12:20,Junction B,15,0.075,5,37.0,9.1,16:12,Sunny,0,31
2026-08-24 16:22:20,Junction B,52,0.26,26,24.3,39.9,16:22,Rainy,0,46
2026-08-24 16:32:20,Junction C,73,0.365,29,28.3,51.4,16:32,Sunny,0,55
2026-08-24 16:42:20,Junction C,39,0.195,12,30.0,21.6,16:42,Sunny,0,38
2026-08-24 16:52:20,Junction D,27,0.135,11,32.3,18.2,16:52,Sunny,0,38
2026-08-24 17:02:20,Junction F,104,0.52,26,35.2,44.9,17:02,Rainy,1,73
2026-08-24 17:12:20,Junction A,124,0.62,51,20.2,85.4,17:12,Sunny,1,87
2026-08-24 17:22:20,Junction E,76,0.38,29,25.3,50.6,17:22,Sunny,1,66
2026-08-24 17:32:20,Junction D,68,0.34,27,23.5,44.1,17:32,Rainy,1,60
2026-08-24 17:42:20,Junction C,84,0.42,26,23.5,44.0,17:42,Sunny,1,66
2026-08-24 17:52:20,Junction F,118,0.59,27,38.8,49.9,17:52,Sunny,1,73
2026-08-24 18:02:20,Junction C,107,0.535,40,19.1,69.7,18:02,Sunny,1,76
2026-08-24 18:12:20,Junction B,69,0.345,21,25.9,38.1,18:12,Sunny,1,62
2026-08-24 18:22:20,Junction E,74,0.37,36,22.9,58.2,18:22,Rainy,1,66
2026-08-24 18:32:20,Junction A,112,0.56,28,16.0,49.7,18:32,Rainy,1,75
2026-08-24 18:42:20,Junction F,114,0.57,52,34.2,86.1,18:42,Rainy,1,87
2026-08-24 18:52:20,Junction E,58,0.29,28,23.2,46.6,18:52,Rainy,1,61
2026-08-24 19:02:20,Junction C,102,0.51,21,21.9,37.8,19:02,Sunny,1,66
2026-08-24 19:12:20,Junction C,98,0.49,21,20.7,41.6,19:12,Cloudy,1,67
2026-08-24 19:22:20,Junction F,95,0.475,42,45.3,71.9,19:22,Sunny,1,77
2026-08-24 19:32:20,Junction B,57,0.285,25,24.8,39.7,19:32,Foggy,1,58
2026-08-24 19:42:20,Junction A,88,0.44,34,24.4,55.6,19:42,Sunny,1,70
2026-08-24 19:52:20,Junction C,104,0.52,33,19.8,56.6,19:52,Sunny,1,72
2026-08-24 20:02:20,Junction C,40,0.2,10,33.9,19.9,20:02,Sunny,0,40
2026-08-24 20:12:20,Junction F,62,0.31,16,49.8,29.5,20:12,Sunny,0,48
2026-08-24 20:22:20,Junction B,26,0.13,10,32.2,19.1,20:22,Sunny,0,34
2026-08-24 20:32:20,Junction C,41,0.205,8,29.3,17.1,20:32,Sunny,0,40
2026-08-24 20:42:20,Junction F,55,0.275,13,49.3,23.8,20:42,Cloudy,0,45
2026-08-24 20:52:20,Junction F,54,0.27,12,50.0,20.9,20:52,Cloudy,0,44
2026-08-24 21:02:20,Junction C,44,0.22,18,31.6,28.1,21:02,Sunny,0,45
2026-08-24 21:12:20,Junction A,49,0.245,15,30.6,24.4,21:12,Sunny,0,41
2026-08-24 21:22:20,Junction E,5,0.025,1,38.3,5.0,21:22,Sunny,0,27
2026-08-24 21:32:20,Junction E,31,0.155,9,32.9,17.6,21:32,Sunny,0,37
2026-08-24 21:42:20,Junction D,54,0.27,24,30.0,41.3,21:42,Cloudy,0,47
2026-08-24 21:52:20,Junction E,20,0.1,6,36.0,12.4,21:52,Cloudy,0,34
2026-08-24 22:02:20,Junction D,42,0.21,14,32.5,25.9,22:02,Cloudy,0,44
2026-08-24 22:12:20,Junction F,79,0.395,37,39.3,60.9,22:12,Rainy,0,60
2026-08-24 22:22:20,Junction A,74,0.37,31,24.3,49.5,22:22,Sunny,0,54
2026-08-24 22:32:20,Junction E,33,0.165,10,31.4,19.7,22:32,Sunny,0,39
2026-08-24 22:42:20,Junction C,26,0.13,5,33.9,8.1,22:42,Sunny,0,34
2026-08-24 22:52:20,Junction E,31,0.155,8,33.8,15.6,22:52,Sunny,0,38
2026-08-24 23:02:20,Junction B,26,0.13,5,34.7,10.4,23:02,Sunny,0,35
2026-08-24 23:12:20,Junction F,39,0.195,15,43.9,26.4,23:12,Rainy,0,39
2026-08-24 23:22:20,Junction A,70,0.35,37,23.8,63.1,23:22,Rainy,0,61
2026-08-24 23:32:20,Junction F,70,0.35,23,47.2,42.5,23:32,Sunny,0,54
2026-08-24 23:42:20,Junction F,72,0.36,19,44.7,32.6,23:42,Sunny,0,50
2026-08-24 23:52:20,Junction A,55,0.275,15,29.5,28.9,23:52,Sunny,0,47
2026-08-25 00:02:20,Junction E,22,0.11,5,29.1,6.9,00:02,Foggy,0,32
2026-08-25 00:12:20,Junction A,71,0.355,22,27.6,36.5,00:12,Sunny,0,53
2026-08-25 00:22:20,Junction F,58,0.29,20,50.4,37.0,00:22,Cloudy,0,50
2026-08-25 00:32:20,Junction D,36,0.18,10,26.4,17.3,00:32,Rainy,0,37
2026-08-25 00:42:20,Junction F,46,0.23,14,48.5,26.5,00:42,Cloudy,0,44
2026-08-25 00:52:20,Junction E,39,0.195,16,31.8,27.7,00:52,Cloudy,0,39
2026-08-25 01:02:20,Junction F,49,0.245,13,49.2,23.1,01:02,Sunny,0,42
2026-08-25 01:12:20,Junction A,59,0.295,18,26.0,31.7,01:12,Rainy,0,49
2026-08-25 01:22:20,Junction A,59,0.295,23,29.7,40.2,01:22,Sunny,0,47
2026-08-25 01:32:20,Junction C,22,0.11,9,29.4,17.3,01:32,Rainy,0,37
2026-08-25 01:42:20,Junction B,10,0.05,2,32.2,5.0,01:42,Foggy,0,27
2026-08-25 01:52:20,Junction B,21,0.105,7,36.8,9.2,01:52,Sunny,0,31
2026-08-25 02:02:20,Junction B,35,0.175,13,34.4,23.3,02:02,Sunny,0,41
2026-08-25 02:12:20,Junction F,80,0.4,27,44.5,47.0,02:12,Cloudy,0,56
2026-08-25 02:22:20,Junction B,9,0.045,3,35.2,5.1,02:22,Sunny,0,31
2026-08-25 02:32:20,Junction C,62,0.31,21,27.3,33.6,02:32,Sunny,0,47
2026-08-25 02:42:20,Junction B,35,0.175,11,30.5,16.4,02:42,Sunny,0,37
2026-08-25 02:52:20,Junction A,80,0.4,21,26.5,36.2,02:52,Sunny,0,52
2026-08-25 03:02:20,Junction A,81,0.405,33,25.9,54.9,03:02,Sunny,0,58
2026-08-25 03:12:20,Junction F,36,0.18,19,44.7,33.4,03:12,Rainy,0,45
2026-08-25 03:22:20,Junction A,67,0.335,22,27.4,37.7,03:22,Sunny,0,53
2026-08-25 03:32:20,Junction F,16,0.08,4,53.1,5.0,03:32,Sunny,0,32
2026-08-25 03:42:20,Junction D,65,0.325,19,25.9,36.2,03:42,Cloudy,0,52
2026-08-25 03:52:20,Junction B,47,0.235,9,29.8,18.9,03:52,Sunny,0,41
2026-08-25 04:02:20,Junction E,32,0.16,12,28.0,23.2,04:02,Rainy,0,39
2026-08-25 04:12:20,Junction F,73,0.365,30,47.4,53.2,04:12,Sunny,0,57
2026-08-25 04:22:20,Junction C,42,0.21,17,31.1,31.5,04:22,Sunny,0,45
2026-08-25 04:32:20,Junction A,105,0.525,40,17.3,66.3,04:32,Rainy,0,71
2026-08-25 04:42:20,Junction D,28,0.14,11,34.2,21.3,04:42,Sunny,0,36
2026-08-25 04:52:20,Junction B,26,0.13,10,31.7,19.0,04:52,Cloudy,0,34
2026-08-25 05:02:20,Junction E,29,0.145,9,31.8,17.5,05:02,Sunny,0,34
2026-08-25 05:12:20,Junction C,32,0.16,12,27.5,22.0,05:12,Rainy,0,37
2026-08-25 05:22:20,Junction F,40,0.2,9,51.9,18.6,05:22,Sunny,0,41
2026-08-25 05:32:20,Junction A,59,0.295,18,26.2,33.0,05:32,Sunny,0,45
2026-08-25 05:42:20,Junction C,52,0.26,26,24.6,43.9,05:42,Rainy,0,52
2026-08-25 05:52:20,Junction E,52,0.26,17,28.6,26.4,05:52,Sunny,0,42
2026-08-25 06:02:20,Junction A,68,0.34,21,29.3,39.6,06:02,Sunny,0,49
2026-08-25 06:12:20,Junction D,48,0.24,10,28.6,19.1,06:12,Cloudy,0,43
2026-08-25 06:22:20,Junction C,41,0.205,9,32.8,15.6,06:22,Sunny,0,35
2026-08-25 06:32:20,Junction E,48,0.24,21,27.9,35.8,06:32,Sunny,0,49
2026-08-25 06:42:20,Junction E,55,0.275,13,28.8,23.2,06:42,Sunny,0,44
2026-08-25 06:52:20,Junction B,39,0.195,12,27.0,20.9,06:52,Foggy,0,40
2026-08-25 07:02:20,Junction D,47,0.235,15,28.4,24.8,07:02,Sunny,0,45
2026-08-25 07:12:20,Junction E,35,0.175,14,27.3,26.2,07:12,Rainy,0,39
2026-08-25 07:22:20,Junction E,24,0.12,5,33.4,6.5,07:22,Sunny,0,32
2026-08-25 07:32:20,Junction B,5,0.025,1,35.7,5.0,07:32,Cloudy,0,27
2026-08-25 07:42:20,Junction F,76,0.38,21,44.3,38.7,07:42,Cloudy,0,51
2026-08-25 07:52:20,Junction A,78,0.39,20,23.9,33.4,07:52,Sunny,0,51
2026-08-25 08:02:20,Junction A,124,0.62,38,21.0,64.0,08:02,Sunny,1,84
2026-08-25 08:12:20,Junction E,72,0.36,21,25.6,38.8,08:12,Sunny,1,62
2026-08-25 08:22:20,Junction A,95,0.475,27,21.7,47.0,08:22,Sunny,1,69
2026-08-25 08:32:20,Junction C,88,0.44,36,26.4,59.9,08:32,Cloudy,1,75
2026-08-25 08:42:20,Junction F,99,0.495,21,41.6,41.3,08:42,Sunny,1,66
2026-08-25 08:52:20,Junction D,96,0.48,32,20.6,56.8,08:52,Rainy,1,75
2026-08-25 09:02:20,Junction D,93,0.465,41,23.6,70.4,09:02,Cloudy,1,75
2026-08-25 09:12:20,Junction D,88,0.44,31,25.9,55.9,09:12,Sunny,1,68
2026-08-25 09:22:20,Junction A,135,0.675,53,16.9,86.7,09:22,Cloudy,1,90
2026-08-25 09:32:20,Junction F,130,0.65,43,34.4,76.2,09:32,Rainy,1,86
2026-08-25 09:42:20,Junction C,87,0.435,32,23.5,54.1,09:42,Sunny,1,70
2026-08-25 09:52:20,Junction D,53,0.265,10,31.7,20.8,09:52,Sunny,1,53
2026-08-25 10:02:20,Junction E,55,0.275,20,26.8,36.9,10:02,Rainy,1,57
2026-08-25 10:12:20,Junction C,64,0.32,21,27.8,38.5,10:12,Cloudy,1,57
2026-08-25 10:22:20,Junction A,109,0.545,26,21.3,49.4,10:22,Sunny,1,73
2026-08-25 10:32:20,Junction E,86,0.43,40,22.9,64.0,10:32,Rainy,1,72
2026-08-25 10:42:20,Junction A,84,0.42,30,25.6,49.0,10:42,Cloudy,1,67
2026-08-25 10:52:20,Junction B,68,0.34,18,25.7,30.3,10:52,Sunny,1,58
2026-08-25 11:02:20,Junction D,43,0.215,14,30.0,25.3,11:02,Sunny,0,41
2026-08-25 11:12:20,Junction C,42,0.21,12,26.3,21.5,11:12,Rainy,0,43
2026-08-25 11:22:20,Junction B,15,0.075,4,36.8,5.0,11:22,Cloudy,0,27
2026-08-25 11:32:20,Junction D,57,0.285,25,30.3,39.4,11:32,Sunny,0,52
2026-08-25 11:42:20,Junction D,34,0.17,11,30.5,17.7,11:42,Sunny,0,39
2026-08-25 11:52:20,Junction F,92,0.46,22,45.6,41.8,11:52,Cloudy,0,57
2026-08-25 12:02:20,Junction B,18,0.09,4,35.7,7.1,12:02,Sunny,0,30
2026-08-25 12:12:20,Junction B,6,0.03,1,35.8,5.0,12:12,Cloudy,0,25
2026-08-25 12:22:20,Junction A,56,0.28,21,31.3,38.0,12:22,Cloudy,0,46
2026-08-25 12:32:20,Junction E,54,0.27,15,25.0,25.4,12:32,Rainy,0,42
2026-08-25 12:42:20,Junction F,25,0.125,8,55.1,14.3,12:42,Sunny,0,35
2026-08-25 12:52:20,Junction E,35,0.175,14,33.5,26.1,12:52,Cloudy,0,42
2026-08-25 13:02:20,Junction E,44,0.22,15,26.5,27.6,13:02,Rainy,0,44
2026-08-25 13:12:20,Junction B,47,0.235,18,31.6,28.5,13:12,Cloudy,0,42
2026-08-25 13:22:20,Junction D,45,0.225,11,27.4,19.6,13:22,Foggy,0,38
2026-08-25 13:32:20,Junction B,14,0.07,3,35.3,5.0,13:32,Sunny,0,31
2026-08-25 13:42:20,Junction A,68,0.34,27,25.6,46.0,13:42,Sunny,0,54
2026-08-25 13:52:20,Junction C,45,0.225,21,25.4,32.7,13:52,Rainy,0,43
2026-08-25 14:02:20,Junction F,76,0.38,33,46.7,55.5,14:02,Cloudy,0,57
2026-08-25 14:12:20,Junction C,25,0.125,8,33.1,16.5,14:12,Cloudy,0,33
2026-08-25 14:22:20,Junction D,31,0.155,9,27.0,17.1,14:22,Rainy,0,37
2026-08-25 14:32:20,Junction A,75,0.375,33,23.9,56.2,14:32,Sunny,0,59
2026-08-25 14:42:20,Junction A,52,0.26,19,23.6,29.8,14:42,Rainy,0,48
2026-08-25 14:52:20,Junction C,49,0.245,10,29.7,20.3,14:52,Sunny,0,40
2026-08-25 15:02:20,Junction D,40,0.2,8,32.6,13.0,15:02,Sunny,0,37
2026-08-25 15:12:20,Junction D,33,0.165,9,30.1,17.0,15:12,Sunny,0,39
2026-08-25 15:22:20,Junction E,40,0.2,10,27.9,18.0,15:22,Rainy,0,37
2026-08-25 15:32:20,Junction E,59,0.295,21,30.4,36.1,15:32,Cloudy,0,49
2026-08-25 15:42:20,Junction E,48,0.24,14,31.2,25.0,15:42,Sunny,0,44
2026-08-25 15:52:20,Junction E,7,0.035,3,35.7,5.0,15:52,Sunny,0,26
2026-08-25 16:02:20,Junction D,42,0.21,14,31.9,24.9,16:02,Cloudy,0,39
2026-08-25 16:12:20,Junction A,40,0.2,16,30.8,24.4,16:12,Sunny,0,40
2026-08-25 16:22:20,Junction D,34,0.17,9,30.7,13.4,16:22,Cloudy,0,36
2026-08-25 16:32:20,Junction A,74,0.37,26,25.7,43.6,16:32,Cloudy,0,53
2026-08-25 16:42:20,Junction F,44,0.22,12,43.9,20.3,16:42,Rainy,0,38
2026-08-25 16:52:20,Junction C,21,0.105,4,35.6,9.5,16:52,Sunny,0,33
2026-08-25 17:02:20,Junction E,57,0.285,13,28.3,22.2,17:02,Sunny,1,52
2026-08-25 17:12:20,Junction D,122,0.61,37,19.5,65.4,17:12,Sunny,1,82
2026-08-25 17:22:20,Junction B,60,0.3,20,27.0,32.3,17:22,Cloudy,1,61
2026-08-25 17:32:20,Junction A,94,0.47,32,22.7,55.5,17:32,Cloudy,1,70
2026-08-25 17:42:20,Junction A,149,0.745,59,13.2,97.7,17:42,Sunny,1,90
2026-08-25 17:52:20,Junction D,79,0.395,30,24.7,51.8,17:52,Cloudy,1,68
2026-08-25 18:02:20,Junction A,86,0.43,30,24.8,48.7,18:02,Sunny,1,70
2026-08-25 18:12:20,Junction C,79,0.395,20,26.6,37.6,18:12,Cloudy,1,59
2026-08-25 18:22:20,Junction C,128,0.64,39,13.5,67.1,18:22,Rainy,1,83
2026-08-25 18:32:20,Junction B,94,0.47,28,21.3,49.3,18:32,Sunny,1,71
2026-08-25 18:42:20,Junction D,91,0.455,26,21.6,44.5,18:42,Cloudy,1,66
2026-08-25 18:52:20,Junction C,84,0.42,29,25.7,47.6,18:52,Sunny,1,70
2026-08-25 19:02:20,Junction D,100,0.5,25,22.4,43.8,19:02,Cloudy,1,67
2026-08-25 19:12:20,Junction F,79,0.395,27,45.3,45.6,19:12,Sunny,1,65
2026-08-25 19:22:20,Junction D,87,0.435,23,22.9,40.8,19:22,Sunny,1,64
2026-08-25 19:32:20,Junction B,39,0.195,9,30.2,16.0,19:32,Sunny,1,49
2026-08-25 19:42:20,Junction B,86,0.43,26,23.0,47.7,19:42,Foggy,1,68
2026-08-25 19:52:20,Junction D,144,0.72,50,15.6,86.2,19:52,Rainy,1,90
2026-08-25 20:02:20,Junction A,39,0.195,8,33.6,15.3,20:02,Sunny,0,35
2026-08-25 20:12:20,Junction D,55,0.275,14,25.8,26.0,20:12,Rainy,0,42
2026-08-25 20:22:20,Junction F,69,0.345,14,47.1,27.2,20:22,Cloudy,0,46
2026-08-25 20:32:20,Junction D,42,0.21,14,31.5,26.1,20:32,Sunny,0,40
2026-08-25 20:42:20,Junction D,27,0.135,9,27.3,14.3,20:42,Rainy,0,35
2026-08-25 20:52:20,Junction A,71,0.355,14,25.4,26.3,20:52,Sunny,0,48
2026-08-25 21:02:20,Junction D,42,0.21,10,33.0,16.3,21:02,Sunny,0,37
2026-08-25 21:12:20,Junction E,21,0.105,6,32.0,9.0,21:12,Sunny,0,33
2026-08-25 21:22:20,Junction C,48,0.24,15,27.9,28.6,21:22,Sunny,0,43
2026-08-25 21:32:20,Junction B,45,0.225,19,25.5,34.2,21:32,Rainy,0,42
2026-08-25 21:42:20,Junction C,40,0.2,14,29.2,22.2,21:42,Sunny,0,43
2026-08-25 21:52:20,Junction D,46,0.23,14,27.9,23.6,21:52,Rainy,0,41
2026-08-25 22:02:20,Junction C,48,0.24,13,27.9,22.0,22:02,Sunny,0,39
2026-08-25 22:12:20,Junction F,51,0.255,21,50.6,35.0,22:12,Cloudy,0,45
2026-08-25 22:22:20,Junction D,48,0.24,12,28.0,20.3,22:22,Sunny,0,40
2026-08-25 22:32:20,Junction F,85,0.425,40,38.2,64.7,22:32,Rainy,0,63
2026-08-25 22:42:20,Junction D,20,0.1,8,34.5,16.4,22:42,Sunny,0,33
2026-08-25 22:52:20,Junction A,61,0.305,21,25.4,36.0,22:52,Foggy,0,49
2026-08-25 23:02:20,Junction A,53,0.265,18,28.9,32.0,23:02,Sunny,0,45
2026-08-25 23:12:20,Junction F,55,0.275,21,49.7,35.0,23:12,Cloudy,0,46
2026-08-25 23:22:20,Junction F,35,0.175,10,46.0,19.0,23:22,Rainy,0,36
2026-08-25 23:32:20,Junction F,78,0.39,20,46.0,34.2,23:32,Cloudy,0,55
2026-08-25 23:42:20,Junction B,47,0.235,17,32.9,27.8,23:42,Sunny,0,45
2026-08-25 23:52:20,Junction B,34,0.17,12,31.2,20.9,23:52,Sunny,0,38
2026-08-26 00:02:20,Junction C,40,0.2,17,30.1,30.0,00:02,Sunny,0,43
2026-08-26 00:12:20,Junction F,48,0.24,10,50.0,17.9,00:12,Sunny,0,43
2026-08-26 00:22:20,Junction B,26,0.13,8,33.2,12.4,00:22,Sunny,0,33
2026-08-26 00:32:20,Junction F,50,0.25,13,49.2,25.2,00:32,Sunny,0,42
2026-08-26 00:42:20,Junction B,15,0.075,4,34.1,5.0,00:42,Sunny,0,32
2026-08-26 00:52:20,Junction B,7,0.035,2,29.4,5.0,00:52,Rainy,0,29
2026-08-26 01:02:20,Junction F,45,0.225,10,51.8,17.0,01:02,Sunny,0,42
2026-08-26 01:12:20,Junction F,66,0.33,27,49.7,48.4,01:12,Sunny,0,53
2026-08-26 01:22:20,Junction B,29,0.145,10,32.3,15.4,01:22,Cloudy,0,38
2026-08-26 01:32:20,Junction C,49,0.245,11,29.2,19.0,01:32,Sunny,0,42
2026-08-26 01:42:20,Junction D,37,0.185,9,29.5,13.7,01:42,Sunny,0,37
2026-08-26 01:52:20,Junction D,50,0.25,18,24.8,32.9,01:52,Rainy,0,47
2026-08-26 02:02:20,Junction C,63,0.315,25,22.0,44.3,02:02,Rainy,0,54
2026-08-26 02:12:20,Junction D,46,0.23,15,29.9,25.2,02:12,Sunny,0,42
2026-08-26 02:22:20,Junction F,51,0.255,22,50.8,37.8,02:22,Sunny,0,48
2026-08-26 02:32:20,Junction A,24,0.12,8,32.0,13.1,02:32,Cloudy,0,33
2026-08-26 02:42:20,Junction E,33,0.165,8,32.5,14.1,02:42,Cloudy,0,36
2026-08-26 02:52:20,Junction B,31,0.155,6,34.1,8.7,02:52,Sunny,0,34
2026-08-26 03:02:20,Junction F,37,0.185,12,53.2,19.5,03:02,Sunny,0,39
2026-08-26 03:12:20,Junction C,20,0.1,5,33.4,9.5,03:12,Cloudy,0,34
2026-08-26 03:22:20,Junction B,27,0.135,11,33.1,16.8,03:22,Sunny,0,36
2026-08-26 03:32:20,Junction B,48,0.24,18,31.7,30.7,03:32,Sunny,0,44
2026-08-26 03:42:20,Junction D,26,0.13,6,34.7,9.0,03:42,Sunny,0,32
2026-08-26 03:52:20,Junction A,76,0.38,21,27.8,34.8,03:52,Sunny,0,50
2026-08-26 04:02:20,Junction C,66,0.33,15,22.1,28.6,04:02,Rainy,0,49
2026-08-26 04:12:20,Junction F,70,0.35,21,47.4,34.0,04:12,Sunny,0,49
2026-08-26 04:22:20,Junction F,36,0.18,13,49.9,19.8,04:22,Sunny,0,39
2026-08-26 04:32:20,Junction F,62,0.31,15,46.6,27.3,04:32,Sunny,0,46
2026-08-26 04:42:20,Junction E,42,0.21,14,31.3,25.9,04:42,Sunny,0,42
2026-08-26 04:52:20,Junction B,20,0.1,8,35.4,11.6,04:52,Sunny,0,30
2026-08-26 05:02:20,Junction D,21,0.105,8,35.7,13.8,05:02,Sunny,0,30
2026-08-26 05:12:20,Junction F,36,0.18,15,51.1,23.1,05:12,Cloudy,0,40
2026-08-26 05:22:20,Junction D,32,0.16,9,32.2,13.6,05:22,Sunny,0,34
2026-08-26 05:32:20,Junction C,29,0.145,7,28.5,14.6,05:32,Rainy,0,36
2026-08-26 05:42:20,Junction A,73,0.365,24,25.4,40.6,05:42,Cloudy,0,53
2026-08-26 05:52:20,Junction F,74,0.37,15,37.9,29.8,05:52,Foggy,0,46
2026-08-26 06:02:20,Junction E,14,0.07,4,29.3,9.1,06:02,Rainy,0,28
2026-08-26 06:12:20,Junction F,58,0.29,13,50.4,26.5,06:12,Cloudy,0,42
2026-08-26 06:22:20,Junction A,65,0.325,15,29.6,29.1,06:22,Sunny,0,45
2026-08-26 06:32:20,Junction A,42,0.21,10,32.6,15.9,06:32,Sunny,0,37
2026-08-26 06:42:20,Junction D,67,0.335,21,28.7,37.9,06:42,Sunny,0,51
2026-08-26 06:52:20,Junction A,41,0.205,17,32.3,27.1,06:52,Sunny,0,40
2026-08-26 07:02:20,Junction A,43,0.215,11,27.0,21.7,07:02,Foggy,0,40
2026-08-26 07:12:20,Junction A,66,0.33,23,29.0,37.4,07:12,Sunny,0,53
2026-08-26 07:22:20,Junction A,62,0.31,24,23.7,37.8,07:22,Rainy,0,52
2026-08-26 07:32:20,Junction D,15,0.075,5,36.6,9.4,07:32,Cloudy,0,29
2026-08-26 07:42:20,Junction E,19,0.095,5,34.7,11.0,07:42,Sunny,0,34
2026-08-26 07:52:20,Junction C,50,0.25,21,30.8,33.3,07:52,Sunny,0,48
2026-08-26 08:02:20,Junction C,121,0.605,40,17.0,67.8,08:02,Foggy,1,83
2026-08-26 08:12:20,Junction C,112,0.56,40,19.2,69.3,08:12,Sunny,1,80
2026-08-26 08:22:20,Junction A,110,0.55,46,20.6,74.6,08:22,Sunny,1,81
2026-08-26 08:32:20,Junction E,53,0.265,22,31.8,39.1,08:32,Sunny,1,54
2026-08-26 08:42:20,Junction A,89,0.445,33,24.6,56.4,08:42,Sunny,1,68
2026-08-26 08:52:20,Junction E,46,0.23,17,28.2,29.2,08:52,Cloudy,1,56
2026-08-26 09:02:20,Junction C,103,0.515,38,22.1,63.5,09:02,Sunny,1,75
2026-08-26 09:12:20,Junction C,130,0.65,44,16.3,76.9,09:12,Rainy,1,86
2026-08-26 09:22:20,Junction A,146,0.73,35,16.0,63.1,09:22,Sunny,1,85
2026-08-26 09:32:20,Junction E,58,0.29,22,24.6,35.3,09:32,Rainy,1,60
2026-08-26 09:42:20,Junction B,52,0.26,15,27.9,27.6,09:42,Sunny,1,53
2026-08-26 09:52:20,Junction D,78,0.39,18,27.7,34.8,09:52,Sunny,1,62
2026-08-26 10:02:20,Junction C,55,0.275,18,23.3,31.2,10:02,Foggy,1,58
2026-08-26 10:12:20,Junction C,73,0.365,31,25.4,49.4,10:12,Sunny,1,68
2026-08-26 10:22:20,Junction A,135,0.675,49,19.0,85.1,10:22,Sunny,1,87
2026-08-26 10:32:20,Junction F,135,0.675,40,35.1,69.6,10:32,Sunny,1,86
2026-08-26 10:42:20,Junction B,81,0.405,33,22.4,54.3,10:42,Foggy,1,70
2026-08-26 10:52:20,Junction C,129,0.645,42,15.9,74.3,10:52,Sunny,1,84
2026-08-26 11:02:20,Junction D,25,0.125,5,34.5,12.0,11:02,Sunny,0,33
2026-08-26 11:12:20,Junction A,50,0.25,11,31.3,22.1,11:12,Sunny,0,41
2026-08-26 11:22:20,Junction D,28,0.14,10,30.3,18.5,11:22,Rainy,0,33
2026-08-26 11:32:20,Junction E,27,0.135,9,34.7,17.6,11:32,Sunny,0,33
2026-08-26 11:42:20,Junction D,55,0.275,23,26.9,38.6,11:42,Sunny,0,49
2026-08-26 11:52:20,Junction E,5,0.025,1,35.8,5.0,11:52,Sunny,0,23
2026-08-26 12:02:20,Junction C,32,0.16,12,28.4,21.7,12:02,Foggy,0,35
2026-08-26 12:12:20,Junction A,58,0.29,25,29.9,39.5,12:12,Cloudy,0,49
2026-08-26 12:22:20,Junction E,61,0.305,30,22.6,50.4,12:22,Rainy,0,54
2026-08-26 12:32:20,Junction E,43,0.215,15,31.6,27.5,12:32,Sunny,0,41
2026-08-26 12:42:20,Junction D,57,0.285,11,27.5,19.4,12:42,Sunny,0,43
2026-08-26 12:52:20,Junction D,43,0.215,15,25.4,24.1,12:52,Rainy,0,43
2026-08-26 13:02:20,Junction A,66,0.33,32,21.6,53.9,13:02,Rainy,0,53
2026-08-26 13:12:20,Junction A,88,0.44,39,24.8,62.5,13:12,Sunny,0,66
2026-08-26 13:22:20,Junction A,49,0.245,19,30.6,34.6,13:22,Sunny,0,46
2026-08-26 13:32:20,Junction F,103,0.515,32,35.6,54.3,13:32,Rainy,0,64
2026-08-26 13:42:20,Junction F,43,0.215,15,49.1,25.9,13:42,Sunny,0,41
2026-08-26 13:52:20,Junction D,54,0.27,18,31.1,33.5,13:52,Sunny,0,45
2026-08-26 14:02:20,Junction C,42,0.21,13,31.8,20.1,14:02,Sunny,0,41
2026-08-26 14:12:20,Junction B,18,0.09,7,36.0,14.0,14:12,Sunny,0,32
2026-08-26 14:22:20,Junction F,82,0.41,30,45.3,51.8,14:22,Sunny,0,59
2026-08-26 14:32:20,Junction A,61,0.305,14,29.1,28.0,14:32,Sunny,0,42
2026-08-26 14:42:20,Junction A,80,0.4,17,27.6,32.2,14:42,Sunny,0,53
2026-08-26 14:52:20,Junction C,43,0.215,17,24.8,29.2,14:52,Foggy,0,44
2026-08-26 15:02:20,Junction B,35,0.175,7,32.4,12.9,15:02,Sunny,0,35
2026-08-26 15:12:20,Junction C,71,0.355,23,26.4,39.2,15:12,Sunny,0,52
2026-08-26 15:22:20,Junction C,63,0.315,32,24.4,50.3,15:22,Rainy,0,53
2026-08-26 15:32:20,Junction C,48,0.24,17,31.6,28.2,15:32,Sunny,0,44
2026-08-26 15:42:20,Junction A,62,0.31,19,29.6,34.2,15:42,Sunny,0,48
2026-08-26 15:52:20,Junction F,40,0.2,9,49.5,17.0,15:52,Sunny,0,37
2026-08-26 16:02:20,Junction F,81,0.405,31,47.8,55.3,16:02,Sunny,0,58
2026-08-26 16:12:20,Junction E,30,0.15,7,32.8,13.8,16:12,Sunny,0,32
2026-08-26 16:22:20,Junction B,36,0.18,9,31.5,14.4,16:22,Cloudy,0,36
2026-08-26 16:32:20,Junction E,50,0.25,21,28.0,35.9,16:32,Sunny,0,46
2026-08-26 16:42:20,Junction B,39,0.195,11,26.8,20.6,16:42,Foggy,0,37
2026-08-26 16:52:20,Junction D,57,0.285,22,25.7,38.5,16:52,Rainy,0,48
2026-08-26 17:02:20,Junction D,71,0.355,16,24.9,26.8,17:02,Sunny,1,60
2026-08-26 17:12:20,Junction C,76,0.38,18,26.7,34.2,17:12,Sunny,1,63
2026-08-26 17:22:20,Junction C,66,0.33,29,29.7,46.3,17:22,Sunny,1,63
2026-08-26 17:32:20,Junction A,154,0.77,60,13.0,104.2,17:32,Rainy,1,90
2026-08-26 17:42:20,Junction D,84,0.42,24,23.4,44.0,17:42,Sunny,1,67
2026-08-26 17:52:20,Junction F,121,0.605,45,32.2,73.8,17:52,Rainy,1,85
2026-08-26 18:02:20,Junction C,80,0.4,18,26.5,32.1,18:02,Cloudy,1,63
2026-08-26 18:12:20,Junction D,49,0.245,16,30.5,25.8,18:12,Sunny,1,52
2026-08-26 18:22:20,Junction B,65,0.325,28,27.4,49.4,18:22,Sunny,1,61
2026-08-26 18:32:20,Junction C,95,0.475,34,21.4,57.0,18:32,Cloudy,1,72
2026-08-26 18:42:20,Junction D,111,0.555,32,21.7,53.8,18:42,Cloudy,1,78
2026-08-26 18:52:20,Junction E,50,0.25,19,25.5,32.9,18:52,Foggy,1,58
2026-08-26 19:02:20,Junction C,112,0.56,42,16.3,72.2,19:02,Foggy,1,81
2026-08-26 19:12:20,Junction E,44,0.22,13,32.7,21.5,19:12,Sunny,1,49
2026-08-26 19:22:20,Junction F,169,0.845,84,26.0,135.7,19:22,Rainy,1,90
2026-08-26 19:32:20,Junction F,165,0.825,49,26.6,87.4,19:32,Rainy,1,90
2026-08-26 19:42:20,Junction C,108,0.54,38,22.3,65.8,19:42,Sunny,1,79
2026-08-26 19:52:20,Junction B,45,0.225,12,30.4,21.1,19:52,Sunny,1,54
2026-08-26 20:02:20,Junction D,28,0.14,8,34.3,12.6,20:02,Sunny,0,36
2026-08-26 20:12:20,Junction A,27,0.135,13,29.2,22.2,20:12,Rainy,0,34
2026-08-26 20:22:20,Junction E,23,0.115,10,27.2,14.8,20:22,Rainy,0,37
2026-08-26 20:32:20,Junction A,78,0.39,21,26.0,40.1,20:32,Sunny,0,52
2026-08-26 20:42:20,Junction C,62,0.31,24,25.9,41.6,20:42,Sunny,0,48
2026-08-26 20:52:20,Junction E,34,0.17,10,26.0,16.9,20:52,Rainy,0,36
2026-08-26 21:02:20,Junction F,41,0.205,14,50.0,22.5,21:02,Sunny,0,41
2026-08-26 21:12:20,Junction B,8,0.04,3,32.0,5.0,21:12,Foggy,0,30
2026-08-26 21:22:20,Junction A,83,0.415,39,22.2,67.0,21:22,Rainy,0,64
2026-08-26 21:32:20,Junction A,66,0.33,24,30.0,38.0,21:32,Sunny,0,50
2026-08-26 21:42:20,Junction B,40,0.2,10,31.5,20.3,21:42,Cloudy,0,38
2026-08-26 21:52:20,Junction F,26,0.13,5,56.0,7.2,21:52,Sunny,0,32
2026-08-26 22:02:20,Junction E,24,0.12,10,35.6,18.9,22:02,Sunny,0,33
2026-08-26 22:12:20,Junction B,28,0.14,10,35.2,18.0,22:12,Sunny,0,37
2026-08-26 22:22:20,Junction A,55,0.275,20,31.7,35.0,22:22,Sunny,0,46
2026-08-26 22:32:20,Junction E,25,0.125,7,32.1,14.6,22:32,Sunny,0,35
2026-08-26 22:42:20,Junction D,40,0.2,12,33.7,22.0,22:42,Cloudy,0,39
2026-08-26 22:52:20,Junction C,48,0.24,15,28.6,24.7,22:52,Sunny,0,42
2026-08-26 23:02:20,Junction E,30,0.15,12,33.1,17.3,23:02,Sunny,0,35
2026-08-26 23:12:20,Junction F,35,0.175,12,53.4,22.9,23:12,Sunny,0,37
2026-08-26 23:22:20,Junction F,45,0.225,12,49.2,21.9,23:22,Sunny,0,41
2026-08-26 23:32:20,Junction F,24,0.12,10,54.2,18.9,23:32,Cloudy,0,37
2026-08-26 23:42:20,Junction D,60,0.3,25,28.3,41.4,23:42,Sunny,0,48
2026-08-26 23:52:20,Junction B,5,0.025,1,30.2,5.0,23:52,Rainy,0,29
2026-08-27 00:02:20,Junction B,38,0.19,13,30.7,19.9,00:02,Sunny,0,41
2026-08-27 00:12:20,Junction A,65,0.325,19,29.5,31.7,00:12,Sunny,0,49
2026-08-27 00:22:20,Junction B,31,0.155,10,33.7,16.9,00:22,Sunny,0,39
2026-08-27 00:32:20,Junction D,56,0.28,20,29.4,36.0,00:32,Sunny,0,49
2026-08-27 00:42:20,Junction E,17,0.085,6,36.5,10.6,00:42,Sunny,0,29
2026-08-27 00:52:20,Junction A,39,0.195,15,26.0,27.2,00:52,Foggy,0,41
2026-08-27 01:02:20,Junction C,44,0.22,18,32.6,31.1,01:02,Cloudy,0,43
2026-08-27 01:12:20,Junction F,37,0.185,8,54.1,17.5,01:12,Sunny,0,37
2026-08-27 01:22:20,Junction E,9,0.045,3,35.3,5.6,01:22,Sunny,0,28
2026-08-27 01:32:20,Junction A,89,0.445,23,26.3,40.0,01:32,Sunny,0,56
2026-08-27 01:42:20,Junction A,56,0.28,16,29.7,25.4,01:42,Cloudy,0,47
2026-08-27 01:52:20,Junction A,64,0.32,26,25.8,46.3,01:52,Cloudy,0,50
2026-08-27 02:02:20,Junction C,21,0.105,7,36.5,13.2,02:02,Sunny,0,35
2026-08-27 02:12:20,Junction C,37,0.185,8,33.1,16.4,02:12,Cloudy,0,38
2026-08-27 02:22:20,Junction D,41,0.205,17,32.5,30.3,02:22,Sunny,0,40
2026-08-27 02:32:20,Junction A,62,0.31,24,27.9,42.4,02:32,Cloudy,0,49
2026-08-27 02:42:20,Junction D,18,0.09,5,33.5,6.8,02:42,Sunny,0,32
2026-08-27 02:52:20,Junction B,23,0.115,7,34.7,13.5,02:52,Sunny,0,35
2026-08-27 03:02:20,Junction B,30,0.15,7,29.9,12.6,03:02,Rainy,0,32
2026-08-27 03:12:20,Junction E,19,0.095,4,33.3,7.1,03:12,Sunny,0,30
2026-08-27 03:22:20,Junction E,28,0.14,11,32.9,21.5,03:22,Cloudy,0,36
2026-08-27 03:32:20,Junction D,19,0.095,4,34.9,7.7,03:32,Sunny,0,33
2026-08-27 03:42:20,Junction A,37,0.185,14,28.4,21.0,03:42,Foggy,0,37
2026-08-27 03:52:20,Junction E,30,0.15,6,33.1,8.4,03:52,Sunny,0,32
2026-08-27 04:02:20,Junction B,34,0.17,8,26.3,12.1,04:02,Foggy,0,37
2026-08-27 04:12:20,Junction E,5,0.025,1,34.4,5.0,04:12,Sunny,0,29
2026-08-27 04:22:20,Junction B,6,0.03,1,34.1,5.0,04:22,Sunny,0,27
2026-08-27 04:32:20,Junction E,43,0.215,10,26.4,18.8,04:32,Rainy,0,40
2026-08-27 04:42:20,Junction E,45,0.225,15,27.8,27.7,04:42,Foggy,0,44
2026-08-27 04:52:20,Junction A,75,0.375,22,28.4,35.9,04:52,Cloudy,0,50
2026-08-27 05:02:20,Junction A,75,0.375,38,21.4,60.8,05:02,Rainy,0,59
2026-08-27 05:12:20,Junction E,55,0.275,20,30.1,34.9,05:12,Sunny,0,47
2026-08-27 05:22:20,Junction B,39,0.195,16,33.4,29.1,05:22,Sunny,0,41
2026-08-27 05:32:20,Junction D,54,0.27,19,31.2,31.3,05:32,Sunny,0,46
2026-08-27 05:42:20,Junction B,35,0.175,13,33.5,21.1,05:42,Cloudy,0,40
2026-08-27 05:52:20,Junction F,71,0.355,28,45.8,45.9,05:52,Sunny,0,57
2026-08-27 06:02:20,Junction B,48,0.24,14,30.6,21.9,06:02,Sunny,0,42
2026-08-27 06:12:20,Junction F,75,0.375,16,46.4,29.3,06:12,Sunny,0,51
2026-08-27 06:22:20,Junction F,24,0.12,5,52.8,8.5,06:22,Sunny,0,34
2026-08-27 06:32:20,Junction D,44,0.22,14,29.6,25.2,06:32,Sunny,0,41
2026-08-27 06:42:20,Junction C,30,0.15,11,31.3,18.7,06:42,Sunny,0,38
2026-08-27 06:52:20,Junction A,59,0.295,20,23.5,37.3,06:52,Rainy,0,49
2026-08-27 07:02:20,Junction F,58,0.29,27,43.6,43.2,07:02,Rainy,0,49
2026-08-27 07:12:20,Junction B,34,0.17,10,31.0,18.9,07:12,Sunny,0,38
2026-08-27 07:22:20,Junction D,18,0.09,7,34.3,11.0,07:22,Sunny,0,33
2026-08-27 07:32:20,Junction A,80,0.4,34,27.1,54.5,07:32,Sunny,0,62
2026-08-27 07:42:20,Junction D,49,0.245,21,29.1,34.2,07:42,Sunny,0,48
2026-08-27 07:52:20,Junction B,31,0.155,7,30.5,10.6,07:52,Sunny,0,36
2026-08-27 08:02:20,Junction D,119,0.595,46,18.1,80.6,08:02,Rainy,1,87
2026-08-27 08:12:20,Junction F,150,0.75,49,29.0,82.0,08:12,Rainy,1,90
2026-08-27 08:22:20,Junction C,103,0.515,25,22.0,46.5,08:22,Sunny,1,69
2026-08-27 08:32:20,Junction E,71,0.355,20,28.3,34.7,08:32,Cloudy,1,58
2026-08-27 08:42:20,Junction A,109,0.545,24,19.8,46.5,08:42,Sunny,1,69
2026-08-27 08:52:20,Junction F,94,0.47,41,41.0,71.3,08:52,Sunny,1,77
2026-08-27 09:02:20,Junction D,84,0.42,33,22.5,57.2,09:02,Sunny,1,70
2026-08-27 09:12:20,Junction E,67,0.335,18,29.9,32.0,09:12,Sunny,1,60
2026-08-27 09:22:20,Junction F,148,0.74,41,35.5,71.2,09:22,Sunny,1,88
2026-08-27 09:32:20,Junction B,59,0.295,12,27.0,22.7,09:32,Sunny,1,54
2026-08-27 09:42:20,Junction D,106,0.53,44,23.2,74.8,09:42,Sunny,1,80
2026-08-27 09:52:20,Junction C,101,0.505,21,22.6,39.7,09:52,Sunny,1,70
2026-08-27 10:02:20,Junction C,92,0.46,33,24.6,56.3,10:02,Sunny,1,74
2026-08-27 10:12:20,Junction E,81,0.405,37,22.9,62.6,10:12,Rainy,1,71
2026-08-27 10:22:20,Junction C,77,0.385,25,28.1,43.8,10:22,Sunny,1,67
2026-08-27 10:32:20,Junction C,108,0.54,44,23.4,75.4,10:32,Cloudy,1,79
2026-08-27 10:42:20,Junction E,82,0.41,19,24.4,36.7,10:42,Sunny,1,60
2026-08-27 10:52:20,Junction E,49,0.245,19,31.6,33.8,10:52,Sunny,1,55
2026-08-27 11:02:20,Junction C,36,0.18,12,30.6,19.6,11:02,Sunny,0,39
2026-08-27 11:12:20,Junction F,43,0.215,15,52.5,23.9,11:12,Cloudy,0,41
2026-08-27 11:22:20,Junction F,65,0.325,23,50.0,37.9,11:22,Sunny,0,50
2026-08-27 11:32:20,Junction C,50,0.25,15,30.5,27.7,11:32,Sunny,0,41
2026-08-27 11:42:20,Junction E,42,0.21,10,32.2,15.9,11:42,Sunny,0,41
2026-08-27 11:52:20,Junction C,24,0.12,5,35.9,6.7,11:52,Sunny,0,33
2026-08-27 12:02:20,Junction A,68,0.34,28,24.6,46.6,12:02,Rainy,0,54
2026-08-27 12:12:20,Junction F,48,0.24,15,51.6,27.6,12:12,Sunny,0,42
2026-08-27 12:22:20,Junction B,53,0.265,22,29.6,36.8,12:22,Sunny,0,45
2026-08-27 12:32:20,Junction C,19,0.095,6,33.2,8.2,12:32,Cloudy,0,30
2026-08-27 12:42:20,Junction E,29,0.145,10,30.8,18.5,12:42,Sunny,0,35
2026-08-27 12:52:20,Junction C,42,0.21,8,29.8,15.8,12:52,Sunny,0,38
2026-08-27 13:02:20,Junction F,48,0.24,24,43.1,40.1,13:02,Rainy,0,49
2026-08-27 13:12:20,Junction A,83,0.415,25,23.7,45.0,13:12,Sunny,0,56
2026-08-27 13:22:20,Junction B,32,0.16,13,33.3,23.5,13:22,Sunny,0,37
2026-08-27 13:32:20,Junction C,43,0.215,18,32.6,33.1,13:32,Sunny,0,46
2026-08-27 13:42:20,Junction A,71,0.355,20,24.6,36.5,13:42,Sunny,0,51
2026-08-27 13:52:20,Junction F,50,0.25,17,49.4,26.3,13:52,Sunny,0,45
2026-08-27 14:02:20,Junction E,22,0.11,5,33.0,7.1,14:02,Sunny,0,30
2026-08-27 14:12:20,Junction A,49,0.245,21,24.6,33.5,14:12,Rainy,0,46
2026-08-27 14:22:20,Junction A,69,0.345,13,27.3,25.6,14:22,Sunny,0,44
2026-08-27 14:32:20,Junction C,61,0.305,19,29.9,33.0,14:32,Cloudy,0,45
2026-08-27 14:42:20,Junction E,19,0.095,5,33.0,8.0,14:42,Sunny,0,32
2026-08-27 14:52:20,Junction B,46,0.23,16,32.4,29.3,14:52,Sunny,0,45
2026-08-27 15:02:20,Junction A,87,0.435,24,24.7,42.6,15:02,Sunny,0,57
2026-08-27 15:12:20,Junction A,56,0.28,17,29.7,30.0,15:12,Cloudy,0,47
2026-08-27 15:22:20,Junction C,47,0.235,11,28.7,20.0,15:22,Sunny,0,42
2026-08-27 15:32:20,Junction E,22,0.11,7,36.6,9.4,15:32,Cloudy,0,32
2026-08-27 15:42:20,Junction B,24,0.12,8,32.7,12.0,15:42,Sunny,0,36
2026-08-27 15:52:20,Junction D,27,0.135,7,32.4,12.1,15:52,Sunny,0,33
2026-08-27 16:02:20,Junction F,87,0.435,18,42.0,30.8,16:02,Sunny,0,55
2026-08-27 16:12:20,Junction F,36,0.18,12,51.9,21.6,16:12,Sunny,0,39
2026-08-27 16:22:20,Junction C,49,0.245,14,28.2,26.0,16:22,Sunny,0,43
2026-08-27 16:32:20,Junction B,37,0.185,9,33.2,17.7,16:32,Sunny,0,40
2026-08-27 16:42:20,Junction E,45,0.225,9,29.2,15.2,16:42,Sunny,0,42
2026-08-27 16:52:20,Junction D,54,0.27,26,26.8,40.8,16:52,Rainy,0,52
2026-08-27 17:02:20,Junction B,83,0.415,17,22.8,31.6,17:02,Cloudy,1,59
2026-08-27 17:12:20,Junction E,68,0.34,15,27.7,26.4,17:12,Sunny,1,59
2026-08-27 17:22:20,Junction F,121,0.605,32,41.3,57.4,17:22,Sunny,1,78
2026-08-27 17:32:20,Junction E,42,0.21,9,33.0,17.2,17:32,Sunny,1,50
2026-08-27 17:42:20,Junction A,121,0.605,52,18.5,89.4,17:42,Cloudy,1,90
2026-08-27 17:52:20,Junction C,81,0.405,20,23.0,33.5,17:52,Cloudy,1,64
2026-08-27 18:02:20,Junction D,76,0.38,18,25.3,29.8,18:02,Sunny,1,61
2026-08-27 18:12:20,Junction D,131,0.655,39,17.1,65.5,18:12,Rainy,1,86
2026-08-27 18:22:20,Junction F,122,0.61,37,41.6,62.2,18:22,Cloudy,1,83
2026-08-27 18:32:20,Junction A,76,0.38,24,25.1,43.7,18:32,Sunny,1,63
2026-08-27 18:42:20,Junction A,110,0.55,36,21.9,63.8,18:42,Sunny,1,76
2026-08-27 18:52:20,Junction C,70,0.35,20,27.1,35.7,18:52,Cloudy,1,61
2026-08-27 19:02:20,Junction F,88,0.44,29,46.1,50.0,19:02,Sunny,1,69
2026-08-27 19:12:20,Junction D,88,0.44,33,20.8,55.4,19:12,Rainy,1,71
2026-08-27 19:22:20,Junction C,99,0.495,40,21.3,69.9,19:22,Rainy,1,74
2026-08-27 19:32:20,Junction A,161,0.805,47,11.9,82.9,19:32,Sunny,1,90
2026-08-27 19:42:20,Junction B,46,0.23,20,27.3,31.1,19:42,Foggy,1,56
2026-08-27 19:52:20,Junction F,89,0.445,18,38.0,32.5,19:52,Foggy,1,67
2026-08-27 20:02:20,Junction B,23,0.115,8,33.5,16.6,20:02,Sunny,0,36
2026-08-27 20:12:20,Junction F,58,0.29,14,42.8,26.2,20:12,Rainy,0,45
2026-08-27 20:22:20,Junction C,64,0.32,24,26.8,42.2,20:22,Sunny,0,51
2026-08-27 20:32:20,Junction C,49,0.245,19,27.8,30.1,20:32,Sunny,0,44
2026-08-27 20:42:20,Junction D,49,0.245,16,29.6,26.9,20:42,Cloudy,0,43
2026-08-27 20:52:20,Junction F,90,0.45,42,36.3,72.4,20:52,Rainy,0,68
2026-08-27 21:02:20,Junction A,91,0.455,40,23.5,65.8,21:02,Cloudy,0,63
2026-08-27 21:12:20,Junction B,38,0.19,16,31.3,26.5,21:12,Cloudy,0,39
2026-08-27 21:22:20,Junction E,46,0.23,13,30.0,20.2,21:22,Sunny,0,41
2026-08-27 21:32:20,Junction C,68,0.34,28,24.7,48.8,21:32,Rainy,0,54
2026-08-27 21:42:20,Junction F,26,0.13,6,55.4,10.8,21:42,Cloudy,0,35
2026-08-27 21:52:20,Junction F,41,0.205,15,43.2,24.3,21:52,Rainy,0,40
2026-08-27 22:02:20,Junction F,66,0.33,16,42.1,30.1,22:02,Rainy,0,49
2026-08-27 22:12:20,Junction D,47,0.235,12,25.8,21.3,22:12,Rainy,0,41
2026-08-27 22:22:20,Junction C,67,0.335,32,22.8,53.6,22:22,Rainy,0,58
2026-08-27 22:32:20,Junction A,47,0.235,16,30.3,28.4,22:32,Sunny,0,43
2026-08-27 22:42:20,Junction D,46,0.23,18,30.4,30.9,22:42,Sunny,0,43
2026-08-27 22:52:20,Junction B,7,0.035,2,37.2,5.0,22:52,Sunny,0,25
2026-08-27 23:02:20,Junction F,59,0.295,12,49.3,20.1,23:02,Sunny,0,42
2026-08-27 23:12:20,Junction D,30,0.15,10,32.3,15.6,23:12,Sunny,0,38
2026-08-27 23:22:20,Junction E,27,0.135,6,33.3,10.1,23:22,Cloudy,0,36
2026-08-27 23:32:20,Junction D,43,0.215,18,29.2,27.9,23:32,Sunny,0,44
2026-08-27 23:42:20,Junction E,13,0.065,2,37.6,5.6,23:42,Sunny,0,25
2026-08-27 23:52:20,Junction C,40,0.2,8,32.8,14.1,23:52,Cloudy,0,38
2026-08-28 00:02:20,Junction F,82,0.41,42,39.3,69.6,00:02,Rainy,0,63
2026-08-28 00:12:20,Junction F,85,0.425,27,45.5,49.1,00:12,Cloudy,0,54
2026-08-28 00:22:20,Junction C,55,0.275,16,27.8,29.6,00:22,Cloudy,0,46
2026-08-28 00:32:20,Junction E,27,0.135,9,32.9,16.5,00:32,Cloudy,0,34
2026-08-28 00:42:20,Junction B,57,0.285,18,31.2,31.8,00:42,Sunny,0,47
2026-08-28 00:52:20,Junction F,61,0.305,14,49.3,28.4,00:52,Sunny,0,47
2026-08-28 01:02:20,Junction E,20,0.1,7,29.9,13.1,01:02,Rainy,0,31
2026-08-28 01:12:20,Junction E,19,0.095,7,31.5,14.0,01:12,Foggy,0,35
2026-08-28 01:22:20,Junction A,55,0.275,22,25.9,36.9,01:22,Rainy,0,47
2026-08-28 01:32:20,Junction B,34,0.17,13,33.1,20.2,01:32,Sunny,0,39
2026-08-28 01:42:20,Junction E,36,0.18,14,25.7,22.2,01:42,Rainy,0,42
2026-08-28 01:52:20,Junction B,38,0.19,9,33.3,15.6,01:52,Sunny,0,39
2026-08-28 02:02:20,Junction E,27,0.135,8,33.9,11.9,02:02,Sunny,0,33
2026-08-28 02:12:20,Junction A,42,0.21,11,30.8,18.8,02:12,Sunny,0,39
2026-08-28 02:22:20,Junction E,25,0.125,5,33.4,9.6,02:22,Sunny,0,33
2026-08-28 02:32:20,Junction F,73,0.365,18,47.7,32.7,02:32,Sunny,0,51
2026-08-28 02:42:20,Junction F,52,0.26,16,47.6,27.4,02:42,Cloudy,0,42
2026-08-28 02:52:20,Junction E,50,0.25,20,30.3,33.1,02:52,Cloudy,0,43
2026-08-28 03:02:20,Junction E,14,0.07,3,35.5,5.0,03:02,Sunny,0,32
2026-08-28 03:12:20,Junction C,48,0.24,25,26.8,40.6,03:12,Rainy,0,48
2026-08-28 03:22:20,Junction C,18,0.09,4,35.0,6.3,03:22,Sunny,0,31
2026-08-28 03:32:20,Junction A,54,0.27,10,29.7,19.7,03:32,Cloudy,0,40
2026-08-28 03:42:20,Junction D,50,0.25,18,27.5,29.8,03:42,Foggy,0,44
2026-08-28 03:52:20,Junction F,64,0.32,19,38.8,32.1,03:52,Foggy,0,51
2026-08-28 04:02:20,Junction B,33,0.165,10,28.5,16.6,04:02,Rainy,0,34
2026-08-28 04:12:20,Junction D,40,0.2,18,27.4,31.5,04:12,Rainy,0,45
2026-08-28 04:22:20,Junction F,43,0.215,12,49.0,19.1,04:22,Cloudy,0,40
2026-08-28 04:32:20,Junction D,63,0.315,24,26.4,42.9,04:32,Sunny,0,52
2026-08-28 04:42:20,Junction A,81,0.405,36,19.7,62.8,04:42,Rainy,0,62
2026-08-28 04:52:20,Junction B,25,0.125,10,33.0,18.9,04:52,Sunny,0,33
2026-08-28 05:02:20,Junction E,46,0.23,11,29.5,19.4,05:02,Sunny,0,41
2026-08-28 05:12:20,Junction C,33,0.165,12,30.3,17.6,05:12,Sunny,0,37
2026-08-28 05:22:20,Junction F,88,0.44,37,38.0,61.4,05:22,Rainy,0,62
2026-08-28 05:32:20,Junction B,10,0.05,4,37.4,7.9,05:32,Sunny,0,26
2026-08-28 05:42:20,Junction B,45,0.225,11,32.1,17.7,05:42,Sunny,0,41
2026-08-28 05:52:20,Junction F,56,0.28,24,49.0,40.6,05:52,Sunny,0,48
2026-08-28 06:02:20,Junction A,60,0.3,18,30.6,29.4,06:02,Sunny,0,46
2026-08-28 06:12:20,Junction B,20,0.1,4,36.3,5.3,06:12,Sunny,0,28
2026-08-28 06:22:20,Junction C,58,0.29,16,26.5,28.9,06:22,Cloudy,0,45
2026-08-28 06:32:20,Junction A,85,0.425,31,26.1,54.9,06:32,Sunny,0,61
2026-08-28 06:42:20,Junction B,14,0.07,3,34.0,5.9,06:42,Sunny,0,27
2026-08-28 06:52:20,Junction A,34,0.17,14,31.7,21.0,06:52,Sunny,0,38
2026-08-28 07:02:20,Junction C,46,0.23,15,32.1,23.6,07:02,Sunny,0,42
2026-08-28 07:12:20,Junction F,53,0.265,19,51.0,35.4,07:12,Sunny,0,49
2026-08-28 07:22:20,Junction B,17,0.085,8,30.6,15.5,07:22,Rainy,0,34
2026-08-28 07:32:20,Junction F,39,0.195,15,51.1,24.5,07:32,Sunny,0,38
2026-08-28 07:42:20,Junction E,31,0.155,11,33.5,17.5,07:42,Sunny,0,39
2026-08-28 07:52:20,Junction C,54,0.27,24,27.0,41.6,07:52,Rainy,0,51
2026-08-28 08:02:20,Junction B,52,0.26,20,28.0,36.2,08:02,Cloudy,1,58
2026-08-28 08:12:20,Junction F,127,0.635,27,36.7,51.2,08:12,Sunny,1,78
2026-08-28 08:22:20,Junction F,120,0.6,52,38.9,89.7,08:22,Sunny,1,85
2026-08-28 08:32:20,Junction A,81,0.405,31,25.2,52.2,08:32,Sunny,1,71
2026-08-28 08:42:20,Junction B,61,0.305,18,27.3,30.7,08:42,Sunny,1,54
2026-08-28 08:52:20,Junction F,92,0.46,36,44.4,63.6,08:52,Cloudy,1,74
2026-08-28 09:02:20,Junction E,38,0.19,14,30.9,24.3,09:02,Sunny,1,49
2026-08-28 09:12:20,Junction C,69,0.345,15,25.3,27.0,09:12,Sunny,1,55
2026-08-28 09:22:20,Junction E,48,0.24,13,31.0,23.6,09:22,Sunny,1,54
2026-08-28 09:32:20,Junction D,121,0.605,39,19.0,68.4,09:32,Cloudy,1,84
2026-08-28 09:42:20,Junction F,125,0.625,41,36.3,72.6,09:42,Sunny,1,84
2026-08-28 09:52:20,Junction C,81,0.405,16,24.1,27.1,09:52,Cloudy,1,62
2026-08-28 10:02:20,Junction D,102,0.51,33,23.8,54.4,10:02,Sunny,1,75
2026-08-28 10:12:20,Junction B,82,0.41,18,19.6,33.5,10:12,Foggy,1,59
2026-08-28 10:22:20,Junction F,135,0.675,45,38.8,79.5,10:22,Sunny,1,89
2026-08-28 10:32:20,Junction D,86,0.43,31,21.1,52.9,10:32,Rainy,1,67
2026-08-28 10:42:20,Junction A,82,0.41,28,24.6,49.9,10:42,Sunny,1,65
2026-08-28 10:52:20,Junction C,73,0.365,27,26.2,43.0,10:52,Sunny,1,67
2026-08-28 11:02:20,Junction E,30,0.15,9,30.7,17.3,11:02,Sunny,0,34
2026-08-28 11:12:20,Junction E,27,0.135,7,31.8,15.0,11:12,Sunny,0,36
